clienteId,nombre,apellido,email,telefono,fechaNacimiento,activo,nivelRiesgo,etiquetasRiesgo,ingresoMensual
CL-0001,Citlali,Villalpando,santiago71@example.com,+29(6)108102695,1989-05-16,true,bajo,alto_volumen,88187.79
CL-0002,Elvia,Toledo,nramos@example.org,1-543-423-1944x,1994-02-10,true,medio,viajero_frecuente|nuevo_usuario|empresa,42470.21
CL-0003,Arturo,Marroquín,uordonez@example.org,1-846-476-3108,1995-06-05,true,medio,viajero_frecuente|alto_volumen|nuevo_usuario,43245.31
CL-0004,Perla,Gamboa,gustavo10@example.org,+19(7)846338180,1954-09-04,true,medio,historial_fraude|viajero_frecuente,20006.48
CL-0005,Victoria,Fernández,almanzaguillermo@example.net,707-974-8930,1985-12-11,true,bajo,viajero_frecuente,31943.66
CL-0006,Abril,Lugo,lsalazar@example.net,1-004-975-1641x,1964-02-28,true,bajo,,71929.27
CL-0007,Rubén,Montez,villanuevaeduardo@example.org,01738285843,1986-10-24,true,medio,cliente_vip,33301.11
CL-0008,Ricardo,Menéndez,barriosgerman@example.com,(607)257-5862x8,1965-07-25,true,bajo,nuevo_usuario,83023.32
CL-0009,Concepción,Becerra,paolaborrego@example.org,1-038-563-4903,1987-03-10,true,medio,viajero_frecuente,40562.43
CL-0010,David,Aguirre,eduardoaguirre@example.net,(451)715-3474x6,1952-01-23,true,bajo,viajero_frecuente,65416.46
CL-0011,Aldo,Vanegas,rodrigo31@example.com,(913)067-6393x0,1991-06-27,true,medio,,70723.59
CL-0012,Citlali,Zapata,hbonilla@example.org,1-420-672-0458x,1963-05-23,true,bajo,cliente_vip|historial_fraude|nuevo_usuario,38056.18
CL-0013,Augusto,Nazario,cervantesmarisol@example.org,(855)093-3804,1951-04-08,true,alto,,44645.56
CL-0014,Dalia,Caldera,pportillo@example.com,578-112-8973x66,1970-02-20,true,alto,empresa|historial_fraude|viajero_frecuente,20673.33
CL-0015,Florencia,Reyes,jaramillomarisol@example.org,04626157137,1984-04-11,true,alto,nuevo_usuario|historial_fraude,85921.1
CL-0016,Juan,Cervantes,marcela67@example.net,615.717.9087,1987-07-13,true,medio,empresa|alto_volumen,79661.43
CL-0017,Marcos,Pacheco,isepulveda@example.org,251.387.1033,1990-06-17,true,bajo,alto_volumen|cliente_vip,38224.5
CL-0018,Gonzalo,Aguirre,miramonteszoe@example.com,797-095-4204,1961-12-13,true,medio,viajero_frecuente|empresa|historial_fraude,97491.12
CL-0019,Rosario,Luevano,juanrosario@example.net,097-792-0991x69,1984-05-28,true,bajo,empresa,74138.2
CL-0020,María Cristina,Galván,pradosara@example.com,(766)466-9497x5,1999-12-21,true,bajo,,34620.53
CL-0021,Olga,Zamora,elisa33@example.net,054-664-8412x47,1954-01-31,false,bajo,cliente_vip|empresa,51445.12
CL-0022,Guillermina,Moya,diego67@example.com,(320)145-6135,2000-03-14,false,bajo,empresa|nuevo_usuario|alto_volumen,19578.48
CL-0023,Sonia,Luna,badillobianca@example.org,1-781-641-7139,1958-01-16,true,bajo,nuevo_usuario|historial_fraude|alto_volumen,53981.53
CL-0024,Federico,Cazares,kbarraza@example.com,484.685.6013,1978-02-08,false,bajo,,14531.41
CL-0025,Úrsula,Toro,velascocatalina@example.com,908.820.2387x42,1988-08-02,true,alto,empresa|nuevo_usuario,87939.77
CL-0026,Paulina,Porras,ibustos@example.org,395-573-8853x27,1989-02-04,true,medio,cliente_vip|nuevo_usuario,32923.21
CL-0027,Jerónimo,Nieves,noemipantoja@example.net,(555)190-5595x8,1989-06-22,true,critico,cliente_vip,16564.84
CL-0028,Adela,Armenta,socorroserna@example.com,1-065-670-0294x,1992-03-10,true,bajo,,71184.36
CL-0029,Sara,Vanegas,wnino@example.net,08864210990,2000-04-26,true,bajo,viajero_frecuente|historial_fraude|nuevo_usuario,50312.88
CL-0030,Augusto,Ozuna,marianapalacios@example.com,(737)056-5032x8,1981-05-13,true,medio,viajero_frecuente,87080.96
CL-0031,Elias,de la Torre,micaela74@example.com,(295)569-3174x0,1995-08-23,true,bajo,empresa,57198.24
CL-0032,Aida,Serrato,lucascarranza@example.org,+46(5)838032665,1950-05-16,true,medio,cliente_vip,57937.21
CL-0033,Reynaldo,Adame,yanezhoracio@example.net,1-402-688-0631x,1972-02-01,true,bajo,,68337.03
CL-0034,Natalia,Navarrete,aracelitamez@example.org,1-665-773-0148,1975-07-04,true,alto,,68702.66
CL-0035,Emiliano,Luevano,centenoluis@example.org,881-578-6557x79,1979-01-10,true,bajo,,9944.2
CL-0036,Sofía,Correa,zaguilera@example.org,1-244-848-8028,1979-07-22,true,medio,historial_fraude|nuevo_usuario|viajero_frecuente,66304.93
CL-0037,María Cristina,Carrasco,lugomagdalena@example.net,04893819440,1961-08-08,true,critico,empresa|cliente_vip,6770.86
CL-0038,Rodolfo,Matos,tijerinaabigail@example.net,1-707-425-3855,1999-02-02,true,medio,viajero_frecuente|empresa,39376.31
CL-0039,Rubén,Villa,julio-cesarsaucedo@example.com,288-403-6917,1985-10-15,true,bajo,alto_volumen,85529.89
CL-0040,Emiliano,Carrero,taniasegura@example.net,726-937-8592x44,1976-10-13,true,bajo,nuevo_usuario|alto_volumen|viajero_frecuente,44371.13
CL-0041,Jerónimo,Gálvez,micaelaanaya@example.com,+50(6)533867258,1961-10-12,true,medio,empresa|cliente_vip,11418.93
CL-0042,Luisa,Salinas,deliarosas@example.org,083.691.1813x69,1989-12-18,true,bajo,historial_fraude,48691.09
CL-0043,Silvia,Varela,monicavillegas@example.net,+97(1)432296228,1966-09-20,true,bajo,viajero_frecuente|historial_fraude|nuevo_usuario,43749.68
CL-0044,Arcelia,Soliz,lsaavedra@example.net,226-580-0170x06,1963-11-30,true,bajo,historial_fraude|alto_volumen,53673.31
CL-0045,Gustavo,Bahena,noelia59@example.net,1-173-469-3687,1976-01-30,true,medio,,9759.95
CL-0046,Cornelio,Gracia,raulmagana@example.net,+45(4)881207497,1976-12-13,true,medio,alto_volumen|empresa,53263.02
CL-0047,Violeta,Soliz,jose-luis64@example.net,1-854-179-9271x,1999-06-07,true,bajo,,6419.3
CL-0048,Carolina,Sarabia,vergaragonzalo@example.com,1-618-786-5418,2000-12-31,true,bajo,historial_fraude|viajero_frecuente|empresa,36834.85
CL-0049,Jacinto,Santacruz,aochoa@example.org,(040)524-9066x5,1960-03-22,true,bajo,,47362.14
CL-0050,Silvano,Linares,flaviovaldes@example.org,02434416153,1976-09-14,true,medio,viajero_frecuente|empresa|historial_fraude,72961.28
CL-0051,Carlota,Matías,tgil@example.com,+78(5)229275539,1966-10-17,true,medio,cliente_vip|nuevo_usuario|empresa,9665.61
CL-0052,Darío,Quiñónez,taniabriseno@example.org,001-708-9834x25,1988-12-01,true,critico,empresa|viajero_frecuente,2573.01
CL-0053,Leonardo,Ornelas,gpineda@example.org,1-681-337-1053x,1992-10-21,true,bajo,empresa,41698.98
CL-0054,Norma,Corral,serranomarisol@example.org,+42(0)726007355,1985-06-09,true,medio,nuevo_usuario|cliente_vip|empresa,10588.24
CL-0055,Leonel,Treviño,leticiacorral@example.org,018.349.1017,1951-06-05,true,bajo,viajero_frecuente,20445.67
CL-0056,César,Cotto,zayascitlali@example.org,1-193-872-1057,1989-02-04,true,bajo,empresa|alto_volumen|cliente_vip,86102.56
CL-0057,Hugo,Roybal,luis-miguel10@example.net,+81(2)849604051,1976-12-30,true,bajo,,16520.23
CL-0058,Juan Carlos,Roque,dsanchez@example.org,09852565160,1964-11-25,true,bajo,,74400.56
CL-0059,Daniela,Candelaria,smares@example.org,761-211-1484,2002-07-03,true,bajo,historial_fraude|viajero_frecuente|empresa,30893.48
CL-0060,René,Zaragoza,gerardo47@example.com,05347556361,1959-03-19,true,medio,viajero_frecuente|nuevo_usuario|empresa,71883.1
CL-0061,Horacio,Leal,jgranados@example.org,541-888-0483x95,1953-04-27,true,critico,empresa|cliente_vip|nuevo_usuario,49637.89
CL-0062,Elvia,Mercado,elias93@example.com,(794)229-9843x0,1987-11-11,true,bajo,alto_volumen|viajero_frecuente|cliente_vip,56219.06
CL-0063,Cristian,Sauceda,ana96@example.net,385.293.1024x87,1981-02-09,true,bajo,historial_fraude|viajero_frecuente|empresa,44750.54
CL-0064,Gonzalo,Alba,benitozamora@example.net,1-638-951-6279,1980-11-06,true,bajo,historial_fraude,51748.32
CL-0065,Timoteo,Pantoja,blancamelendez@example.com,03091885867,1961-10-07,true,bajo,cliente_vip|historial_fraude,72853.51
CL-0066,Elsa,Rojas,lballesteros@example.net,682.929.2532x36,1964-07-15,true,bajo,empresa|nuevo_usuario|historial_fraude,29680.81
CL-0067,Esther,Cintrón,chavarriamariana@example.com,1-704-370-5462,1964-01-10,true,medio,alto_volumen|empresa|cliente_vip,11888.57
CL-0068,Alejandra,de Anda,bonillakarina@example.com,851.682.4350,1999-12-16,false,bajo,nuevo_usuario|alto_volumen|cliente_vip,3776.8
CL-0069,María del Carmen,Orozco,rrincon@example.org,259-264-0417x38,1965-09-04,true,alto,empresa|alto_volumen,89656.83
CL-0070,Rosalia,Velázquez,martha69@example.com,(366)007-5288x3,1980-04-19,true,bajo,,62521.17
CL-0071,Yeni,Colunga,patricia14@example.com,(319)955-9870x1,1973-02-17,true,bajo,historial_fraude,78918.81
CL-0072,Homero,Garay,maria-elena20@example.com,(923)260-7714,1959-05-06,true,medio,alto_volumen|cliente_vip,92809.95
CL-0073,Itzel,Olvera,ulibarrigenaro@example.net,917-415-1884x70,2000-06-18,false,bajo,viajero_frecuente|empresa|cliente_vip,12330.29
CL-0074,Micaela,Moreno,dguillen@example.com,05298069367,1964-02-02,true,medio,nuevo_usuario,71400.01
CL-0075,Josefina,Robledo,xaguilar@example.org,1-453-208-9796,1982-08-19,true,medio,empresa|viajero_frecuente|alto_volumen,15501.7
CL-0076,Mateo,Jaimes,ojedaalonso@example.org,035.996.9981x21,1992-06-30,true,medio,historial_fraude|viajero_frecuente|alto_volumen,51492.23
CL-0077,Margarita,Cortez,calderonernesto@example.net,685.830.4137x18,1982-05-10,true,bajo,empresa|historial_fraude,26054.23
CL-0078,Reina,Mora,lsuarez@example.net,465-967-0282x11,1987-02-02,true,medio,alto_volumen|empresa|historial_fraude,90010.4
CL-0079,Inés,Prado,floresemilio@example.org,1-244-267-7725,1963-01-23,true,critico,viajero_frecuente|historial_fraude,72327.32
CL-0080,María,Dávila,socorrozamudio@example.com,693-459-6285,1957-08-10,true,bajo,,41361.79
CL-0081,Miriam,Solorzano,alberto84@example.com,01230166237,1963-07-18,true,medio,viajero_frecuente|historial_fraude|empresa,7665.36
CL-0082,Sofía,Ramón,urrutiaeva@example.com,(582)402-6204x6,1999-09-01,true,medio,historial_fraude|empresa,72712.0
CL-0083,Humberto,Treviño,aureliolucio@example.com,411-836-4952x03,1997-05-08,true,bajo,viajero_frecuente|nuevo_usuario,16392.46
CL-0084,Isabela,Verduzco,anel50@example.org,00354088678,1989-09-01,true,bajo,cliente_vip,88992.14
CL-0085,Linda,Rodríguez,patricia88@example.net,1-479-540-2130x,1953-04-26,true,medio,alto_volumen|nuevo_usuario|viajero_frecuente,40219.37
CL-0086,Inés,Regalado,rebeca91@example.com,1-916-471-8854,1998-07-08,true,medio,cliente_vip,11096.32
CL-0087,Rufino,Parra,humbertooquendo@example.org,209-833-0704,1952-02-07,false,bajo,empresa|alto_volumen,80066.67
CL-0088,Fernando,Rael,vvaldes@example.com,005.207.1491x87,1987-12-05,true,bajo,nuevo_usuario,12823.31
CL-0089,Micaela,Noriega,emilia62@example.com,+47(0)914749912,1981-10-20,true,bajo,nuevo_usuario|cliente_vip,76142.87
CL-0090,Jacinto,Durán,tomasmesa@example.org,(106)310-1747x7,1990-08-27,true,alto,nuevo_usuario|cliente_vip|viajero_frecuente,25137.54
CL-0091,Victoria,Sauceda,salma72@example.com,1-795-008-2757,1976-11-04,true,medio,nuevo_usuario,78909.35
CL-0092,Antonio,Guerra,deliatapia@example.org,766-944-4922x25,1983-11-19,true,medio,empresa,26268.07
CL-0093,Teresa,Contreras,oaguilar@example.net,075-245-9674x73,1990-10-04,true,bajo,nuevo_usuario,71740.76
CL-0094,Marco Antonio,Escobar,oteran@example.org,1-410-262-2760x,1958-04-11,true,medio,,89073.91
CL-0095,Alvaro,Zamora,emiliano80@example.com,744.811.5537x67,2002-10-10,true,bajo,viajero_frecuente|nuevo_usuario|historial_fraude,78324.82
CL-0096,Felipe,Espinoza,padronangela@example.com,(600)061-6117x0,1993-12-02,true,alto,empresa|historial_fraude|cliente_vip,42858.39
CL-0097,Hermelinda,Reynoso,camilaquintana@example.org,917-250-4136x59,1991-01-24,true,bajo,historial_fraude,71043.42
CL-0098,Marcos,Aparicio,georginacarranza@example.org,00679909564,1969-01-28,true,alto,,5195.52
CL-0099,Eduardo,Anguiano,delgadillomario@example.com,1-587-379-6723,1986-08-29,true,bajo,viajero_frecuente|cliente_vip,38219.42
CL-0100,Diego,Melgar,corralesmeralda@example.org,1-765-243-3134,1983-04-30,true,bajo,viajero_frecuente,38697.06
CL-0101,Alonso,Camacho,zoemontalvo@example.org,1-253-507-4845,1962-10-26,true,bajo,,59783.18
CL-0102,Mario,Rivero,kcalvillo@example.com,(965)822-5100,1966-06-05,true,bajo,nuevo_usuario|alto_volumen,49901.78
CL-0103,Rubén,Villagómez,nevarezamalia@example.net,+94(4)105627931,1987-06-19,true,bajo,viajero_frecuente|empresa,32350.78
CL-0104,Rosario,Carrero,lucas47@example.org,749.980.9082x31,1961-11-30,true,bajo,historial_fraude|empresa,51466.86
CL-0105,Fabiola,Lira,adan59@example.net,381-077-6977x91,1979-03-06,true,bajo,empresa|historial_fraude|alto_volumen,63227.5
CL-0106,Julio César,Portillo,zamoraeugenio@example.org,976-009-0882x38,1998-07-15,false,medio,alto_volumen|historial_fraude|nuevo_usuario,67703.5
CL-0107,Linda,Cordero,banuelosluisa@example.org,(994)075-0135,1964-11-09,true,bajo,empresa|viajero_frecuente,58055.49
CL-0108,Jos,Balderas,corneliocastaneda@example.org,1-879-744-6185x,2000-03-07,true,medio,cliente_vip|viajero_frecuente,95606.5
CL-0109,Cornelio,Abrego,bernalana-luisa@example.com,1-072-759-1931x,2001-02-27,true,bajo,,75554.74
CL-0110,Luz,Viera,apariciofrancisco-javier@example.com,00819930937,1960-10-16,true,bajo,,54122.22
CL-0111,Jos,Alarcón,jorge-luissamaniego@example.com,+15(2)015329954,2001-12-29,true,critico,alto_volumen|empresa,81078.26
CL-0112,Leticia,Armas,vteran@example.net,(924)859-4559x1,1952-02-02,true,medio,cliente_vip|viajero_frecuente|historial_fraude,19689.78
CL-0113,Jonás,Maestas,roldannadia@example.net,1-077-620-1290,1958-03-02,true,bajo,historial_fraude|nuevo_usuario,11734.7
CL-0114,Agustín,Menéndez,erivera@example.com,+18(9)286156841,1972-12-05,true,bajo,alto_volumen,17114.28
CL-0115,Anabel,Rangel,dulce18@example.com,(968)568-2287,1979-03-09,true,critico,viajero_frecuente,71903.46
CL-0116,Anabel,Gurule,jeronimolovato@example.net,400-403-6549x08,1978-09-18,true,bajo,,89515.08
CL-0117,Jonás,Escobedo,alicia07@example.org,1-462-900-2296x,1954-08-27,true,bajo,,75709.11
CL-0118,Conchita,Muñiz,isabelagaribay@example.com,(034)276-5195x1,1960-04-28,true,bajo,cliente_vip|empresa|historial_fraude,33196.97
CL-0119,Esmeralda,Rosario,javier54@example.com,702-966-8388x89,1993-06-09,false,bajo,,64087.05
CL-0120,Germán,Orellana,dulce-maria92@example.net,(567)711-6861x3,1974-02-23,true,alto,,59444.92
CL-0121,Ofelia,Cordero,lmaya@example.com,971.679.8033x67,2000-12-24,true,bajo,nuevo_usuario,10223.02
CL-0122,Adriana,Beltrán,maytecepeda@example.net,(537)828-7153x4,1983-06-29,true,medio,alto_volumen,18482.46
CL-0123,Rosa,Barajas,wcarrasco@example.org,604.494.7986x05,1950-02-02,true,bajo,cliente_vip|historial_fraude|viajero_frecuente,96189.22
CL-0124,Elvia,Galván,gaytancamilo@example.org,(460)472-5818,1955-05-26,true,medio,viajero_frecuente,49254.25
CL-0125,José,Corral,marisolpuente@example.org,189-996-9245x22,1954-01-30,true,bajo,nuevo_usuario|alto_volumen|empresa,54340.75
CL-0126,Benjamín,Caraballo,flavioperales@example.org,811.518.0319,1985-06-19,true,bajo,,83388.81
CL-0127,Renato,Sauceda,pcasanova@example.net,(982)739-0944x5,1995-04-16,true,medio,historial_fraude|alto_volumen,33193.79
CL-0128,José Emilio,Esquibel,ramossoledad@example.net,08227457231,1990-08-13,true,medio,empresa|nuevo_usuario,66903.15
CL-0129,Virginia,Matos,berta47@example.net,555-772-5656,2003-10-14,true,bajo,historial_fraude,91573.79
CL-0130,Humberto,Mojica,agonzales@example.net,123-647-3626,1992-10-01,false,bajo,,2938.7
CL-0131,Rosario,Polanco,abel64@example.net,337-287-8963x61,1956-12-15,true,bajo,historial_fraude|cliente_vip|viajero_frecuente,89472.07
CL-0132,Patricio,Palacios,luciogabriela@example.net,(851)638-7394x9,1983-10-08,true,medio,empresa|viajero_frecuente|nuevo_usuario,37080.64
CL-0133,Omar,Rodríguez,qnunez@example.com,(303)768-7120x9,1961-03-12,true,bajo,,93752.29
CL-0134,José Eduardo,Valles,luis-miguel02@example.com,(215)679-1441,1951-10-11,true,bajo,empresa,68694.33
CL-0135,Eugenio,Moreno,rodriguezmaria-luisa@example.com,1-309-814-6226,1977-03-14,true,medio,viajero_frecuente,23672.47
CL-0136,Lucía,Arenas,jnegrete@example.com,1-067-517-0237x,1994-03-20,true,critico,viajero_frecuente|nuevo_usuario,71282.86
CL-0137,Wilfrido,Regalado,camarillomagdalena@example.com,(912)574-5080x5,1985-07-14,true,bajo,empresa,29180.06
CL-0138,Estela,López,margarita62@example.net,922.841.5878x62,1967-05-21,true,bajo,cliente_vip,57439.29
CL-0139,Helena,Palomo,ksotelo@example.org,085.770.4497,2002-10-07,true,medio,viajero_frecuente,8374.83
CL-0140,Andrea,Jáquez,martinrenteria@example.com,556-999-5367x29,1974-08-12,true,bajo,cliente_vip,68441.91
CL-0141,Elvira,Gollum,carlosnoriega@example.com,940-992-6658x11,1990-09-22,false,critico,empresa|cliente_vip,43857.22
CL-0142,Leonor,Galván,aamador@example.org,(956)153-8871x0,1978-12-24,true,medio,,99520.43
CL-0143,Cornelio,Zaragoza,telloteresa@example.org,1-255-281-9043,1970-02-22,false,bajo,historial_fraude|nuevo_usuario|viajero_frecuente,92002.37
CL-0144,Mariano,Serrano,alarconraquel@example.net,(936)815-0911,1967-06-17,true,bajo,viajero_frecuente|historial_fraude,88249.65
CL-0145,Javier,Jaime,fcollazo@example.org,786-484-3391,1988-01-09,true,medio,empresa,91865.53
CL-0146,Cristina,Posada,pedroarevalo@example.com,021-293-7155x25,1958-09-05,false,bajo,nuevo_usuario|viajero_frecuente,44331.0
CL-0147,Fidel,Moreno,felixmaya@example.org,240.209.1986,1959-09-04,true,bajo,nuevo_usuario|alto_volumen,95962.66
CL-0148,Carolina,Rael,darroyo@example.org,1-075-187-3875x,1956-07-17,true,medio,cliente_vip|alto_volumen,62717.52
CL-0149,Agustín,Hidalgo,francisco-javier29@example.net,284-158-1926x07,1955-06-12,true,medio,cliente_vip|viajero_frecuente|empresa,38984.72
CL-0150,Julio César,Gaitán,qcasanova@example.com,(600)111-9530x5,1961-06-11,true,alto,,80633.94
CL-0151,Mauricio,Badillo,salcedoantonia@example.org,921-954-7817x14,2000-03-04,true,bajo,viajero_frecuente|empresa|cliente_vip,85293.07
CL-0152,Ivonne,Gracia,garciajaqueline@example.net,+73(8)393816065,1990-09-05,true,bajo,alto_volumen|cliente_vip|viajero_frecuente,79926.14
CL-0153,Luz,Adame,zeferinotrejo@example.com,(656)548-5821,1980-06-20,true,alto,,68226.06
CL-0154,Martín,Casillas,rosasanabel@example.org,(472)524-8443,1959-09-10,true,bajo,cliente_vip|alto_volumen,60327.16
CL-0155,Fabiola,Aranda,asuncion01@example.com,+15(8)348688670,1961-04-21,true,bajo,cliente_vip,27116.04
CL-0156,Margarita,Carrillo,danielafajardo@example.net,(619)063-5239,1953-12-15,true,bajo,alto_volumen|empresa|cliente_vip,32543.35
CL-0157,Jesús,Maldonado,andres60@example.com,170-608-3703x30,1998-07-20,true,bajo,nuevo_usuario|cliente_vip,16446.09
CL-0158,Nadia,Sarabia,graciela91@example.com,321.526.6183,1950-09-22,true,bajo,nuevo_usuario|empresa,66452.33
CL-0159,Ana Luisa,Paz,jose-luis43@example.org,098.886.1138,2000-03-11,true,bajo,cliente_vip,43361.99
CL-0160,Graciela,Villagómez,gtoledo@example.org,05968481617,1968-01-21,true,bajo,empresa,35472.09
CL-0161,Santiago,Meléndez,acarrion@example.net,1-467-308-4497,1976-11-18,true,medio,cliente_vip|nuevo_usuario|empresa,17903.44
CL-0162,Ernesto,Badillo,virginia10@example.org,478-696-2660x75,1994-06-29,true,bajo,,2362.31
CL-0163,Salvador,Escamilla,arandamaria-luisa@example.net,666.215.1869,1969-02-14,true,bajo,historial_fraude,73989.45
CL-0164,Clemente,Burgos,eliasalejandro@example.net,+35(0)308633322,1968-06-02,true,critico,empresa|historial_fraude,82956.26
CL-0165,Israel,Cedillo,garicawilfrido@example.com,216-552-1002,1956-08-13,true,bajo,,56359.78
CL-0166,Claudia,Ibarra,hernandezzeferino@example.net,906-408-1513,1953-12-09,true,bajo,alto_volumen|cliente_vip|nuevo_usuario,21514.04
CL-0167,Víctor,Leiva,raelana-luisa@example.com,05697846914,1965-08-20,true,bajo,nuevo_usuario,56341.49
CL-0168,Pedro,Valdivia,wilfridoulloa@example.net,02840294092,1965-10-18,true,bajo,,91243.6
CL-0169,Micaela,Alva,omar15@example.com,(962)178-8131x0,1959-12-16,true,bajo,historial_fraude,22603.26
CL-0170,Teresa,Cano,idel-rio@example.net,+94(4)439036898,1997-04-10,true,bajo,nuevo_usuario|alto_volumen,99774.1
CL-0171,Alfredo,Posada,mauromireles@example.org,517.027.2686,1960-08-18,true,alto,,92567.24
CL-0172,Benjamín,Lomeli,ojedasamuel@example.com,1-770-185-8377,1983-12-06,true,medio,cliente_vip,33159.26
CL-0173,Anabel,Cortez,almaquinonez@example.net,641-030-7680,2002-09-10,true,bajo,viajero_frecuente,54475.9
CL-0174,Amelia,Hernandes,ana-luisaolivares@example.org,032-377-7730x16,1975-02-16,true,medio,alto_volumen|viajero_frecuente,85447.26
CL-0175,Ana Luisa,Olmos,zacariaslozano@example.org,933.970.9684,1955-10-27,true,critico,alto_volumen|viajero_frecuente|historial_fraude,40035.35
CL-0176,Perla,Palacios,aroybal@example.org,(437)183-9998x3,1991-08-27,true,alto,historial_fraude|cliente_vip,71823.71
CL-0177,Jerónimo,Navarrete,jesus49@example.org,576-382-0944x48,1974-01-27,true,bajo,empresa|historial_fraude|cliente_vip,64534.35
CL-0178,Diana,Cabrera,dfierro@example.org,1-648-568-9647,1968-08-03,true,medio,,21894.05
CL-0179,Frida,Jaime,gabino30@example.com,1-624-539-3755x,1983-10-31,true,alto,alto_volumen|nuevo_usuario|historial_fraude,93678.89
CL-0180,Gabriel,Mares,ernestoorosco@example.com,735-167-1046x63,1962-01-19,true,bajo,,30914.71
CL-0181,Elvira,Ávalos,valtamirano@example.org,1-316-633-2915x,1953-09-10,true,bajo,cliente_vip,62870.33
CL-0182,Virginia,Griego,jcotto@example.org,1-109-623-7217x,1994-08-21,true,bajo,historial_fraude|empresa|nuevo_usuario,39472.35
CL-0183,Serafín,Godínez,pamelalongoria@example.net,916.484.0582x56,1956-10-22,true,bajo,nuevo_usuario,10077.01
CL-0184,Porfirio,Perales,camilo98@example.net,(513)733-3120,1974-10-19,true,medio,,11644.09
CL-0185,Marcela,Martínez,indira34@example.org,129.831.1282,1998-12-27,true,bajo,,21271.34
CL-0186,Diana,Irizarry,hnevarez@example.com,(676)159-5383,1967-02-07,true,bajo,empresa|nuevo_usuario,99803.58
CL-0187,Francisco,Laboy,vborrego@example.com,1-248-090-9890,1975-04-15,true,critico,viajero_frecuente|nuevo_usuario,78746.57
CL-0188,Sandra,Mejía,montezadalberto@example.org,049.716.4065,1995-12-29,true,bajo,cliente_vip|viajero_frecuente|historial_fraude,95245.91
CL-0189,Magdalena,Benítez,maria-jose76@example.org,(722)687-2877x6,1968-10-30,true,alto,alto_volumen,52550.88
CL-0190,Beatriz,Preciado,melendezgeronimo@example.com,(702)309-0370x5,1957-09-14,true,medio,empresa|historial_fraude|nuevo_usuario,20408.96
CL-0191,Georgina,Ibarra,tfernandez@example.net,08260907004,2000-02-07,false,medio,alto_volumen|historial_fraude|cliente_vip,15617.12
CL-0192,Modesto,Palacios,iaguirre@example.org,973-467-5166,1994-11-03,true,alto,empresa|viajero_frecuente,83761.29
CL-0193,María Cristina,Cintrón,chapasoledad@example.net,147.369.5451,1979-04-03,true,bajo,historial_fraude|empresa|nuevo_usuario,57622.59
CL-0194,Débora,Reynoso,duenasalma@example.org,004.404.8916x63,1979-08-18,true,bajo,alto_volumen,80316.29
CL-0195,Cornelio,Carranza,porraslourdes@example.com,771.498.5528,1955-09-19,true,alto,historial_fraude|alto_volumen|empresa,20457.19
CL-0196,Esperanza,Alvarado,almonteflavio@example.net,113.500.4368x31,1965-05-19,true,bajo,empresa|nuevo_usuario|viajero_frecuente,56184.86
CL-0197,Dalia,Villanueva,zsuarez@example.org,1-220-576-8099,1956-03-27,true,bajo,viajero_frecuente|alto_volumen|cliente_vip,39817.62
CL-0198,Evelio,Brito,robertoceja@example.org,(590)565-8547,1956-04-12,true,bajo,empresa|cliente_vip,38127.92
CL-0199,Sessa,Montaño,martin16@example.com,111.365.9747x75,1964-02-02,true,bajo,historial_fraude|empresa,14655.49
CL-0200,Eugenia,Jiménez,espartasaenz@example.com,802-308-2393,1984-11-24,true,bajo,,86838.55
CL-0201,Dulce María,Aponte,sonia31@example.net,120-742-8526x47,1988-10-10,true,bajo,nuevo_usuario,67149.68
CL-0202,Mario,Vargas,dulce-maria34@example.com,1-470-398-8522,1995-01-30,true,bajo,cliente_vip|alto_volumen,46977.73
CL-0203,Dalia,Montemayor,juanaarteaga@example.org,1-142-269-9673x,1955-09-28,true,bajo,historial_fraude,61275.16
CL-0204,Mateo,Lemus,cejaalejandra@example.org,+05(2)851999500,1991-04-15,true,bajo,cliente_vip|historial_fraude,5830.31
CL-0205,Isaac,Portillo,antoniorosales@example.net,428-823-0438,1965-09-17,true,bajo,nuevo_usuario|empresa|historial_fraude,19598.65
CL-0206,Miguel,Concepción,ornelasdaniela@example.org,120.836.8979,2001-01-05,true,medio,historial_fraude|empresa|alto_volumen,70467.19
CL-0207,Eva,Farías,tponce@example.org,+02(8)213186064,1998-03-30,true,bajo,nuevo_usuario,91797.04
CL-0208,Noelia,Arreola,tafoyahector@example.net,(286)439-8013x9,1986-11-24,true,medio,historial_fraude,56176.74
CL-0209,Nayeli,Vera,umesa@example.org,+40(7)905544572,1959-06-10,true,critico,,78392.04
CL-0210,Felipe,Santiago,nmadera@example.com,781.307.5845x78,1968-08-09,true,bajo,nuevo_usuario,47292.41
CL-0211,Silvia,Bustos,uvasquez@example.com,630-051-5353,1967-06-11,true,bajo,historial_fraude|nuevo_usuario|empresa,3052.26
CL-0212,Estela,Cordero,rocionajera@example.org,107.430.3052,1991-08-26,true,bajo,nuevo_usuario,8687.24
CL-0213,Elias,Carmona,jcollazo@example.com,(781)969-5250x0,1989-04-09,true,bajo,empresa,82401.82
CL-0214,Indira,Zavala,xabreu@example.com,273-032-3660,1959-01-07,true,medio,viajero_frecuente,14166.84
CL-0215,Graciela,Garrido,rendonrenato@example.com,337.794.6042,1951-01-03,true,medio,viajero_frecuente,17042.65
CL-0216,Rodolfo,Prieto,harocitlali@example.net,(188)066-4619,1953-02-02,true,bajo,empresa,54165.28
CL-0217,René,González,botellomarco-antonio@example.org,1-319-778-0830,1996-11-28,true,bajo,,72208.22
CL-0218,Estela,Soto,dariomerino@example.org,04667445992,1954-09-14,true,alto,empresa|nuevo_usuario|historial_fraude,6769.14
CL-0219,Estela,Jaimes,ggrijalva@example.org,08661669214,1983-08-12,true,bajo,alto_volumen,21598.6
CL-0220,Débora,Fierro,alcalanicolas@example.net,(833)973-5916x1,1951-04-23,true,bajo,,20830.88
CL-0221,Fernando,Estévez,elena08@example.net,530.375.2844,1965-01-23,true,medio,viajero_frecuente,6313.23
CL-0222,Clemente,Guerra,contrerasangelica@example.net,823.086.1001,1967-01-03,true,bajo,nuevo_usuario|cliente_vip,93564.08
CL-0223,Isaac,Jasso,ruelascesar@example.net,1-731-373-6971x,1959-07-02,true,bajo,viajero_frecuente|alto_volumen|cliente_vip,19014.91
CL-0224,Mariano,Villalobos,ines66@example.com,1-772-624-5187,1969-02-01,true,bajo,viajero_frecuente|historial_fraude,8469.6
CL-0225,María José,Ureña,citlali42@example.com,833-913-6205x40,1969-08-10,true,medio,viajero_frecuente|empresa,77219.42
CL-0226,Uriel,Solorio,kibarra@example.org,634.425.8065x33,1998-02-07,true,bajo,,92377.94
CL-0227,Beatriz,Robles,uriascarlos@example.com,(978)104-9049x1,1979-02-06,true,bajo,viajero_frecuente|cliente_vip,70238.91
CL-0228,René,Valles,isabela38@example.net,(330)992-6514,1965-09-24,true,medio,nuevo_usuario,88628.77
CL-0229,Irma,Corona,polancovicente@example.org,047.256.7976x50,2002-06-27,true,bajo,viajero_frecuente|nuevo_usuario|empresa,52080.56
CL-0230,Daniel,Fernández,bruno40@example.com,(586)015-2491x9,1970-11-14,false,medio,,76376.22
CL-0231,María Teresa,Sauceda,ayalamauricio@example.org,418-084-1914,1988-06-11,true,bajo,empresa,62737.09
CL-0232,Ivonne,Pedraza,melgargerman@example.org,1-411-834-8397x,1968-02-15,true,bajo,historial_fraude|nuevo_usuario,22029.76
CL-0233,Maximiliano,Roldán,jchavarria@example.org,580-230-7716,1974-12-14,true,bajo,empresa|nuevo_usuario|alto_volumen,79123.15
CL-0234,Alta  Gracia,Arriaga,maria-cristina69@example.org,+68(0)656063269,1970-07-19,true,bajo,empresa|nuevo_usuario|viajero_frecuente,34464.49
CL-0235,Nayeli,Lozano,sosamaria-eugenia@example.com,659.304.8574,1972-04-12,true,bajo,,70235.25
CL-0236,Amanda,Lomeli,jaime35@example.com,(579)452-0416x3,1989-09-08,true,bajo,cliente_vip|nuevo_usuario|alto_volumen,8332.45
CL-0237,Pedro,Sanches,rcorrales@example.net,1-540-682-4247x,1962-09-12,true,bajo,viajero_frecuente,14304.98
CL-0238,Natividad,Mireles,helenaordonez@example.com,981-609-1275,1995-07-11,true,bajo,alto_volumen,73048.93
CL-0239,Tomás,Fernández,victoriabermudez@example.net,1-745-134-9752x,1988-01-16,true,bajo,alto_volumen,26399.0
CL-0240,Micaela,Menéndez,aidasosa@example.net,(587)167-3518,1993-03-03,true,bajo,empresa|alto_volumen|nuevo_usuario,97310.41
CL-0241,Rodolfo,Cortez,natividad73@example.com,049-977-9519,1989-08-07,true,bajo,historial_fraude,61720.63
CL-0242,Mónica,Velázquez,menchacadolores@example.com,(593)448-4213,1951-10-12,true,bajo,historial_fraude,43884.93
CL-0243,Mauricio,Barrera,arandacornelio@example.com,(376)540-8357,1963-09-16,true,bajo,cliente_vip|empresa,19218.53
CL-0244,Citlali,Mireles,hzambrano@example.net,410.742.6779,1983-08-28,true,bajo,historial_fraude|nuevo_usuario,49122.74
CL-0245,Soledad,Negrón,xbonilla@example.org,01705573619,1950-05-17,false,bajo,alto_volumen|empresa|cliente_vip,51068.58
CL-0246,Renato,Nájera,luisa52@example.net,1-587-772-9496x,1983-06-24,true,medio,historial_fraude|empresa|cliente_vip,32165.46
CL-0247,Ana Luisa,Baeza,guillermo03@example.com,950-426-9106x14,1986-09-04,true,critico,,99262.3
CL-0248,Bruno,Sauceda,concepcionnegrete@example.net,01442026210,1989-02-21,true,bajo,alto_volumen,77584.5
CL-0249,Alejandro,Ortiz,josefinaadame@example.com,335-288-8790x84,1983-01-12,true,medio,cliente_vip|historial_fraude,65788.82
CL-0250,Esteban,Rivera,elena28@example.org,036.612.9382x64,1992-11-10,false,alto,alto_volumen,81686.39
CL-0251,Pilar,Padrón,daliaolivera@example.org,348-870-2521x27,1963-04-08,true,medio,,46636.14
CL-0252,René,Caldera,soriasandra@example.org,700.533.2232x54,2001-11-20,true,medio,alto_volumen|cliente_vip,84468.56
CL-0253,Guillermina,Olivera,galindomaria-del-carmen@example.org,07281794935,1984-06-25,true,bajo,,59443.72
CL-0254,María Eugenia,Venegas,golivas@example.com,03903834813,1964-11-16,true,alto,historial_fraude,26781.38
CL-0255,Roberto,Cortés,oswaldo01@example.net,488.664.1369,1957-12-22,true,bajo,cliente_vip|nuevo_usuario|historial_fraude,58115.95
CL-0256,René,Correa,maria-josedel-valle@example.org,05004641837,1968-10-18,true,medio,nuevo_usuario,41001.08
CL-0257,Julio,Aponte,jose-emilioalarcon@example.net,1-295-627-0802,1950-02-21,true,bajo,historial_fraude,77826.88
CL-0258,Jacinto,Granados,alfredosaldivar@example.com,(909)288-8881x8,1965-04-23,true,bajo,empresa|nuevo_usuario|historial_fraude,20267.2
CL-0259,Enrique,Urrutia,daniela50@example.org,06598429219,1990-06-07,true,bajo,alto_volumen|cliente_vip|viajero_frecuente,22832.19
CL-0260,Ángela,Guajardo,jesuscrespo@example.org,(953)309-9594,1973-04-08,true,bajo,alto_volumen,87418.32
CL-0261,Reynaldo,Rascón,indiravenegas@example.net,1-427-122-1234,1964-11-26,true,bajo,,10399.29
CL-0262,Catalina,Villagómez,floresaida@example.org,01830807020,1980-09-11,false,bajo,,25008.45
CL-0263,Georgina,Quiñones,bustosjacinto@example.net,(924)316-0334x7,1950-11-08,true,bajo,,75676.27
CL-0264,Sergio,Heredia,bernabemacias@example.com,(078)411-8690x1,1958-09-09,true,bajo,,79595.08
CL-0265,Andrés,Madrid,juana41@example.com,277.883.2626,1980-03-27,true,bajo,historial_fraude|empresa,34981.92
CL-0266,Antonio,Quiñones,ptirado@example.org,(964)484-5115x2,1982-05-29,true,medio,nuevo_usuario|alto_volumen,39086.7
CL-0267,Salvador,Ceballos,zvillagomez@example.org,796-318-2934,1950-04-12,true,bajo,nuevo_usuario|viajero_frecuente,70434.21
CL-0268,Alfonso,Cabrera,isabelaragon@example.net,1-925-041-2889,1961-01-10,true,medio,viajero_frecuente,29387.82
CL-0269,Margarita,Hernandes,maestaspascual@example.com,1-737-442-9373x,1990-07-18,true,medio,nuevo_usuario,66569.86
CL-0270,Martha,Rodríguez,cardenasnelly@example.net,746.147.7300,1978-11-27,false,bajo,empresa|alto_volumen|viajero_frecuente,37300.15
CL-0271,Graciela,Treviño,cornejodiego@example.net,105-507-1050x53,1970-12-15,true,bajo,empresa|historial_fraude,41216.19
CL-0272,Emilio,Orellana,fernando91@example.org,977-771-8792x42,1981-04-02,true,medio,,93285.38
CL-0273,Gerardo,Méndez,daniel46@example.net,(943)617-8524x8,1984-07-12,true,alto,,21117.54
CL-0274,Felix,Balderas,xvillarreal@example.com,(213)890-0278x2,1961-06-21,true,bajo,,10534.81
CL-0275,Judith,Pantoja,abregorosalia@example.org,281-504-2853,1993-04-04,true,medio,alto_volumen|historial_fraude|viajero_frecuente,25608.36
CL-0276,Mauricio,Cortez,hilda87@example.org,098.375.4926,1959-06-19,true,bajo,,72144.99
CL-0277,Bernardo,Tamez,olga49@example.net,1-429-289-1115x,1969-10-09,true,bajo,historial_fraude|nuevo_usuario,67261.4
CL-0278,Francisca,Guerrero,ruben17@example.org,546.762.9462x92,1962-03-07,true,critico,,64087.72
CL-0279,Ivonne,Galarza,eorozco@example.com,901-446-2833,2003-11-22,true,bajo,alto_volumen|cliente_vip,35636.13
CL-0280,Javier,Escamilla,scarranza@example.net,307.053.1605x94,1970-12-08,true,alto,empresa|cliente_vip|historial_fraude,13337.62
CL-0281,Yeni,Sanches,jorge75@example.com,+30(8)869317374,1980-07-10,true,bajo,,93846.64
CL-0282,Bernabé,Escamilla,cesarroldan@example.com,974.858.0446,2001-05-23,true,medio,,85626.37
CL-0283,Israel,Malave,villegasnoelia@example.net,1-365-671-9008x,1977-11-19,true,critico,,54489.1
CL-0284,Angélica,Robles,cmonroy@example.net,282.463.0699x25,1996-08-18,true,medio,nuevo_usuario|empresa|alto_volumen,59896.05
CL-0285,Tania,Alemán,mesquivel@example.org,226.814.6845x91,1998-04-17,true,bajo,,32960.77
CL-0286,Linda,Menéndez,eholguin@example.net,(915)314-1030,1990-11-22,true,medio,alto_volumen|historial_fraude,29772.5
CL-0287,Rodrigo,Carbajal,karlarojas@example.net,06691886552,2003-09-24,true,medio,,51233.04
CL-0288,Silvano,Henríquez,raul38@example.net,040-951-1553x98,1992-11-28,true,medio,empresa|cliente_vip,23139.1
CL-0289,Carlos,Mena,norma47@example.com,186-680-8817,1968-11-23,true,bajo,viajero_frecuente|nuevo_usuario|alto_volumen,93574.42
CL-0290,Renato,Brito,qparedes@example.net,1-568-506-8414x,1966-01-23,true,bajo,,73284.76
CL-0291,María,Abrego,cardonaaraceli@example.net,+56(5)774221960,1999-02-27,true,bajo,viajero_frecuente,43398.87
CL-0292,Mónica,Menéndez,deliacontreras@example.com,01599058505,1956-06-11,true,bajo,historial_fraude|empresa,29737.91
CL-0293,Daniel,Ruelas,jeronimo43@example.com,1-799-178-7424,1999-03-02,true,medio,empresa,14828.27
CL-0294,Abelardo,Espinoza,samuelalmaraz@example.com,(393)601-4962,1977-04-12,true,medio,,18042.06
CL-0295,Luis Manuel,Medina,otrejo@example.net,868-858-4325,1969-07-27,true,bajo,nuevo_usuario|alto_volumen|cliente_vip,21174.2
CL-0296,Felix,Cabán,mcedillo@example.org,384.696.8765x40,1959-02-23,true,medio,empresa|cliente_vip,98871.45
CL-0297,Guillermo,Bernal,de-la-rosasalma@example.net,1-345-748-6785x,1958-08-14,true,bajo,empresa|alto_volumen|viajero_frecuente,48439.82
CL-0298,Mario,Rojas,jaguilera@example.com,09918845921,1996-03-29,true,alto,,60152.45
CL-0299,Eva,Barajas,zespino@example.com,855-244-3625x43,1971-08-11,true,critico,alto_volumen|viajero_frecuente|cliente_vip,31663.58
CL-0300,Óliver,Irizarry,kcovarrubias@example.net,+35(2)286420283,1983-09-05,true,bajo,empresa,99134.07
CL-0301,Sonia,Tejada,andreacarbajal@example.com,+97(9)527287685,1991-08-07,true,medio,,65730.47
CL-0302,Mercedes,Santana,rodrigezlinda@example.org,429.527.4965,1960-06-18,true,bajo,nuevo_usuario|viajero_frecuente|cliente_vip,49943.41
CL-0303,Alvaro,Lira,esteban41@example.com,1-104-540-7219x,2002-08-25,true,medio,viajero_frecuente,58117.8
CL-0304,Raquel,Chávez,felixmontemayor@example.net,1-096-794-6915x,2003-03-11,true,bajo,,49450.76
CL-0305,Marisol,Olivera,xflores@example.com,093.875.6496x14,1958-12-03,true,medio,nuevo_usuario|cliente_vip|alto_volumen,71949.28
CL-0306,Paola,Reyna,zvillalobos@example.com,1-193-390-5820x,1951-10-10,true,alto,historial_fraude,82111.36
CL-0307,Eduardo,Meraz,paulina91@example.org,(424)977-1274x5,1968-08-12,true,medio,viajero_frecuente|cliente_vip|empresa,89965.03
CL-0308,Georgina,de Jesús,tcortes@example.com,1-997-818-8820,1999-10-08,true,bajo,viajero_frecuente,32801.02
CL-0309,Adán,Fajardo,ilsealeman@example.org,(312)204-9986,1964-06-18,true,bajo,empresa,27162.53
CL-0310,Carlos,Paz,eugenia39@example.org,932.577.7221x93,1961-03-10,true,medio,,37628.84
CL-0311,Armando,Olmos,ofeliaosorio@example.org,1-428-878-3538x,1976-12-20,false,bajo,empresa|viajero_frecuente|alto_volumen,94687.87
CL-0312,Zeferino,Arriaga,ana-maria74@example.net,(861)650-3330,1989-12-01,true,alto,empresa|cliente_vip,50063.4
CL-0313,Isabela,Vega,xlucio@example.com,+91(0)271296933,1995-10-23,true,bajo,cliente_vip|empresa,11702.89
CL-0314,Nayeli,Cadena,ernesto29@example.org,458.243.1837,1966-11-15,true,medio,viajero_frecuente,85896.35
CL-0315,Julia,Enríquez,genaro17@example.net,+55(5)191599591,1999-07-13,true,bajo,cliente_vip,37188.39
CL-0316,Daniel,Bañuelos,granadoberta@example.net,596-770-7815,1973-05-21,true,bajo,viajero_frecuente|cliente_vip|nuevo_usuario,90558.67
CL-0317,Felix,Maya,medinaignacio@example.net,(738)584-2659x8,1972-10-20,true,bajo,,94139.53
CL-0318,Olga,Osorio,llira@example.net,(164)382-2740x8,1974-03-03,true,bajo,viajero_frecuente,70286.69
CL-0319,Emiliano,Cavazos,ruby72@example.net,1-937-001-1372,1964-09-19,true,bajo,cliente_vip|empresa,17042.16
CL-0320,Adalberto,Feliciano,salmacovarrubias@example.com,731-417-0106x04,1956-12-15,true,critico,historial_fraude|viajero_frecuente|alto_volumen,54084.08
CL-0321,Genaro,Peralta,mariogalindo@example.net,+31(6)684642139,1982-07-20,true,medio,viajero_frecuente|nuevo_usuario|empresa,78250.95
CL-0322,Adela,Amador,hnino@example.org,(947)691-6558,1950-11-20,true,bajo,nuevo_usuario,97989.55
CL-0323,Adriana,Cervantes,homerourias@example.org,(651)020-0946x2,1961-01-29,true,bajo,,73376.09
CL-0324,Linda,Sotelo,sarafernandez@example.com,779.665.2270x62,2001-05-01,true,bajo,viajero_frecuente|cliente_vip|nuevo_usuario,56051.14
CL-0325,Elvira,Maldonado,catalinacotto@example.org,(451)886-7648x2,1965-04-27,true,medio,,75683.55
CL-0326,Rocío,Villalpando,amadormario@example.org,(085)435-1784,1973-03-29,false,bajo,historial_fraude|cliente_vip|alto_volumen,52329.41
CL-0327,Jesús,Jurado,evergara@example.org,1-416-221-8358,1983-12-26,true,bajo,alto_volumen,28202.25
CL-0328,Karina,Adame,gparra@example.org,099.191.7642x71,1987-07-11,true,alto,empresa|alto_volumen,19944.24
CL-0329,Adalberto,Villanueva,andrespuente@example.com,932-971-6516,1988-05-18,true,critico,cliente_vip|nuevo_usuario|empresa,72409.75
CL-0330,Diana,Soria,cynthia17@example.com,786.191.9577x57,1957-10-19,true,alto,nuevo_usuario,41838.45
CL-0331,Carla,Sarabia,zpalomo@example.org,(412)804-8144,1957-02-17,true,bajo,,25523.6
CL-0332,Mariano,Palomo,franciscaoquendo@example.com,082-905-8042x58,1957-08-03,true,bajo,,56307.66
CL-0333,Leonel,Zapata,ogalindo@example.com,734.418.8579x10,1988-01-15,true,bajo,,93379.26
CL-0334,Adela,Merino,alejandro96@example.org,284.818.8395x05,1986-05-18,false,bajo,cliente_vip|empresa|viajero_frecuente,20638.03
CL-0335,Benjamín,Carrasco,celiasarabia@example.org,1-231-559-3392x,1988-02-16,true,medio,,75467.46
CL-0336,María José,Correa,noemi21@example.org,614.485.1664x06,1990-04-02,true,bajo,,68103.17
CL-0337,Alta  Gracia,Barrientos,mde-la-garza@example.com,475-617-5846x36,1956-09-27,true,alto,alto_volumen,15065.24
CL-0338,Cristobal,Alba,lozadaadela@example.com,1-793-976-0085x,1987-12-04,true,bajo,,18707.43
CL-0339,Salvador,Otero,cortezmaria-del-carmen@example.com,(489)414-6600x1,1998-05-14,true,critico,empresa|alto_volumen,86065.0
CL-0340,Cristal,Jaimes,brisenomauro@example.org,04662596852,1950-03-15,true,bajo,nuevo_usuario|empresa|alto_volumen,57746.51
CL-0341,Gonzalo,Ibarra,itzelpadilla@example.org,05340923863,1953-03-06,true,bajo,empresa|cliente_vip,89464.4
CL-0342,Nancy,Quintanilla,destrada@example.org,03179510477,1981-12-01,false,medio,,47114.68
CL-0343,Hernán,Ponce,jose-maria55@example.org,957-299-4259x32,1950-06-18,true,bajo,,72798.49
CL-0344,Diana,Guzmán,veronica62@example.com,281.579.2654,1959-02-03,true,bajo,,21359.35
CL-0345,Salma,Cornejo,jonasnieto@example.org,956.850.7759x66,1961-02-10,true,bajo,historial_fraude,2677.22
CL-0346,Aurora,Fajardo,dariovaldivia@example.org,1-883-723-8535x,1985-06-21,true,medio,alto_volumen|historial_fraude,37720.58
CL-0347,Yuridia,Fonseca,emilio16@example.org,(531)826-8484,1989-06-01,true,alto,viajero_frecuente|historial_fraude,36666.3
CL-0348,Mariana,Zedillo,juan58@example.net,(938)109-7273,1959-12-06,true,bajo,empresa|alto_volumen,5945.12
CL-0349,Tania,Piña,cintronanabel@example.net,688.482.0813x52,1967-11-08,true,bajo,viajero_frecuente|alto_volumen,96050.49
CL-0350,Diego,Valadez,irma51@example.org,(812)284-4393x3,1987-10-12,true,critico,,50565.62
CL-0351,Camila,Castillo,egranado@example.net,616-967-5448x75,1985-11-16,true,medio,nuevo_usuario,92509.0
CL-0352,Evelio,Benítez,adrianacotto@example.net,922-077-7813,1951-11-25,true,medio,alto_volumen|viajero_frecuente|cliente_vip,35723.81
CL-0353,Manuel,Cuellar,xposada@example.net,038.485.9329,1980-09-11,true,bajo,viajero_frecuente,60514.51
CL-0354,Daniel,Sevilla,susana67@example.net,05610655313,1957-05-31,true,bajo,nuevo_usuario|empresa|historial_fraude,26279.24
CL-0355,Gerónimo,Cuellar,abrahamserrano@example.org,+42(8)569797632,1975-03-23,true,bajo,alto_volumen,86688.35
CL-0356,Yolanda,Valadez,arevaloofelia@example.com,+20(4)654658891,1988-07-02,true,critico,empresa,71233.17
CL-0357,Nayeli,Haro,farias@example.org,396-799-8162x80,2003-01-15,true,medio,alto_volumen,16575.16
CL-0358,Nadia,Alva,felipeposada@example.com,216.449.2196x19,1963-02-12,true,bajo,viajero_frecuente|nuevo_usuario|alto_volumen,62413.8
CL-0359,Israel,Caballero,abelardo18@example.org,023.163.6019x94,1984-02-15,true,bajo,,32031.7
CL-0360,María Teresa,Rojas,senriquez@example.org,541-163-3735,1980-02-28,true,medio,alto_volumen,8012.27
CL-0361,Juan,Posada,nevarezcynthia@example.org,(662)676-8087x4,1977-04-19,true,bajo,,37630.46
CL-0362,Adán,Patiño,mlimon@example.org,008-638-2137x94,1966-04-22,false,alto,alto_volumen|nuevo_usuario|viajero_frecuente,7108.8
CL-0363,María Cristina,Rojas,teodoro74@example.org,00995371007,1992-05-08,true,medio,nuevo_usuario,61439.14
CL-0364,Gabino,Ballesteros,luciobarbara@example.net,(706)563-2412x0,1979-12-28,true,bajo,historial_fraude|nuevo_usuario,11494.95
CL-0365,Luis Miguel,Romero,soledad98@example.org,1-296-422-2862x,1982-05-08,true,bajo,nuevo_usuario,37415.73
CL-0366,Lucía,Ponce,fvasquez@example.org,1-719-719-3108x,1968-11-04,true,medio,alto_volumen|nuevo_usuario,10548.65
CL-0367,Luis Manuel,Lovato,qperales@example.org,759-334-1067x90,1953-09-06,true,bajo,,91393.33
CL-0368,Espartaco,Solís,corneliocasanova@example.net,+10(7)560849474,1989-12-28,true,medio,alto_volumen,9338.2
CL-0369,Tania,Bañuelos,rivaspilar@example.com,700-602-1635x90,1968-02-15,true,bajo,nuevo_usuario|historial_fraude,17059.89
CL-0370,Arcelia,Salinas,ochavez@example.net,214-829-2357,1982-11-02,true,bajo,cliente_vip|nuevo_usuario|empresa,72297.94
CL-0371,Fernando,Concepción,guillermo41@example.org,1-299-019-8792x,1993-04-26,true,alto,,93270.57
CL-0372,Soledad,Ulloa,razofrancisca@example.com,06705890265,1964-12-23,true,bajo,,70277.21
CL-0373,Anel,Merino,andres04@example.com,(753)751-7736x7,2000-10-17,true,bajo,,97302.45
CL-0374,Jos,Covarrubias,gregorio68@example.com,1-568-702-8629x,1964-11-06,true,bajo,historial_fraude|cliente_vip|viajero_frecuente,51909.28
CL-0375,Isabel,Iglesias,ipalacios@example.com,(204)369-0986x6,1968-07-25,true,bajo,historial_fraude|cliente_vip|nuevo_usuario,17680.3
CL-0376,Porfirio,Romero,aguilarkarla@example.com,665-347-3386x41,1996-01-03,true,bajo,,71359.89
CL-0377,Paulina,Mateo,acarrasco@example.net,228-018-9937,1974-02-02,true,bajo,alto_volumen|nuevo_usuario,18768.69
CL-0378,Abigail,Malave,abel79@example.net,(983)389-4605,1953-07-04,true,bajo,nuevo_usuario,94320.51
CL-0379,Cristina,Lucio,anabelcastaneda@example.net,03033611329,1954-08-16,true,bajo,nuevo_usuario,26402.79
CL-0380,Natalia,Soto,fabiolaposada@example.com,462.390.1400x31,1950-02-15,true,medio,,64002.92
CL-0381,Marisol,Garrido,ignacioescobedo@example.org,+30(3)450273575,1973-09-09,true,critico,viajero_frecuente|cliente_vip,42017.6
CL-0382,José Luis,Villa,xcollado@example.org,(979)958-6337x5,1981-11-22,true,medio,viajero_frecuente|empresa,96592.29
CL-0383,Timoteo,Becerra,abraham73@example.org,071-392-9207x30,1998-03-19,true,bajo,,87062.23
CL-0384,Santiago,Valadez,esteban79@example.com,919-117-1190x21,1984-04-08,true,alto,,27219.83
CL-0385,Óliver,Puente,delia25@example.com,+73(7)233229897,1969-10-17,true,medio,historial_fraude,21984.03
CL-0386,Rolando,Valle,kpaz@example.com,(084)273-3068x7,1988-12-05,true,medio,alto_volumen|historial_fraude|empresa,90412.48
CL-0387,Dolores,Cepeda,rufino23@example.org,215.151.4066x95,1966-08-07,true,bajo,historial_fraude,19258.83
CL-0388,Eric,Espino,escalantenicolas@example.org,(287)087-1657,1975-04-22,false,bajo,empresa,17966.03
CL-0389,Jacinto,Montoya,sosaantonia@example.com,(655)102-2997,1956-03-25,true,bajo,empresa|cliente_vip|alto_volumen,43786.71
CL-0390,Eugenia,Reyna,bernardo32@example.org,445-346-8331x29,1951-01-22,true,bajo,viajero_frecuente|cliente_vip|alto_volumen,39031.76
CL-0391,Eva,Granados,hurtadomiriam@example.org,1-909-529-0114,1953-12-04,true,bajo,,77471.53
CL-0392,Ramiro,Pichardo,angelvillanueva@example.net,132-673-9688x58,1950-11-04,true,bajo,,12421.22
CL-0393,Cecilia,de la O,brunoleon@example.org,+98(8)641468577,1968-02-25,true,medio,empresa|viajero_frecuente,76447.83
CL-0394,Dolores,Cedillo,ferrerpatricio@example.com,(344)741-7037,1979-10-06,true,alto,nuevo_usuario,25893.27
CL-0395,Jacobo,Vera,ramirogutierrez@example.com,1-941-269-0672,1961-01-15,false,bajo,empresa|cliente_vip,6363.53
CL-0396,Alejandra,Fierro,nblanco@example.com,111-248-9785x89,1995-11-23,true,bajo,,42697.9
CL-0397,Jorge,Benavides,hlopez@example.net,197.663.0460x31,1970-05-03,true,bajo,viajero_frecuente,16442.9
CL-0398,Leticia,Luevano,aliciapizarro@example.org,121.020.8416x50,1984-07-08,true,medio,empresa,72055.42
CL-0399,Enrique,Vela,yvaldivia@example.net,(777)127-8840x2,1959-02-16,true,alto,alto_volumen|viajero_frecuente|empresa,29617.8
CL-0400,Felipe,Salazar,velizfederico@example.org,887-088-3872x70,1957-08-10,true,bajo,viajero_frecuente|nuevo_usuario,61241.63
CL-0401,Beatriz,Quintero,iespinal@example.com,(292)156-1399x5,1988-02-25,true,bajo,cliente_vip|alto_volumen,67392.79
CL-0402,Uriel,Bustos,moyaantonio@example.com,813-033-9581,1974-04-28,true,bajo,nuevo_usuario|viajero_frecuente,66849.71
CL-0403,Alicia,Palomino,oscar00@example.net,1-815-869-6470x,1950-03-13,true,alto,,97848.84
CL-0404,Elsa,Mascareñas,guillermo18@example.net,495-457-4759x03,1963-04-05,true,medio,nuevo_usuario,72691.66
CL-0405,Julio César,Fierro,lgranado@example.net,(078)482-8351x3,1974-12-26,true,medio,viajero_frecuente|empresa|historial_fraude,33659.23
CL-0406,Mariano,Medrano,karina85@example.org,535.397.1482,1988-01-10,true,bajo,nuevo_usuario|empresa|historial_fraude,97339.19
CL-0407,Raquel,Noriega,qgodoy@example.com,950.547.7717x22,1984-05-18,true,medio,alto_volumen|empresa,50716.02
CL-0408,José Carlos,Rubio,cabrerasamuel@example.org,(164)244-7200x2,1957-07-02,true,bajo,historial_fraude,43340.39
CL-0409,Alonso,Menéndez,quesadagerardo@example.org,02259288623,1957-10-30,true,bajo,empresa,2280.88
CL-0410,Benjamín,Osorio,ksaenz@example.com,+49(3)904970039,1982-07-07,true,critico,,95846.35
CL-0411,Irma,Melgar,jimenezbernardo@example.net,1-819-128-2891x,1981-05-05,true,alto,,85234.25
CL-0412,Camilo,Cepeda,wojeda@example.com,(285)547-8879x1,1991-04-22,true,medio,nuevo_usuario,85624.6
CL-0413,Julio,Enríquez,dgrijalva@example.org,1-429-462-5828,1955-01-05,true,critico,alto_volumen|empresa|cliente_vip,13489.11
CL-0414,Tania,Roybal,riossocorro@example.net,952-265-3267,1952-05-13,true,medio,historial_fraude,43621.46
CL-0415,Catalina,Urías,dianamedina@example.net,(634)002-7783x5,2002-03-07,true,bajo,,84068.85
CL-0416,Bernardo,Zambrano,uzuniga@example.net,224-638-9527,1963-03-07,true,alto,,9741.34
CL-0417,Ramón,Partida,tnieto@example.net,+22(3)333716482,1962-07-28,true,bajo,alto_volumen|empresa|historial_fraude,70459.26
CL-0418,Guillermina,Arriaga,marisolriojas@example.net,1-465-159-7932x,1951-03-09,true,bajo,empresa|nuevo_usuario|historial_fraude,17276.96
CL-0419,Sessa,Manzanares,sessa94@example.com,868.383.4881x56,1965-07-28,true,alto,,3065.02
CL-0420,Josefina,Razo,wortiz@example.com,864.517.2074,1970-05-24,true,medio,cliente_vip|nuevo_usuario|empresa,17366.46
CL-0421,Óliver,Caraballo,marco-antonioontiveros@example.org,1-979-015-6140,1955-01-09,true,critico,alto_volumen|empresa|historial_fraude,20001.99
CL-0422,Germán,Montes,rufinonajera@example.net,1-616-463-3624,1992-01-10,true,medio,,65964.6
CL-0423,Graciela,Trejo,concepciondelgadillo@example.com,718-305-7665,1988-01-22,true,bajo,alto_volumen|viajero_frecuente|nuevo_usuario,12623.29
CL-0424,Genaro,Rosales,esparzaaurora@example.org,(086)301-5322x9,1975-04-27,true,bajo,viajero_frecuente|alto_volumen,12433.53
CL-0425,Benito,Jurado,rivascristobal@example.org,774-996-2694,1977-09-25,true,bajo,,21769.14
CL-0426,Victoria,Lemus,mariano45@example.org,09822286537,1957-08-18,true,alto,nuevo_usuario,57350.09
CL-0427,Cornelio,Nieto,collazoramiro@example.net,1-836-622-9002x,1958-05-13,true,bajo,viajero_frecuente|empresa|nuevo_usuario,2830.92
CL-0428,Ilse,Cuellar,tania35@example.org,(682)175-9035x5,1967-06-26,true,bajo,historial_fraude|cliente_vip,40282.85
CL-0429,Serafín,Olivárez,augusto55@example.com,1-849-476-1119,1958-09-26,true,bajo,empresa,89858.1
CL-0430,Camilo,Quintana,villarrealariadna@example.org,177-847-8775,2002-09-05,true,bajo,viajero_frecuente,48741.4
CL-0431,Gerardo,Alonso,estebantellez@example.net,113-454-0729,1976-01-11,true,alto,,68872.65
CL-0432,Florencia,Cruz,abreumarisol@example.org,262-058-1187x88,1970-10-11,true,bajo,,81132.65
CL-0433,Amelia,Puga,rosalia69@example.com,916.443.3581x96,1996-04-27,true,medio,cliente_vip,61656.41
CL-0434,Iván,Elizondo,patricia19@example.net,158-527-9947x64,1980-06-01,true,bajo,historial_fraude|alto_volumen,63100.14
CL-0435,Mateo,Sáenz,yanezjuan-carlos@example.net,(743)202-0965x9,1984-10-10,true,alto,,99706.93
CL-0436,Aldo,Medina,irmapartida@example.com,336.568.4251x67,1994-08-20,true,medio,cliente_vip,3464.29
CL-0437,Genaro,Rubio,ybarrajuan-carlos@example.org,032.968.7958x19,1994-10-05,true,medio,cliente_vip|viajero_frecuente,32744.43
CL-0438,Amelia,Reyna,tomasrobledo@example.net,242.640.0504,1975-02-17,true,alto,viajero_frecuente,36630.11
CL-0439,Abril,Terán,jaimepolanco@example.org,318.551.7671x00,1989-08-28,true,bajo,nuevo_usuario|historial_fraude|empresa,15763.83
CL-0440,Abelardo,Altamirano,nprieto@example.com,1-012-565-2540,1985-12-20,true,bajo,viajero_frecuente|nuevo_usuario|cliente_vip,62728.98
CL-0441,Vanesa,Romo,german87@example.org,1-653-239-9892x,1983-07-11,true,medio,nuevo_usuario|cliente_vip|empresa,42493.04
CL-0442,Ilse,Segura,teresa13@example.org,029.191.9128x97,1955-02-13,true,bajo,,25992.04
CL-0443,María Teresa,Otero,maria-cristinaarevalo@example.com,02089577743,1963-11-13,true,medio,,30484.74
CL-0444,Augusto,Matos,buenoisaac@example.net,988-070-8988,1991-06-22,true,bajo,viajero_frecuente|alto_volumen|historial_fraude,36195.92
CL-0445,Jonás,Reyes,felicianozoe@example.org,107.644.0461x91,1959-09-21,true,bajo,viajero_frecuente|empresa|alto_volumen,92404.09
CL-0446,Espartaco,Ávalos,humbertoleiva@example.org,(449)197-7285,1979-06-29,true,medio,historial_fraude,35557.51
CL-0447,Oswaldo,Cortés,maria-teresarubio@example.com,700-987-1858x25,1992-09-21,true,medio,empresa,46548.71
CL-0448,Felipe,Flórez,aalcantar@example.net,08368714156,2000-12-22,false,bajo,alto_volumen|empresa|nuevo_usuario,60905.59
CL-0449,Alvaro,Santacruz,mnarvaez@example.net,(329)939-4034,1969-02-23,true,bajo,historial_fraude|empresa,87066.02
CL-0450,Paola,Peña,barraganleonel@example.com,(058)268-8953x5,1957-07-02,true,critico,nuevo_usuario|empresa|alto_volumen,28842.72
CL-0451,Patricia,Torres,delia70@example.net,535.385.1247,1973-04-11,true,bajo,historial_fraude|cliente_vip|alto_volumen,7266.74
CL-0452,Alberto,Gómez,alejandro29@example.net,(419)185-8859,1967-10-26,true,alto,nuevo_usuario|empresa|alto_volumen,43071.91
CL-0453,Luis Manuel,Malave,genaro42@example.com,000-922-3486x48,1989-03-09,true,bajo,empresa,69904.34
CL-0454,Reina,Salcedo,xmeza@example.com,+97(1)113819896,2000-04-27,true,bajo,,60518.61
CL-0455,Estela,Vázquez,esparta19@example.org,450-531-7697x11,1978-05-25,false,bajo,nuevo_usuario,89857.11
CL-0456,Clemente,Villalobos,giljose-eduardo@example.net,1-344-368-0983x,1973-07-30,true,alto,nuevo_usuario|viajero_frecuente|historial_fraude,2360.34
CL-0457,Luisa,Camarillo,ahinojosa@example.com,1-998-054-2283x,1990-04-24,true,bajo,empresa,58680.95
CL-0458,Humberto,Palomino,mcorrea@example.org,(139)191-5270x5,1998-12-29,true,bajo,historial_fraude,60892.45
CL-0459,Micaela,Pedroza,esegura@example.com,939.754.8728,2001-10-01,true,bajo,alto_volumen,38285.13
CL-0460,Emilio,Peralta,mariairizarry@example.net,832-625-2787x74,1961-03-11,true,bajo,nuevo_usuario|cliente_vip,65593.34
CL-0461,Paulina,Saiz,abelardo27@example.org,253.211.3804,1996-12-08,true,bajo,nuevo_usuario|empresa|historial_fraude,34911.01
CL-0462,Hermelinda,García,kguzman@example.org,1-229-324-2180,1999-08-04,true,alto,historial_fraude|nuevo_usuario|alto_volumen,55190.76
CL-0463,Cristal,Castañeda,quintanillasusana@example.com,744-733-9987x97,1957-11-11,true,bajo,empresa|nuevo_usuario|viajero_frecuente,12173.58
CL-0464,Adán,Rosario,jeronimo90@example.org,724.678.5406,1989-11-04,true,medio,viajero_frecuente|historial_fraude|empresa,80975.32
CL-0465,Felix,Barrera,maria-del-carmenparedes@example.net,1-370-615-5437x,1999-06-27,true,medio,alto_volumen|empresa|historial_fraude,21164.9
CL-0466,Micaela,Valentín,natividadorellana@example.org,1-269-725-2706x,1981-06-15,true,bajo,,91574.87
CL-0467,Olivia,Colón,itzel64@example.net,142.284.0068x63,1995-07-15,true,bajo,viajero_frecuente|nuevo_usuario|alto_volumen,88201.5
CL-0468,Esmeralda,Sauceda,guillermina92@example.com,103-632-4553x34,1987-03-12,false,bajo,empresa|alto_volumen|viajero_frecuente,4572.19
CL-0469,Elvira,Correa,timoteo27@example.com,563.487.7600,2001-05-02,true,medio,nuevo_usuario|alto_volumen,25699.45
CL-0470,Serafín,Alba,ivan08@example.com,(159)227-6059x7,1985-04-15,true,critico,cliente_vip,80530.5
CL-0471,Alejandra,Granados,claudiafierro@example.org,1-749-485-0523,1985-01-10,true,bajo,empresa,19024.29
CL-0472,David,Alcaraz,maria40@example.net,229-961-4071x84,1970-09-21,true,alto,historial_fraude,80514.85
CL-0473,Julio César,Quintanilla,gonzalezraul@example.org,1-471-928-5160x,1978-12-04,true,bajo,empresa|nuevo_usuario|alto_volumen,11140.01
CL-0474,Cristian,Bétancourt,sessa09@example.org,(181)156-9249,1998-10-11,true,bajo,viajero_frecuente,9719.71
CL-0475,Rosa,Iglesias,etamez@example.org,290-579-1949,1982-02-16,true,bajo,historial_fraude,65947.23
CL-0476,Concepción,Santacruz,ursula36@example.org,224.749.9985x22,1972-01-02,true,bajo,cliente_vip,81095.54
CL-0477,Adriana,Meléndez,bruno51@example.com,1-696-220-5806x,1974-09-02,true,bajo,empresa|viajero_frecuente,16089.41
CL-0478,Abril,Olivares,alfonsosalas@example.org,009-225-4263,1959-12-15,true,bajo,,60397.66
CL-0479,Rodrigo,Sotelo,dmontanez@example.com,253-802-4269,1958-04-29,true,bajo,nuevo_usuario|alto_volumen,84773.11
CL-0480,Alma,Frías,mario36@example.net,(425)390-1803,1959-01-12,true,alto,historial_fraude,4151.78
CL-0481,Fabiola,Quiñónez,juradojaqueline@example.com,747.080.2647x34,1968-11-12,true,bajo,,38774.93
CL-0482,Emiliano,Meléndez,zamoracamila@example.net,487-017-4163x79,1950-11-29,true,bajo,alto_volumen|empresa|nuevo_usuario,66647.31
CL-0483,Amalia,Rico,arenasmonica@example.com,02293689832,1960-07-07,true,medio,,99386.48
CL-0484,Angélica,Galindo,rosario66@example.net,1-441-531-4824,1964-03-18,true,bajo,,26941.1
CL-0485,Rubén,Holguín,ivan36@example.net,1-639-498-0761,1998-01-31,false,bajo,,52150.98
CL-0486,Renato,Granado,uvergara@example.org,620-814-7646x50,1952-08-24,true,bajo,viajero_frecuente|alto_volumen,23536.59
CL-0487,Vicente,Ocampo,espartaroybal@example.org,02493995054,1974-07-21,true,medio,nuevo_usuario,95416.48
CL-0488,Ricardo,de Jesús,trevinoemilia@example.net,360.040.2569x51,1989-02-13,true,bajo,historial_fraude|empresa,41194.33
CL-0489,Gerardo,Gonzales,diego36@example.net,1-355-076-4378x,1975-03-21,true,bajo,alto_volumen,12083.67
CL-0490,Carolina,Nieves,teresa89@example.net,+83(2)646177445,1993-10-07,true,medio,alto_volumen|empresa,45723.46
CL-0491,Rocío,Jiménez,dulce80@example.com,+31(9)476077682,1959-08-26,true,bajo,nuevo_usuario|cliente_vip,44072.67
CL-0492,José Emilio,Serrato,tgarrido@example.org,(144)307-6910x4,1990-04-27,true,bajo,empresa|viajero_frecuente,5308.48
CL-0493,Irma,Carrión,adalberto69@example.org,819.710.5722x80,1985-09-25,false,bajo,nuevo_usuario|cliente_vip|empresa,19630.62
CL-0494,Alonso,Montez,sayala@example.org,494.507.9542,1972-01-04,true,bajo,nuevo_usuario,66381.55
CL-0495,Iván,Naranjo,manuel84@example.com,1-660-315-6599,1978-08-01,true,bajo,viajero_frecuente|empresa,72246.66
CL-0496,Esperanza,Collazo,jrojo@example.com,1-640-950-8990,1955-12-11,true,bajo,alto_volumen|cliente_vip,60976.59
CL-0497,Mariana,Quintero,camposmiguel-angel@example.org,963-943-2143,2000-04-29,true,bajo,,61574.63
CL-0498,Alta  Gracia,Mercado,ccornejo@example.com,830-845-9939x73,2001-06-29,true,alto,,43331.51
CL-0499,Esparta,Villegas,jcorrea@example.com,636-194-9185x92,1967-09-08,false,medio,nuevo_usuario|alto_volumen,50405.56
CL-0500,José Emilio,Montenegro,barrazaeduardo@example.net,05551505421,1961-02-18,true,bajo,historial_fraude|viajero_frecuente,60940.21
CL-0501,Luis Miguel,Maya,eestrada@example.net,651-886-9919x28,1951-11-28,true,bajo,cliente_vip,65079.33
CL-0502,Samuel,Roybal,ramosmarisela@example.com,+97(9)638019457,1991-06-06,true,alto,,84481.0
CL-0503,Ángel,Gurule,angelalinares@example.org,+75(7)942529313,1980-04-08,true,bajo,,8806.5
CL-0504,Gustavo,Cortés,francisco-javier38@example.net,959.425.4359,1978-06-16,true,bajo,empresa|nuevo_usuario|cliente_vip,41233.75
CL-0505,Serafín,Valdez,godoyjaime@example.net,04594869821,1954-03-23,true,bajo,historial_fraude|cliente_vip,70252.78
CL-0506,Martha,Salazar,eloisa20@example.com,1-069-061-3667,1983-07-19,true,bajo,,12068.87
CL-0507,Benito,Bernal,rosa01@example.org,131.306.9208x75,1962-06-13,true,bajo,,33640.19
CL-0508,Miguel Ángel,Córdova,alicia39@example.net,1-379-117-4329x,1967-02-24,true,medio,alto_volumen|empresa|viajero_frecuente,81603.64
CL-0509,Mayte,Sevilla,merinojaqueline@example.net,(413)512-8241,1954-09-17,true,medio,,78924.52
CL-0510,Mauricio,Jasso,dulcecazares@example.com,226.895.9788,1979-07-19,true,bajo,viajero_frecuente|nuevo_usuario,79579.53
CL-0511,Virginia,Dávila,zgonzales@example.org,(580)196-3645x2,2002-05-06,true,bajo,alto_volumen,14376.29
CL-0512,Claudio,Montalvo,maestasdolores@example.net,1-716-193-8573,1996-10-23,true,alto,empresa|historial_fraude|viajero_frecuente,58632.7
CL-0513,Graciela,Feliciano,alicia63@example.net,(342)550-9429x1,1970-04-06,true,medio,nuevo_usuario|historial_fraude,77087.79
CL-0514,Martha,Oquendo,ealba@example.org,760.226.8435,1968-06-21,true,medio,cliente_vip|alto_volumen,9364.15
CL-0515,María Elena,Palacios,ocasarez@example.net,433-086-6876x74,1969-05-23,true,bajo,viajero_frecuente,39735.9
CL-0516,Catalina,Calderón,serranoelsa@example.net,790.615.5484x20,1997-05-03,true,bajo,alto_volumen|cliente_vip,32709.18
CL-0517,Claudia,Núñez,qlimon@example.org,1-528-689-6509,1961-09-01,true,alto,empresa|alto_volumen|viajero_frecuente,37637.09
CL-0518,Miguel Ángel,Gamboa,arceliaharo@example.net,1-917-224-6627x,1966-11-11,true,critico,historial_fraude,43463.21
CL-0519,Laura,Concepción,sofiaolivo@example.com,295.136.5200x36,1963-03-20,true,medio,,12502.99
CL-0520,Olivia,Mascareñas,dcarvajal@example.net,1-613-060-0224x,1991-05-07,true,bajo,,4801.45
CL-0521,Elena,Pelayo,cbustos@example.org,06486818032,1999-05-16,true,medio,nuevo_usuario|empresa|viajero_frecuente,44284.42
CL-0522,Guadalupe,Aguirre,alejandraprieto@example.org,1-036-279-5899,1989-08-05,true,bajo,cliente_vip|nuevo_usuario|viajero_frecuente,11585.64
CL-0523,Enrique,Nieto,alejandro50@example.net,783-004-6820x05,1986-02-16,true,medio,alto_volumen|nuevo_usuario|empresa,29040.72
CL-0524,Nayeli,Espinoza,augusto26@example.org,603.894.8049x13,1959-12-19,true,medio,viajero_frecuente|empresa|alto_volumen,7207.5
CL-0525,Iván,Hidalgo,rendonraul@example.net,002.771.6079x46,1997-09-27,true,bajo,alto_volumen|viajero_frecuente,24193.57
CL-0526,Teodoro,Roque,jaime51@example.net,(535)252-0314,1969-09-23,true,medio,historial_fraude|empresa|viajero_frecuente,88193.71
CL-0527,Aida,Sevilla,alfaroisaac@example.com,527-906-9812x28,1968-04-06,true,bajo,alto_volumen,30223.27
CL-0528,Aurelio,Ibarra,luisa27@example.net,(040)822-9917x2,1958-06-16,true,bajo,,90962.68
CL-0529,Julia,Apodaca,bvaca@example.com,09314910189,1965-04-10,true,medio,empresa|alto_volumen,8806.55
CL-0530,Sara,Sevilla,horacioramon@example.com,(161)124-7207,1988-05-23,true,bajo,alto_volumen|viajero_frecuente|historial_fraude,19396.48
CL-0531,Clara,Carranza,horacio16@example.com,435.056.6259x07,1965-04-26,true,bajo,,85602.79
CL-0532,René,Cisneros,ernestoozuna@example.com,+20(2)154981540,1972-03-16,true,bajo,cliente_vip|viajero_frecuente|historial_fraude,6427.3
CL-0533,Zacarías,Jimínez,israel17@example.net,1-387-268-3324x,1995-02-21,true,bajo,alto_volumen|cliente_vip,16365.13
CL-0534,Martín,Fuentes,benavidesalejandro@example.org,103-556-9299,1990-08-10,true,bajo,empresa|nuevo_usuario,36376.54
CL-0535,Ruby,Delgadillo,mmatos@example.org,+91(9)370393389,1951-03-21,true,bajo,nuevo_usuario|empresa|historial_fraude,31511.14
CL-0536,Pamela,Rincón,telleztimoteo@example.org,(807)842-1824x7,1963-04-09,true,bajo,viajero_frecuente|nuevo_usuario|empresa,85914.02
CL-0537,Leonardo,Maya,dzamora@example.com,286-237-3686x43,1994-08-30,false,medio,nuevo_usuario,58603.25
CL-0538,Porfirio,Granado,xfernandez@example.org,760.412.0601,1967-05-23,true,medio,nuevo_usuario|alto_volumen|viajero_frecuente,39022.27
CL-0539,Mateo,Venegas,patricioduran@example.net,1-321-838-1780,1990-04-22,true,bajo,empresa|cliente_vip,87857.1
CL-0540,Ángela,Carrera,leonardoesquibel@example.net,1-504-713-5101,2002-11-09,true,bajo,nuevo_usuario|historial_fraude,99406.48
CL-0541,Virginia,Jurado,asuncion44@example.org,979.343.0259,2001-12-28,true,bajo,,35640.9
CL-0542,Celia,Lozano,gabriela23@example.org,622-437-0697,1975-11-16,true,medio,historial_fraude|cliente_vip|nuevo_usuario,2816.82
CL-0543,Marisol,Salas,genarolucio@example.org,09341088922,1963-06-24,true,alto,historial_fraude,30398.61
CL-0544,Gustavo,Meléndez,margarita52@example.net,1-170-951-3773x,1993-09-04,true,bajo,nuevo_usuario,80378.94
CL-0545,Bernabé,Laureano,carmen66@example.com,(549)405-4538x9,1969-07-01,true,bajo,,60121.02
CL-0546,Florencia,Aguirre,nmaldonado@example.com,052-837-8667x67,1981-08-08,true,bajo,viajero_frecuente|historial_fraude,2062.89
CL-0547,Esteban,Ulloa,abel77@example.org,02230744694,2000-04-22,true,bajo,nuevo_usuario|cliente_vip,10428.34
CL-0548,Luisa,Rosado,veronicanavarrete@example.com,(505)946-6240x2,2002-07-03,true,bajo,historial_fraude,30498.6
CL-0549,Augusto,Matías,hgalarza@example.com,972.659.7674x23,1987-11-29,true,bajo,alto_volumen|historial_fraude,90607.96
CL-0550,Martín,Terán,estela49@example.net,+82(5)045947377,1965-07-19,true,alto,cliente_vip|nuevo_usuario,68534.47
CL-0551,Débora,Rolón,nicolasesquibel@example.net,153.564.1490x90,1967-11-25,true,bajo,empresa,42798.61
CL-0552,Renato,Pérez,ordonezfrida@example.com,026.732.8320x14,2000-11-02,true,bajo,viajero_frecuente|nuevo_usuario,47193.13
CL-0553,Daniela,Vanegas,fvelasquez@example.org,(109)103-7464x9,1978-02-07,true,bajo,viajero_frecuente|alto_volumen|historial_fraude,69146.0
CL-0554,Diego,Ibarra,enriquegutierrez@example.org,770-403-2101x02,1987-09-23,true,bajo,historial_fraude|empresa,47205.83
CL-0555,Esmeralda,Valenzuela,mvelasco@example.com,08049358053,1987-10-06,true,alto,,15777.39
CL-0556,Miguel,Rubio,cristalrenteria@example.org,1-983-376-2183,1995-12-14,true,alto,cliente_vip,62847.19
CL-0557,Elvia,Montenegro,pfranco@example.com,280-093-2152x06,1961-04-19,true,alto,viajero_frecuente|historial_fraude,2583.38
CL-0558,Eric,Salas,jose57@example.net,(540)937-9856x4,1974-03-29,true,medio,viajero_frecuente|empresa|cliente_vip,65688.23
CL-0559,Bernardo,Ibarra,taniagallegos@example.net,1-360-982-6405x,1976-01-26,true,bajo,,69678.1
CL-0560,Isabel,Miramontes,de-la-torrehermelinda@example.com,1-693-638-2469x,2002-06-13,true,alto,,74457.62
CL-0561,Roberto,Otero,hector20@example.com,219-994-5285,1962-12-07,true,bajo,cliente_vip,96793.29
CL-0562,Miriam,Barraza,felixvalentin@example.org,1-914-351-0121x,1977-11-22,true,bajo,nuevo_usuario,93780.06
CL-0563,Eugenia,de la Garza,imaya@example.org,287.318.1688,1956-01-10,false,medio,viajero_frecuente,61171.48
CL-0564,Mariano,Ballesteros,ppantoja@example.com,155-974-6569x91,1972-03-06,true,bajo,,48426.76
CL-0565,Sonia,Angulo,rubenbenitez@example.org,01341626338,1976-11-27,true,medio,historial_fraude|viajero_frecuente|cliente_vip,98304.23
CL-0566,Uriel,Prado,rvillalpando@example.com,1-495-812-6607,1961-01-19,true,medio,cliente_vip|historial_fraude,64347.32
CL-0567,Paola,Rubio,bespinosa@example.com,00768619529,1995-11-22,true,bajo,alto_volumen,55574.74
CL-0568,Linda,Romo,toroadalberto@example.net,184-687-1260x66,2002-10-27,true,bajo,nuevo_usuario|viajero_frecuente,67434.57
CL-0569,Gloria,Barrientos,elenaolivo@example.net,807.306.7906x26,1991-08-17,true,bajo,,43633.63
CL-0570,Alberto,Espinal,luz95@example.com,134-285-3829x91,1950-12-28,true,bajo,viajero_frecuente|cliente_vip|historial_fraude,5340.19
CL-0571,Leonor,Uribe,virginia35@example.org,327-263-1887,1991-12-24,true,medio,viajero_frecuente|nuevo_usuario|alto_volumen,46918.32
CL-0572,Eva,Ayala,abigail12@example.com,00969413566,1994-11-30,true,bajo,nuevo_usuario,51314.15
CL-0573,María Elena,Salazar,odavila@example.com,(482)819-9717x0,1963-08-02,true,bajo,cliente_vip|viajero_frecuente|alto_volumen,72482.49
CL-0574,Dulce María,Longoria,aguilerapascual@example.com,168.915.5313x48,1977-03-06,true,bajo,nuevo_usuario,8684.59
CL-0575,Pedro,Vigil,gonzalesflavio@example.com,+67(6)489415979,2001-09-05,true,medio,historial_fraude|empresa|alto_volumen,51684.06
CL-0576,Cornelio,Berríos,claravalle@example.org,453.586.6410x49,2002-10-30,true,medio,alto_volumen|nuevo_usuario,36113.33
CL-0577,Felix,Solís,lmares@example.com,1-074-777-8450x,1964-04-12,true,medio,viajero_frecuente|empresa|cliente_vip,67195.58
CL-0578,Úrsula,Chapa,raelelvira@example.org,1-127-192-3121x,1959-06-17,true,bajo,nuevo_usuario|alto_volumen|cliente_vip,19051.8
CL-0579,Juan Carlos,Nevárez,karina25@example.com,(561)091-1719x4,1960-04-09,false,alto,viajero_frecuente|empresa|nuevo_usuario,75493.62
CL-0580,María Teresa,Ramos,federicoaguilar@example.com,021-400-7621x72,1965-08-13,true,bajo,cliente_vip|viajero_frecuente,70475.12
CL-0581,Cynthia,Solís,oliver37@example.net,(142)563-0101x4,1972-08-26,true,bajo,alto_volumen,68527.2
CL-0582,Tomás,Avilés,ignacio64@example.net,(732)883-5412x9,1997-06-01,true,bajo,historial_fraude,20844.99
CL-0583,Luis Manuel,Zelaya,armendarizfernando@example.com,477.256.4954x05,1968-04-05,false,bajo,,15775.13
CL-0584,David,Zepeda,eliasornelas@example.org,(536)939-2568x1,1980-07-26,true,bajo,cliente_vip|empresa|viajero_frecuente,73537.76
CL-0585,Modesto,Becerra,maximilianovillagomez@example.net,925.733.2056x35,1994-12-07,true,alto,alto_volumen|empresa|historial_fraude,62610.93
CL-0586,Cristal,Vargas,alcarazpascual@example.com,085.998.0825,1989-05-17,true,bajo,viajero_frecuente,38859.59
CL-0587,Salma,Casares,yarce@example.net,955-280-5891x24,1961-05-30,true,bajo,,31226.24
CL-0588,Uriel,Mascareñas,julia11@example.com,705.361.1597,2003-12-18,true,bajo,viajero_frecuente,4209.16
CL-0589,Magdalena,Olivárez,octaviozaragoza@example.net,08200474019,1982-02-09,true,medio,nuevo_usuario|historial_fraude,87404.39
CL-0590,Miriam,Orellana,lorenasaucedo@example.net,+54(4)754847188,1997-12-11,true,critico,,85613.13
CL-0591,Patricia,Anguiano,velazquezjose-luis@example.org,(844)781-4347x4,1955-01-31,true,alto,historial_fraude|cliente_vip,89397.22
CL-0592,Pamela,Ramírez,jose-luis80@example.org,(762)145-4485,1952-11-23,true,bajo,empresa|viajero_frecuente,27566.35
CL-0593,Ruby,Cepeda,sandraperes@example.net,(493)516-7071x8,1962-07-01,true,bajo,,82042.71
CL-0594,Zacarías,Alfaro,samuel56@example.net,540.788.5214x20,1971-02-20,true,bajo,,80954.88
CL-0595,Modesto,Cazares,rosarubio@example.org,920.788.2120,1981-01-10,true,bajo,,95090.96
CL-0596,Esther,Preciado,cavazosalfonso@example.net,1-910-371-1884x,1999-06-22,true,bajo,,14687.53
CL-0597,Norma,Merino,asuncion16@example.org,03967847873,1953-03-12,true,medio,,24074.01
CL-0598,Gerónimo,Verduzco,paezesparta@example.com,+64(0)421986265,1954-12-19,false,bajo,nuevo_usuario|alto_volumen|viajero_frecuente,78618.61
CL-0599,Israel,Calvillo,rubenacosta@example.org,+51(5)529279285,1954-09-05,true,bajo,empresa|viajero_frecuente|historial_fraude,38968.33
CL-0600,Jacinto,Fernández,echeverriaelias@example.org,1-897-448-7720x,1989-04-16,true,bajo,cliente_vip|alto_volumen|viajero_frecuente,62334.01
CL-0601,Karla,Robledo,gracielagallegos@example.net,050.548.0774x42,1989-03-01,true,alto,alto_volumen|nuevo_usuario,25340.68
CL-0602,Eduardo,Leyva,juancervantez@example.net,443.570.0618,1970-05-18,true,bajo,,75751.77
CL-0603,Isaac,Pichardo,espartaco54@example.net,923.156.4255,1951-05-04,true,medio,,26492.4
CL-0604,Timoteo,Benavídez,resendezangelica@example.com,(302)916-2994,1961-05-15,true,bajo,,29694.41
CL-0605,Isaac,Ruiz,eugenia93@example.com,1-148-141-7293x,1961-08-21,true,bajo,nuevo_usuario,48912.73
CL-0606,Cristal,Jáquez,eloisa37@example.com,+54(5)964939016,1956-11-07,true,bajo,,55277.33
CL-0607,Mónica,Zamudio,dulce25@example.org,032.982.9374x71,1977-02-27,true,bajo,alto_volumen|historial_fraude,78460.42
CL-0608,Eduardo,Benavides,dalia40@example.net,1-618-090-1074x,1974-01-01,true,bajo,cliente_vip,55059.08
CL-0609,Miguel,Vela,raul34@example.net,1-215-912-2668x,1993-08-15,true,bajo,historial_fraude|cliente_vip,21948.38
CL-0610,Natalia,Valladares,uanaya@example.com,00711108964,1999-08-11,true,bajo,nuevo_usuario,38494.22
CL-0611,Claudio,Hernádez,ggollum@example.com,467.105.3437x27,1971-02-03,true,medio,viajero_frecuente,65690.99
CL-0612,Bianca,Ávalos,aldonzahernadez@example.org,314-547-6688,1951-11-29,true,bajo,,5308.11
CL-0613,Esmeralda,Porras,hurtadogustavo@example.com,+18(0)749769451,1975-01-15,true,bajo,nuevo_usuario|viajero_frecuente|cliente_vip,39625.75
CL-0614,Clemente,Cotto,porfirio95@example.net,467.163.9812x29,1970-02-19,true,bajo,historial_fraude|empresa|viajero_frecuente,20073.83
CL-0615,José Luis,Arreola,rsoliz@example.net,(302)429-1392,1977-05-18,false,bajo,,76773.64
CL-0616,Ángel,Abreu,olveraabraham@example.org,1-734-578-6636,1969-06-05,true,alto,nuevo_usuario|cliente_vip,35412.55
CL-0617,Martín,Alvarado,miriammiranda@example.org,(856)094-8089x9,1999-08-22,true,medio,historial_fraude|viajero_frecuente|cliente_vip,72687.11
CL-0618,Francisca,Hernández,mariselasauceda@example.com,03937228038,1964-08-01,true,medio,historial_fraude|cliente_vip|nuevo_usuario,47798.58
CL-0619,Julio,Valentín,alfredo43@example.com,1-447-198-0924,1951-05-13,true,critico,alto_volumen,68894.68
CL-0620,Dulce,Medrano,elisa04@example.net,168-324-4247x49,1976-07-16,true,bajo,cliente_vip,40670.92
CL-0621,Pilar,Melgar,hildazarate@example.org,1-404-575-6394x,1951-02-09,true,medio,nuevo_usuario|empresa,57707.23
CL-0622,Lucas,Villegas,evelasco@example.com,07206269613,1991-07-07,false,bajo,alto_volumen|historial_fraude,2869.33
CL-0623,Marisela,Zúñiga,gaytanjaqueline@example.com,256.288.0483,1969-07-18,true,bajo,historial_fraude|cliente_vip,58797.89
CL-0624,Trinidad,Mora,hdelgadillo@example.net,1-935-093-7189x,1966-02-17,true,bajo,viajero_frecuente|historial_fraude,79100.1
CL-0625,José Eduardo,de la Torre,kruelas@example.com,+84(8)385864456,1963-03-07,true,bajo,alto_volumen|empresa|cliente_vip,66285.86
CL-0626,Trinidad,Sandoval,urrutiaalejandro@example.net,022.242.5283,1966-07-13,true,bajo,,86335.89
CL-0627,Marcos,Figueroa,valentinreynaldo@example.com,601-316-4922x74,1999-08-26,true,bajo,,7959.66
CL-0628,Jaqueline,Corona,pledesma@example.net,02454490022,1981-09-13,true,medio,nuevo_usuario|viajero_frecuente,6383.84
CL-0629,Celia,Hernández,zamoraantonia@example.com,02398766405,1956-12-13,true,bajo,,13091.89
CL-0630,María Teresa,Garica,qbriseno@example.com,+01(8)964592929,2001-03-03,true,bajo,nuevo_usuario,82623.91
CL-0631,Alta  Gracia,Ramírez,emilioacuna@example.net,1-865-599-4053x,1979-04-19,true,bajo,nuevo_usuario|alto_volumen|viajero_frecuente,37308.12
CL-0632,Fidel,Cavazos,jparra@example.org,792.356.7286,1952-10-17,true,critico,historial_fraude|nuevo_usuario,6371.84
CL-0633,Miriam,Pérez,silvano78@example.org,1-659-808-9564,1959-07-14,true,alto,,81187.35
CL-0634,Mayte,Rodríguez,lorenzo62@example.org,342.306.0029x66,2002-04-11,false,bajo,alto_volumen|historial_fraude,73173.46
CL-0635,Lorenzo,Domínguez,margaritagodoy@example.com,646.415.0988,1956-12-08,true,bajo,,99247.3
CL-0636,Socorro,Luna,luisadelgadillo@example.com,111-837-3561x44,1992-05-17,true,bajo,cliente_vip|viajero_frecuente|empresa,52992.93
CL-0637,Beatriz,Santacruz,jose-emilioponce@example.org,803.926.1155,1976-04-17,true,bajo,cliente_vip,34211.08
CL-0638,Caridad,Alva,patriciacabrera@example.org,1-885-502-3757x,1978-03-30,true,medio,alto_volumen|historial_fraude,13310.86
CL-0639,Pilar,Posada,taniavalles@example.com,(037)662-8200,2000-04-13,true,bajo,nuevo_usuario|viajero_frecuente|empresa,91634.28
CL-0640,Alejandra,Vásquez,gabinocontreras@example.net,(168)581-1290,1987-07-30,true,medio,historial_fraude,83126.47
CL-0641,Hugo,Mercado,gomezadalberto@example.net,623-720-4995x78,2002-06-18,true,critico,historial_fraude,61343.48
CL-0642,Yolanda,Galván,anayaamelia@example.net,+75(5)483758468,1957-04-24,true,medio,nuevo_usuario|viajero_frecuente,51492.54
CL-0643,Helena,Negrón,qtellez@example.org,013-034-6049x81,1990-09-26,false,bajo,empresa|alto_volumen|cliente_vip,13837.31
CL-0644,Itzel,Zedillo,andres16@example.com,(514)062-4017,1953-01-21,true,bajo,empresa|viajero_frecuente|alto_volumen,4345.28
CL-0645,María,Zaragoza,gerardosegovia@example.org,+54(3)126677741,1961-11-16,true,bajo,,53872.35
CL-0646,Dolores,Lebrón,barretoruby@example.com,1-624-171-4742x,1999-12-19,true,bajo,nuevo_usuario|alto_volumen|historial_fraude,30752.41
CL-0647,Joaquín,Duarte,paolamares@example.net,(785)804-8835x9,1959-09-02,true,bajo,cliente_vip|empresa,6433.29
CL-0648,Leticia,Pacheco,tamezhugo@example.org,(656)190-3079x3,1990-05-08,true,medio,historial_fraude|empresa,44697.63
CL-0649,Reina,Corrales,caridadsierra@example.net,(162)258-1266,1966-06-17,true,medio,empresa,59776.7
CL-0650,Jorge,Montaño,adan22@example.org,+27(1)002477795,1963-08-30,true,medio,,60168.22
CL-0651,Eloy,Ulloa,davidmarrero@example.org,(204)612-1296,1965-11-08,true,bajo,historial_fraude|nuevo_usuario|empresa,59631.93
CL-0652,Rodrigo,Zúñiga,kadame@example.net,845.147.2615,1970-11-02,true,alto,,35429.49
CL-0653,Rafaél,Granados,hlaureano@example.net,029.871.5387,1978-08-01,true,bajo,nuevo_usuario|empresa|historial_fraude,95444.34
CL-0654,Fernando,Mateo,reyesraquel@example.com,370-020-1004,1996-07-29,true,bajo,historial_fraude,88199.21
CL-0655,Norma,Ureña,eloy64@example.net,734-795-6747x54,1960-08-20,true,bajo,nuevo_usuario|alto_volumen,49690.3
CL-0656,Lucas,Corona,soledad25@example.com,589.587.4833,1973-04-10,true,bajo,nuevo_usuario,75839.94
CL-0657,Oswaldo,Casárez,vosorio@example.com,828-014-0370,1968-07-22,true,alto,alto_volumen|viajero_frecuente,51852.42
CL-0658,Clara,Bahena,patricioterrazas@example.com,1-018-493-7491,1998-06-07,true,bajo,,21123.0
CL-0659,Gabriel,Arguello,abrilescobedo@example.com,1-108-872-6486x,1983-02-26,true,bajo,,94296.98
CL-0660,Georgina,Zedillo,angelaorellana@example.org,778-946-4571x58,1976-06-17,true,bajo,cliente_vip|alto_volumen|historial_fraude,72192.59
CL-0661,José Eduardo,Luna,delgadilloernesto@example.org,478.874.8754,1989-11-14,true,alto,,50339.04
CL-0662,Enrique,Mesa,kleiva@example.org,(638)546-9208x2,1960-06-13,true,bajo,nuevo_usuario,80756.83
CL-0663,Elias,Lebrón,urodriguez@example.com,(959)931-5935,1956-09-02,true,medio,empresa,51691.9
CL-0664,Alejandro,Laboy,elviragodoy@example.com,262.778.3979x75,1978-03-30,true,bajo,,5758.97
CL-0665,Guillermo,Esquivel,usevilla@example.net,105-704-2133x84,1953-03-13,true,bajo,alto_volumen|cliente_vip,63473.93
CL-0666,Úrsula,Feliciano,hinojosaeugenia@example.org,(633)902-0290,1992-03-05,true,bajo,alto_volumen|empresa|nuevo_usuario,81759.15
CL-0667,Salvador,Arenas,pmora@example.net,1-990-489-7669,1957-12-16,true,medio,alto_volumen|empresa,86001.37
CL-0668,Julio,Navarro,ariashoracio@example.net,1-089-341-5354,1988-12-18,true,medio,,56658.24
CL-0669,Enrique,Montalvo,ilse51@example.net,1-850-053-1765x,1987-07-08,true,bajo,viajero_frecuente,62111.07
CL-0670,Adán,Vélez,kperea@example.com,05043768353,1981-04-14,true,medio,empresa,66380.21
CL-0671,Alberto,Garay,altamiranohermelinda@example.net,1-321-843-8965,1993-07-08,true,bajo,alto_volumen|nuevo_usuario,63742.69
CL-0672,Sofía,Perea,mnava@example.org,866-169-1824x54,1960-01-31,true,bajo,nuevo_usuario|viajero_frecuente|alto_volumen,89888.2
CL-0673,Timoteo,Acosta,citlalidominguez@example.org,017-472-7274x29,1988-02-12,true,medio,historial_fraude|nuevo_usuario|alto_volumen,47544.12
CL-0674,Linda,Aranda,esparta21@example.org,883.439.6927,1981-03-08,true,bajo,,71072.24
CL-0675,María Luisa,Puga,gdelgadillo@example.com,521.578.9433,1971-01-26,false,medio,historial_fraude|cliente_vip|empresa,28256.54
CL-0676,Irene,Robledo,ivanalvarado@example.com,1-027-690-7992,1973-06-21,true,bajo,viajero_frecuente|cliente_vip|nuevo_usuario,42300.45
CL-0677,Sandra,Quiñones,georginadiaz@example.net,1-205-045-1258x,1974-01-27,true,medio,historial_fraude|nuevo_usuario|viajero_frecuente,23456.92
CL-0678,Jacobo,Roque,cristinarosario@example.net,1-268-420-0264x,1977-09-05,true,medio,,23688.38
CL-0679,Inés,Salcido,sarabiatomas@example.net,(439)998-4759,1959-11-24,true,alto,empresa,62103.79
CL-0680,Alfonso,Candelaria,emiliachapa@example.org,(697)891-0873,1951-11-23,true,bajo,,10844.77
CL-0681,María Teresa,Lozano,dulce-maria24@example.net,018.514.6124,1954-06-01,true,medio,cliente_vip|viajero_frecuente,37485.58
CL-0682,Gloria,Sarabia,dresendez@example.org,(825)411-3063x1,1985-06-26,true,bajo,cliente_vip,24474.78
CL-0683,Rosalia,Solís,danielrazo@example.net,226-021-6325x38,1969-05-06,true,medio,nuevo_usuario|historial_fraude,26372.97
CL-0684,Judith,Colunga,galvanmaria-elena@example.com,+12(1)012320639,1997-03-29,true,bajo,,40997.87
CL-0685,Caridad,Tamez,guadalupejaime@example.org,1-808-980-0812x,1977-01-17,false,bajo,nuevo_usuario,63892.44
CL-0686,Bianca,Ávila,de-la-oliliana@example.com,1-434-229-2824x,1974-06-11,true,medio,,81673.59
CL-0687,Bianca,Candelaria,alfredo86@example.com,534-692-2488,1956-11-12,true,bajo,alto_volumen|nuevo_usuario|viajero_frecuente,72767.06
CL-0688,Abraham,Serrato,iarreola@example.org,02526437019,1958-07-29,true,medio,viajero_frecuente|empresa|alto_volumen,79676.76
CL-0689,Elias,Miranda,georgina54@example.net,424-881-1699x27,1995-12-19,true,bajo,nuevo_usuario|historial_fraude,31611.09
CL-0690,Estela,Muñiz,isabelalejandro@example.net,1-448-048-4396x,1973-09-16,true,bajo,,58467.72
CL-0691,Laura,Luevano,lourdesaponte@example.com,963.128.5749x42,2000-04-30,true,bajo,viajero_frecuente|alto_volumen|historial_fraude,29873.45
CL-0692,Horacio,Jimínez,blanca02@example.org,042-817-8685x45,1951-07-19,true,medio,historial_fraude,73300.63
CL-0693,Aurora,Ceja,vvelasquez@example.org,733-448-7319x51,1990-07-29,true,critico,,97568.68
CL-0694,Omar,Barajas,ivaldivia@example.com,347-452-5053,1983-03-07,true,bajo,historial_fraude,12676.95
CL-0695,Héctor,Nájera,lucas93@example.com,805-437-7211,1957-07-03,true,bajo,empresa,18587.06
CL-0696,Oswaldo,Valencia,nadiavenegas@example.com,1-840-769-5537,1962-09-06,true,alto,cliente_vip|alto_volumen|viajero_frecuente,84130.9
CL-0697,Fernando,Barragán,trinidad00@example.com,067.363.7800,1994-04-08,true,bajo,viajero_frecuente,32522.59
CL-0698,Débora,Rojas,normabueno@example.net,447-014-5200x99,1978-11-03,true,bajo,viajero_frecuente,60675.55
CL-0699,Lucas,Ponce,marcossanabria@example.net,821-899-7366x34,2000-06-16,true,alto,empresa|alto_volumen,55467.7
CL-0700,Reina,Escobar,eugeniovanegas@example.net,129-406-7902,1991-05-24,true,bajo,nuevo_usuario,52414.25
CL-0701,Liliana,Ponce,ursulaarmas@example.org,(250)570-3990x6,1959-06-05,true,alto,,9595.44
CL-0702,Claudio,Collado,hgamboa@example.net,+83(6)016720270,1964-07-17,true,bajo,,13904.81
CL-0703,Marisol,Varela,aguilarhoracio@example.com,438-441-5815x52,1953-07-03,true,bajo,,50528.08
CL-0704,Martín,Avilés,nancycorral@example.org,00499967310,1985-10-31,false,medio,alto_volumen|cliente_vip|historial_fraude,13523.16
CL-0705,Israel,Solorio,fidel45@example.org,614-313-1908x75,1983-05-05,true,critico,cliente_vip|nuevo_usuario,18262.68
CL-0706,Marcos,Montalvo,ana-luisa75@example.net,+26(5)402800479,1983-04-23,true,bajo,cliente_vip,26621.46
CL-0707,Trinidad,Jiménez,bernardo33@example.net,1-110-468-2947x,1964-09-25,true,bajo,empresa|alto_volumen,83281.99
CL-0708,Ofelia,Contreras,angelareynoso@example.org,01539878590,1956-01-07,true,bajo,alto_volumen|empresa|historial_fraude,2549.04
CL-0709,Flavio,Espinal,tmontoya@example.com,357-110-4843,1958-06-03,true,medio,empresa,34441.44
CL-0710,Daniel,Ramón,halcala@example.org,471.977.8998,1981-06-10,true,bajo,cliente_vip|alto_volumen|viajero_frecuente,88567.63
CL-0711,Gregorio,Luna,esteban89@example.com,946.376.3544,1967-04-14,true,bajo,,82433.93
CL-0712,Virginia,Meraz,albertosamaniego@example.com,098-009-2329x61,1986-03-07,true,alto,nuevo_usuario|cliente_vip,56989.01
CL-0713,Sergio,Carvajal,octaviohernadez@example.net,+84(0)142875578,2003-03-03,true,medio,viajero_frecuente,73604.49
CL-0714,Roberto,Esquibel,tameznayeli@example.org,(302)393-2860x6,1961-05-14,true,bajo,cliente_vip|viajero_frecuente,59557.07
CL-0715,Conchita,Carrión,mgonzales@example.net,942-977-1036x13,1974-11-15,true,medio,cliente_vip|empresa,74252.02
CL-0716,Eugenia,Estrada,gabinolaureano@example.org,(288)779-3058,1970-10-19,true,medio,alto_volumen|empresa|viajero_frecuente,10951.15
CL-0717,Juana,Zavala,irma87@example.net,570-730-7827x24,1964-10-14,true,medio,alto_volumen,2024.19
CL-0718,Ana,Armas,perla70@example.net,592.319.3319,1962-04-16,true,bajo,,45089.52
CL-0719,Andrés,Ulloa,mariovaldes@example.com,791.880.5560,1960-07-10,true,medio,nuevo_usuario|cliente_vip,40538.17
CL-0720,Abel,Olivares,graciaabigail@example.org,560.469.8779x46,1997-08-11,true,medio,nuevo_usuario|empresa|cliente_vip,61327.34
CL-0721,Dolores,Reyna,elenaolivera@example.com,(283)606-3800x8,1974-12-01,true,bajo,empresa,84307.86
CL-0722,Jaime,Espino,beatriz63@example.com,1-889-437-0875x,2000-01-20,true,bajo,empresa|nuevo_usuario|viajero_frecuente,65905.03
CL-0723,Rolando,Orta,laguirre@example.org,593-756-2974x30,1988-01-18,true,bajo,historial_fraude|nuevo_usuario,56859.81
CL-0724,Nancy,Corrales,maciasdolores@example.net,1-477-415-4986x,1983-07-28,true,critico,historial_fraude,75267.59
CL-0725,Tomás,Arguello,oroscogerman@example.org,+28(3)631762061,1950-07-03,true,bajo,nuevo_usuario|cliente_vip|alto_volumen,34188.25
CL-0726,José Manuél,Escobar,homeromartinez@example.com,+49(4)464101769,1974-06-30,false,alto,cliente_vip|viajero_frecuente,28945.24
CL-0727,Carolina,Dueñas,drocha@example.net,(492)376-5899,1972-09-13,true,bajo,,7608.25
CL-0728,Gustavo,Viera,pmojica@example.net,1-019-267-5695x,1992-03-28,true,bajo,,63959.53
CL-0729,Tomás,Rangel,mariano80@example.org,+13(9)325693661,1953-06-05,true,bajo,empresa|cliente_vip|viajero_frecuente,62066.21
CL-0730,Leticia,Irizarry,tomasolivas@example.net,328.261.7731,1957-06-06,true,medio,alto_volumen,84888.71
CL-0731,Julio César,Polanco,aidameza@example.net,00925070371,1978-03-11,true,bajo,,55320.18
CL-0732,Aurelio,Rentería,nunezangela@example.net,972-251-0331x68,1951-07-01,true,critico,empresa,67855.11
CL-0733,Daniela,Mercado,narroyo@example.org,01246789833,1982-11-10,true,alto,cliente_vip,94173.43
CL-0734,Hernán,Chapa,ivonne47@example.org,065-400-0530x00,1955-10-30,true,bajo,,76606.72
CL-0735,Virginia,Urbina,susanarosario@example.org,(952)156-7113x4,1989-10-12,false,bajo,viajero_frecuente|alto_volumen,61635.84
CL-0736,Alonso,Padrón,natalia60@example.net,1-093-072-5415,1974-07-24,true,medio,alto_volumen|viajero_frecuente|nuevo_usuario,13536.03
CL-0737,Sessa,Garza,montalvozacarias@example.org,01725717421,2000-10-17,true,bajo,,10639.87
CL-0738,Jos,Centeno,sergio30@example.net,(859)085-9937x6,1957-10-02,true,alto,empresa,59932.56
CL-0739,Rosario,Guevara,bruno73@example.net,06967033408,1969-07-07,true,critico,viajero_frecuente,47114.21
CL-0740,Yolanda,Gutiérrez,luisadame@example.net,611.690.5317x92,1967-02-22,true,alto,nuevo_usuario,74334.83
CL-0741,Anel,Gil,gollumhoracio@example.com,1-225-165-9974,1975-01-11,true,bajo,empresa|nuevo_usuario|alto_volumen,32923.02
CL-0742,Sandra,Santana,carmenbravo@example.net,172.768.4247,1967-11-16,true,bajo,nuevo_usuario,30903.37
CL-0743,Mateo,Ulloa,noemi63@example.net,729-873-5645x94,1981-11-11,true,medio,viajero_frecuente|historial_fraude,36188.2
CL-0744,Mayte,Moreno,luis19@example.org,(587)842-6140x7,2002-07-03,true,medio,empresa|alto_volumen|viajero_frecuente,54718.98
CL-0745,Úrsula,Cortez,merazines@example.net,958-499-8345,1980-09-12,true,bajo,nuevo_usuario|empresa|alto_volumen,51368.99
CL-0746,Clara,Pedroza,marco-antonio25@example.net,573.178.2933x27,1968-11-26,true,medio,viajero_frecuente|cliente_vip,47833.44
CL-0747,Caridad,Alcala,elisa29@example.org,(713)320-4686x4,1996-05-21,true,bajo,,20269.7
CL-0748,Esperanza,Pizarro,hllamas@example.net,496-607-8241,1983-11-27,true,bajo,nuevo_usuario|cliente_vip,90324.94
CL-0749,Gonzalo,Jasso,lilianavillarreal@example.net,814.862.2902x72,1982-03-13,true,bajo,,2774.03
CL-0750,Julia,Nájera,anabelotero@example.com,897.792.3692x64,1966-10-15,true,bajo,nuevo_usuario|viajero_frecuente,32015.01
CL-0751,Renato,Aguilera,fonsecamargarita@example.net,880-347-4999,1989-05-21,true,bajo,viajero_frecuente,46731.68
CL-0752,Carolina,Zúñiga,fguerra@example.com,957-142-9171,1971-11-08,true,bajo,empresa|historial_fraude|cliente_vip,38575.05
CL-0753,Lourdes,Marrero,maria-cristinalebron@example.net,+57(5)077888212,1995-06-26,true,bajo,nuevo_usuario|viajero_frecuente|alto_volumen,43737.63
CL-0754,Georgina,Meléndez,jcoronado@example.com,04359090913,1995-12-14,true,bajo,cliente_vip|viajero_frecuente|alto_volumen,31457.11
CL-0755,Elisa,Espino,micaelapichardo@example.net,807-553-4349x40,1962-07-09,true,bajo,cliente_vip,34648.42
CL-0756,Ramiro,Abreu,rodrigo11@example.com,152-372-2633x65,1977-09-30,true,critico,,15863.17
CL-0757,Norma,Escamilla,anabelroque@example.net,(052)495-2897x6,1963-03-26,true,bajo,alto_volumen|historial_fraude|viajero_frecuente,18862.71
CL-0758,Héctor,Ozuna,zamoraemilia@example.com,(827)156-2967,1968-03-29,true,bajo,alto_volumen,72965.17
CL-0759,Luis,Palacios,gregorio20@example.com,1-624-099-2483,1964-04-17,true,bajo,viajero_frecuente|historial_fraude,48138.47
CL-0760,Andrés,Meza,eva50@example.com,08293439107,1983-10-05,true,medio,historial_fraude,71209.96
CL-0761,Zeferino,Gonzales,felipeperea@example.org,982-497-7944x02,1984-10-09,true,medio,,76778.34
CL-0762,David,Valencia,miramontesjaqueline@example.org,074.507.5771x93,2003-07-22,true,bajo,nuevo_usuario|historial_fraude,9022.37
CL-0763,Estela,Rivero,luzalcala@example.org,828-555-4684x88,1969-11-21,true,bajo,,19459.68
CL-0764,Esparta,Salcedo,elvia45@example.com,+86(7)424040044,1950-02-22,true,bajo,nuevo_usuario|cliente_vip,75665.08
CL-0765,Nicolás,Mares,zangulo@example.net,08808814942,1994-11-08,true,alto,alto_volumen,22700.77
CL-0766,Serafín,Arenas,gsotelo@example.net,459-691-7361x38,1988-03-11,true,bajo,historial_fraude|alto_volumen,32487.02
CL-0767,Trinidad,Calvillo,asuncion49@example.com,1-010-613-1643,1966-02-08,true,medio,viajero_frecuente|nuevo_usuario|historial_fraude,68869.3
CL-0768,Homero,Jiménez,emiliotovar@example.com,(128)658-6716x8,1986-04-15,true,medio,viajero_frecuente|nuevo_usuario|empresa,3198.0
CL-0769,Araceli,Tafoya,maria-teresapedroza@example.org,(120)941-5005x7,1993-08-12,true,bajo,empresa|historial_fraude|viajero_frecuente,67679.1
CL-0770,Renato,Aguayo,vigilluisa@example.org,1-087-636-0958x,1977-03-07,true,bajo,,74722.37
CL-0771,Javier,Maestas,nalcantar@example.net,(765)875-6107,1980-01-23,true,bajo,cliente_vip|nuevo_usuario|historial_fraude,97233.48
CL-0772,Julio César,Peralta,cottomonica@example.org,(153)633-8349x7,1997-09-14,true,bajo,historial_fraude,87290.8
CL-0773,Abelardo,Ríos,rangelaurelio@example.net,1-849-285-6324x,1980-03-30,true,bajo,,71341.34
CL-0774,Genaro,Solano,gescalante@example.net,077-401-6836x52,1975-04-11,false,bajo,historial_fraude|viajero_frecuente|empresa,87053.88
CL-0775,David,Casillas,isabela75@example.net,+14(0)534896891,2003-10-08,true,bajo,,26728.03
CL-0776,Jerónimo,Figueroa,montenegrocristal@example.org,422-944-2091x16,1973-12-22,true,bajo,viajero_frecuente|cliente_vip,36974.77
CL-0777,Alta  Gracia,Quiroz,geronimo62@example.net,700-409-4929x01,2003-06-14,true,bajo,nuevo_usuario|viajero_frecuente,73726.62
CL-0778,Adalberto,Bustos,lilianade-la-o@example.org,(473)131-4630x6,1997-12-30,true,bajo,alto_volumen|empresa|viajero_frecuente,73225.17
CL-0779,Sandra,Longoria,dominguezcecilia@example.org,(516)877-9274x2,1971-11-25,true,medio,nuevo_usuario|empresa|historial_fraude,90550.89
CL-0780,Octavio,Ozuna,anel18@example.org,06107271496,1983-06-12,false,alto,viajero_frecuente|empresa|nuevo_usuario,61716.64
CL-0781,Rosa,Camacho,maria-jose36@example.net,(826)169-9851x3,1984-04-06,true,medio,,73089.11
CL-0782,Guadalupe,Guardado,tamezhoracio@example.org,+84(0)807067645,1952-01-04,true,bajo,historial_fraude|empresa,75183.17
CL-0783,Julia,Pizarro,mrosas@example.org,1-254-564-7052,1988-11-19,true,medio,,79777.19
CL-0784,Linda,Carvajal,pocasio@example.com,(012)928-0992,1998-05-16,true,bajo,cliente_vip|empresa,25887.74
CL-0785,Guadalupe,Alba,luis-miguel91@example.net,093-571-0509x63,1969-04-22,true,medio,cliente_vip|historial_fraude,44820.67
CL-0786,Nadia,Bañuelos,carmen10@example.org,1-546-611-8007,1994-12-31,true,medio,nuevo_usuario,61253.01
CL-0787,Olga,Fajardo,alvaro64@example.org,805.585.0443x08,1986-07-13,true,alto,nuevo_usuario|viajero_frecuente,78640.96
CL-0788,Natividad,de Anda,camilameza@example.com,202-861-7069,2003-09-30,true,medio,nuevo_usuario|historial_fraude,64215.95
CL-0789,Armando,Fajardo,noemi38@example.org,812.283.8346x78,1979-02-14,true,bajo,viajero_frecuente,61915.86
CL-0790,Adriana,Roldán,yquezada@example.net,04547371564,1998-07-30,true,medio,cliente_vip|historial_fraude|nuevo_usuario,93127.52
CL-0791,Citlali,Sáenz,lindamuniz@example.com,(576)459-9850x7,1989-11-13,true,bajo,nuevo_usuario|empresa,85726.89
CL-0792,Magdalena,Mateo,eduardocarrera@example.com,1-357-045-6316x,1984-12-29,true,bajo,empresa,5162.12
CL-0793,Octavio,Rivas,barraganjonas@example.net,1-724-314-6434,1993-08-25,true,alto,,35839.32
CL-0794,Virginia,Madrigal,elsa34@example.com,218.086.4839x69,1978-04-16,true,bajo,nuevo_usuario|empresa,47803.25
CL-0795,Celia,Hernandes,fabiola49@example.net,761.868.3513,1981-07-19,true,bajo,cliente_vip,42708.51
CL-0796,Luis Miguel,Carrillo,lnino@example.org,+18(7)723663225,1971-01-22,true,medio,cliente_vip|historial_fraude,54684.09
CL-0797,Paulina,Carranza,ide-leon@example.org,07119639359,1958-09-13,true,bajo,,22707.91
CL-0798,Aurora,Zúñiga,alfredo48@example.com,397-655-4998x18,1985-12-26,true,bajo,alto_volumen|empresa,36498.41
CL-0799,Héctor,Ochoa,gustavotoledo@example.org,568.707.2760,1959-06-24,true,bajo,nuevo_usuario|empresa,69310.7
CL-0800,Mercedes,Alonzo,irene82@example.com,(567)216-3994x7,1997-10-10,true,medio,cliente_vip|empresa,86187.55
CL-0801,Karina,Castillo,zeferino07@example.org,082-707-6205x86,1965-12-08,true,bajo,nuevo_usuario|historial_fraude|alto_volumen,2327.06
CL-0802,Camila,de Anda,florenciacastaneda@example.com,1-514-050-6643x,1984-05-23,true,medio,empresa|alto_volumen|viajero_frecuente,42973.79
CL-0803,Dulce María,Muro,karla41@example.com,+72(5)800832701,1952-08-09,true,bajo,empresa,15580.06
CL-0804,Hugo,Crespo,genarocaballero@example.org,1-950-764-1228,2003-10-16,true,medio,,42059.98
CL-0805,María Eugenia,Perales,mariaflores@example.net,1-291-940-8465x,2001-01-28,true,bajo,alto_volumen,69067.58
CL-0806,Jorge,Gonzales,magdalenaprado@example.org,674-720-5756,2003-12-13,true,critico,,66103.37
CL-0807,Citlali,Cordero,andrea37@example.net,1-246-003-7494,1991-01-26,true,bajo,alto_volumen,87715.72
CL-0808,Luz,Mesa,jose-manuelpalomo@example.com,+08(0)499389909,1961-11-25,true,bajo,nuevo_usuario,89655.67
CL-0809,Asunción,Girón,catalinarobles@example.net,408.999.1421,1971-09-14,true,bajo,historial_fraude|alto_volumen|empresa,97334.92
CL-0810,Jos,Vásquez,villagomezesteban@example.net,237-064-1059,1979-09-20,true,bajo,,91070.11
CL-0811,Gerónimo,Alvarado,pereajavier@example.org,060-924-8021,1950-08-14,true,bajo,,68838.31
CL-0812,Nadia,Armas,rosaliabatista@example.net,1-020-791-0741x,1973-04-30,true,bajo,historial_fraude|viajero_frecuente|empresa,54659.46
CL-0813,Daniela,Polanco,lucasotero@example.org,+84(8)430446988,1989-05-05,true,medio,,73151.11
CL-0814,Emiliano,Tapia,asolorio@example.org,148.229.4592,1985-11-01,true,bajo,empresa|viajero_frecuente|nuevo_usuario,52132.85
CL-0815,Anabel,Zúñiga,ernestohidalgo@example.com,02706723135,1973-07-20,true,medio,viajero_frecuente|empresa|alto_volumen,58821.57
CL-0816,Julio,Cantú,soledad32@example.com,(307)202-0660,1987-01-16,true,medio,nuevo_usuario,15911.11
CL-0817,Nayeli,Ramírez,eric84@example.org,(102)234-5704,1979-08-11,true,bajo,alto_volumen|nuevo_usuario|viajero_frecuente,9258.82
CL-0818,Luis,Anaya,perestomas@example.org,485-836-7058,1976-06-29,true,alto,alto_volumen|nuevo_usuario|cliente_vip,34404.8
CL-0819,Fabiola,Bernal,humberto54@example.net,454-968-4305x04,2003-05-01,false,bajo,cliente_vip|nuevo_usuario,15722.06
CL-0820,Espartaco,Rodarte,aguilarreina@example.net,+95(4)570241381,1969-10-30,true,bajo,,57226.86
CL-0821,Cristian,Corral,liliana16@example.net,(706)011-5440,2000-12-04,true,medio,empresa|alto_volumen,48577.91
CL-0822,Mauro,Cordero,abigail86@example.net,1-147-949-2816,1963-02-23,true,bajo,alto_volumen|empresa,86196.47
CL-0823,Alfredo,Leal,nicolas35@example.net,1-907-385-7099,1968-12-27,true,bajo,viajero_frecuente,16539.61
CL-0824,Ramón,Armenta,paulina81@example.org,+01(1)361648513,1996-05-14,true,bajo,empresa|cliente_vip,62609.08
CL-0825,Natividad,Almaraz,fcolon@example.net,1-702-481-8544,2002-09-04,true,bajo,empresa|alto_volumen,32801.03
CL-0826,Benjamín,Jaime,alonzosilvia@example.com,(156)559-2867,1965-09-26,true,bajo,empresa|alto_volumen|historial_fraude,39227.49
CL-0827,José Eduardo,Posada,armentaaida@example.com,835.068.4436x97,1980-09-18,true,medio,,22230.07
CL-0828,Luis,Soria,paezrosario@example.org,1-140-788-1021,1967-09-02,true,bajo,,47013.53
CL-0829,Paola,Merino,carolina86@example.org,+93(1)490900938,1997-01-08,true,alto,,74655.03
CL-0830,Liliana,Ornelas,hpartida@example.org,1-183-262-5089,1985-10-01,true,bajo,,95298.77
CL-0831,Úrsula,Colón,maria-luisagarcia@example.org,755-934-6777x85,1998-03-30,true,bajo,cliente_vip|empresa,97102.85
CL-0832,Cristobal,Valentín,genarocervantes@example.com,04117847319,1972-12-21,true,bajo,alto_volumen,19903.1
CL-0833,Elvira,Mena,ovalencia@example.com,331-205-0069x84,1990-12-01,true,alto,alto_volumen,97978.99
CL-0834,Celia,Covarrubias,maria-luisaecheverria@example.org,845-336-0719x77,1955-09-18,true,bajo,viajero_frecuente|alto_volumen,14989.8
CL-0835,Alfredo,Ibarra,lacuna@example.net,09099999999,1971-11-20,true,bajo,alto_volumen,58964.5
CL-0836,Leonel,Carrero,daniela13@example.com,(306)314-3301x1,1978-08-10,true,bajo,,9159.35
CL-0837,Gustavo,Mendoza,sarredondo@example.net,494-536-0067,1958-12-17,true,bajo,viajero_frecuente|historial_fraude|alto_volumen,23069.41
CL-0838,Eloy,Dueñas,celia61@example.com,1-446-214-6614x,2002-03-10,true,bajo,,90688.91
CL-0839,Porfirio,Arteaga,imena@example.net,612.591.7537x08,1950-01-17,true,medio,empresa|alto_volumen|historial_fraude,41902.55
CL-0840,Leonel,Farías,anguianobenito@example.com,412.804.0313x91,1995-07-06,true,bajo,nuevo_usuario,29808.06
CL-0841,Minerva,Osorio,ruben69@example.com,07840216586,1980-08-09,true,medio,cliente_vip|alto_volumen,57003.9
CL-0842,Felix,Salcedo,pradoana-luisa@example.com,+69(4)411754381,1950-08-02,true,bajo,viajero_frecuente|alto_volumen|historial_fraude,97486.73
CL-0843,Zacarías,Valencia,gregoriocardona@example.org,+62(0)926467027,1955-11-19,true,bajo,alto_volumen,67951.67
CL-0844,Eugenia,de la Rosa,aliciarivero@example.com,(544)532-0039x6,1967-05-15,true,bajo,nuevo_usuario|cliente_vip|alto_volumen,76759.56
CL-0845,Ilse,Durán,ricardo90@example.net,1-106-099-9967,1992-05-02,true,bajo,nuevo_usuario|cliente_vip,31406.02
CL-0846,Alfredo,Zelaya,marthauribe@example.net,1-637-253-7968,1964-01-12,true,medio,nuevo_usuario,40831.52
CL-0847,Delia,Núñez,emilia93@example.org,875-927-4776,1964-02-05,true,bajo,cliente_vip,52613.7
CL-0848,Estefanía,Almaraz,homeromaya@example.net,01071644971,1973-08-01,true,bajo,empresa|nuevo_usuario|alto_volumen,85911.28
CL-0849,Aurelio,Mesa,noemialva@example.net,+00(7)066915721,1979-12-10,true,bajo,nuevo_usuario,83264.67
CL-0850,Patricio,Castillo,alonso64@example.com,01736511669,1985-04-22,true,bajo,historial_fraude|cliente_vip,2555.91
CL-0851,Elsa,Alvarez,aaguilar@example.com,(104)951-2642,1986-09-04,true,alto,,80926.33
CL-0852,Perla,Alonzo,molivo@example.net,720-939-0033,1968-09-18,true,critico,viajero_frecuente|alto_volumen,27081.07
CL-0853,Mercedes,Lugo,csierra@example.com,630-579-5687x21,1978-11-16,true,medio,,39475.82
CL-0854,María,Cortés,umarquez@example.net,1-150-741-1068x,1995-02-14,true,bajo,alto_volumen,28848.38
CL-0855,Arturo,Saavedra,esthergodinez@example.net,166.231.6311x54,1993-01-13,true,bajo,nuevo_usuario,60108.15
CL-0856,Elias,Saucedo,antoniomota@example.com,657.025.1527,1984-12-29,true,critico,,91070.96
CL-0857,Anel,Vallejo,aguilarabraham@example.org,07629990231,1983-08-24,true,bajo,cliente_vip|empresa,7499.23
CL-0858,Enrique,Nevárez,ksegovia@example.net,829-973-4301,1959-12-18,true,bajo,historial_fraude|nuevo_usuario,88323.27
CL-0859,Alonso,Cornejo,kadame@example.com,317-118-5399x53,2001-07-03,true,bajo,alto_volumen|empresa|nuevo_usuario,10624.51
CL-0860,Alfredo,Rojo,egallegos@example.net,262-336-3061,1976-02-23,true,bajo,cliente_vip|empresa,15765.82
CL-0861,Nelly,Rascón,rosario71@example.com,477.578.6568,1969-04-09,true,medio,nuevo_usuario|historial_fraude,47895.99
CL-0862,Mónica,Ortiz,dmontemayor@example.net,083.553.4708x02,1972-11-28,true,bajo,alto_volumen|nuevo_usuario,93402.76
CL-0863,Hernán,Malave,felipesantana@example.org,552.832.4809,1954-04-23,true,bajo,historial_fraude|empresa|cliente_vip,7908.06
CL-0864,Jorge Luis,Leyva,augusto78@example.com,(101)727-9290x7,1989-03-23,true,critico,viajero_frecuente|cliente_vip,96059.25
CL-0865,Judith,Domínguez,bertalozada@example.org,(017)553-0432x9,1975-05-11,true,alto,cliente_vip|historial_fraude,64168.64
CL-0866,Lucas,Campos,badillomiguel-angel@example.net,(110)324-3354,2000-02-02,true,medio,,54112.72
CL-0867,Martín,Preciado,noemi52@example.net,1-488-871-3964,2001-06-28,true,medio,,61783.09
CL-0868,Alvaro,López,abigail51@example.com,08385183862,1988-08-30,true,critico,,47640.09
CL-0869,Leonor,Tejeda,zeferino48@example.org,00470203244,1979-08-24,true,alto,empresa,65488.31
CL-0870,Pablo,de la O,ericrangel@example.com,1-788-929-1561x,1950-07-28,true,bajo,viajero_frecuente|historial_fraude|nuevo_usuario,40214.85
CL-0871,Marisol,Lucero,qespinal@example.net,653.243.3568,1973-03-23,true,bajo,historial_fraude|alto_volumen,59268.9
CL-0872,José Luis,Barrera,bpadilla@example.org,1-922-552-9226x,2001-10-02,true,medio,empresa|alto_volumen|nuevo_usuario,77753.22
CL-0873,Camila,Barrientos,rociogodinez@example.net,518-564-7609x52,1952-05-09,true,bajo,viajero_frecuente,94560.48
CL-0874,Ana Luisa,Zaragoza,guevarajeronimo@example.com,01241531342,1981-04-08,true,bajo,cliente_vip,34091.18
CL-0875,Óliver,Calderón,mendezramiro@example.net,1-641-377-4487,1968-09-25,true,bajo,empresa,18002.31
CL-0876,Esteban,Báez,kurbina@example.com,(289)476-8012x4,1981-11-17,false,critico,alto_volumen,88008.48
CL-0877,Joaquín,Coronado,del-rioleonor@example.net,392-551-3791x45,1983-08-27,false,alto,,87018.21
CL-0878,Esparta,Merino,dsantana@example.com,551.777.7889,1954-06-01,true,alto,historial_fraude,41119.46
CL-0879,María del Carmen,Badillo,valenzuelalourdes@example.com,600.235.3949,1965-09-16,true,bajo,cliente_vip|viajero_frecuente|empresa,58673.75
CL-0880,Noemí,Ávalos,conchitahidalgo@example.net,(436)278-9687,1960-10-18,true,bajo,alto_volumen,74582.92
CL-0881,José Luis,Alvarez,paulinaortega@example.net,(363)481-7960x3,1968-11-14,true,bajo,historial_fraude|alto_volumen,80379.54
CL-0882,Dolores,Luna,qmurillo@example.net,993-620-2211x04,1990-12-30,false,bajo,cliente_vip|viajero_frecuente,39242.86
CL-0883,Dulce,Valadez,grijalvasandra@example.com,(998)729-9041,1981-10-27,true,bajo,,32378.21
CL-0884,Esperanza,Collado,csoria@example.com,(278)553-8375x1,1984-12-17,true,bajo,alto_volumen|viajero_frecuente,3553.3
CL-0885,José María,Alvarado,uriascarlota@example.net,(389)067-9810,1972-05-04,true,critico,viajero_frecuente|alto_volumen,2908.85
CL-0886,Julio César,Trujillo,mayaolga@example.com,1-077-604-7911x,1992-02-24,true,bajo,empresa,7995.78
CL-0887,Juan Carlos,Ramos,amalianieves@example.net,108.798.6595x65,1987-03-22,true,medio,nuevo_usuario|cliente_vip,43085.44
CL-0888,Isaac,Segovia,slemus@example.com,1-900-166-8799x,1966-04-18,true,bajo,empresa,92645.54
CL-0889,Gilberto,Toro,ricojose-maria@example.net,1-091-773-3061x,1994-08-21,true,medio,,41558.12
CL-0890,Guillermo,Rodarte,hecheverria@example.net,542.674.4367,1952-07-22,true,bajo,cliente_vip|nuevo_usuario,34495.04
CL-0891,Noelia,Tórrez,bertaespinal@example.org,633.343.7187x75,1962-12-13,true,alto,,6556.95
CL-0892,Juan,Palacios,anamontoya@example.net,273.144.1438,1958-12-25,false,bajo,alto_volumen,89924.49
CL-0893,Teresa,Saavedra,guillerminazaragoza@example.com,(247)446-4273x5,1960-02-01,true,bajo,,47514.47
CL-0894,Sandra,Gutiérrez,celia77@example.com,+24(1)183585618,1977-12-09,true,bajo,alto_volumen|cliente_vip|viajero_frecuente,90155.8
CL-0895,Hugo,Montero,gabriel87@example.org,1-692-411-2238x,1982-10-19,true,bajo,empresa|cliente_vip,67506.33
CL-0896,Alejandro,Saavedra,ilse74@example.com,959-385-5451x08,1961-04-16,true,bajo,empresa|cliente_vip|alto_volumen,14721.15
CL-0897,Cristina,Cortés,reinaguzman@example.org,641.977.0842x80,1957-05-17,true,alto,empresa,72292.27
CL-0898,Catalina,Parra,vtorrez@example.com,119-659-1334x49,1972-05-29,true,bajo,,20093.42
CL-0899,Alejandro,Chávez,rufino75@example.org,+45(1)373350417,2003-01-01,true,medio,empresa|historial_fraude,58562.38
CL-0900,Karla,Corona,zacarias53@example.org,768.735.5814x68,1987-11-11,true,alto,nuevo_usuario,16231.66
CL-0901,Jorge Luis,Curiel,procha@example.org,963.797.1786x69,1984-07-17,true,medio,,79831.1
CL-0902,Vanesa,Cervantes,del-riomarcela@example.com,1-294-850-0418x,1962-10-29,true,critico,,83867.15
CL-0903,Espartaco,Burgos,leonardovaldes@example.net,377-530-7705x17,1993-05-29,true,bajo,nuevo_usuario|viajero_frecuente|historial_fraude,20399.33
CL-0904,Arturo,Cornejo,quinteroelvia@example.net,048.866.3124x35,1973-07-30,true,alto,historial_fraude|alto_volumen|empresa,13546.27
CL-0905,Gabriel,Mateo,montanomercedes@example.org,583.567.5437,1972-11-26,true,bajo,nuevo_usuario|alto_volumen,87453.17
CL-0906,Luisa,Olivárez,jose-luissaldana@example.net,00277639908,1996-07-26,true,medio,empresa|viajero_frecuente|nuevo_usuario,78631.52
CL-0907,Margarita,Guerrero,rubytamayo@example.org,1-402-259-2378x,1998-09-29,true,bajo,,24258.26
CL-0908,Micaela,Melgar,aida36@example.org,206-509-5635,1960-10-16,true,bajo,,30979.92
CL-0909,José Manuél,Casares,urielenriquez@example.net,1-675-164-2215x,1999-08-22,true,alto,historial_fraude|empresa,10130.79
CL-0910,Carmen,Villanueva,centenoaldonza@example.com,091.313.8529,1995-11-02,true,alto,historial_fraude,84321.26
CL-0911,Clemente,Lucio,valenzueladaniel@example.com,(297)752-1816,1967-10-29,true,bajo,,36685.78
CL-0912,Armando,Colunga,ana-luisa02@example.org,(101)175-9917,1997-08-07,true,medio,cliente_vip,80425.48
CL-0913,Juan,Zedillo,esantiago@example.com,1-475-071-2693,1997-08-17,true,bajo,empresa,17557.48
CL-0914,Guadalupe,Lozada,jrivera@example.com,200-683-7776x66,1963-08-23,true,medio,empresa,95602.78
CL-0915,Horacio,Hurtado,jesus97@example.org,461.451.9333,1954-05-22,true,bajo,nuevo_usuario,94992.11
CL-0916,Jos,Palomo,marco-antonioalmanza@example.org,05938354217,1962-03-19,true,bajo,historial_fraude|empresa|nuevo_usuario,31399.33
CL-0917,Arturo,Guardado,urrutiafidel@example.org,1-241-334-7669x,2003-04-16,true,bajo,alto_volumen|cliente_vip,7803.78
CL-0918,Samuel,Orta,luis-miguelquesada@example.com,419.023.2981x61,1964-05-18,true,bajo,historial_fraude,81084.85
CL-0919,Elvia,Báez,alberto11@example.com,1-679-955-9653,1964-04-21,true,critico,historial_fraude,40317.97
CL-0920,Abelardo,Navarro,marquezelvira@example.org,00244450331,1974-10-13,true,bajo,viajero_frecuente|alto_volumen,41341.17
CL-0921,Yolanda,Roldán,mmunguia@example.net,(090)863-2450x1,1989-10-11,true,medio,alto_volumen,28996.09
CL-0922,Aurora,Fernández,ofarias@example.org,024.557.8656x40,1996-09-15,true,bajo,,12056.0
CL-0923,Tania,Ordóñez,ana-luisaaguirre@example.com,437.339.4754x14,1961-03-15,true,medio,alto_volumen|historial_fraude|nuevo_usuario,61783.5
CL-0924,Luis Miguel,Ayala,magdalenamunoz@example.net,(555)416-0029,1984-03-24,true,bajo,nuevo_usuario|viajero_frecuente,27034.33
CL-0925,Agustín,Cabrera,alfaroesperanza@example.net,043-992-2548x98,1976-02-12,true,medio,cliente_vip|alto_volumen|historial_fraude,12098.92
CL-0926,Francisca,Regalado,estebanorta@example.net,694.004.0763x96,1988-10-19,true,critico,alto_volumen|historial_fraude,64529.87
CL-0927,Sessa,Villagómez,samuel19@example.com,+40(3)795007177,1972-07-30,true,alto,empresa|nuevo_usuario,34225.31
CL-0928,Gerardo,Chávez,alcarazluz@example.net,(489)289-5977x2,1951-02-28,true,medio,nuevo_usuario|viajero_frecuente,80987.17
CL-0929,Sofía,Ureña,cdel-valle@example.net,952.422.6761x84,1973-11-04,true,bajo,alto_volumen|cliente_vip|historial_fraude,78530.35
CL-0930,Angélica,Montero,ncisneros@example.org,511-704-3258x39,1953-10-11,true,medio,cliente_vip|empresa|historial_fraude,59853.62
CL-0931,Rebeca,Trejo,horacio26@example.net,213.008.6193,2001-08-23,true,medio,,96739.5
CL-0932,Emilia,Bravo,rene66@example.com,1-925-790-8036x,1989-06-30,true,bajo,historial_fraude|viajero_frecuente|nuevo_usuario,58187.8
CL-0933,Cristian,Hernádez,adalberto16@example.org,769.903.8908x27,1969-05-20,true,bajo,empresa|historial_fraude|viajero_frecuente,4366.15
CL-0934,Esther,Pantoja,agollum@example.com,(115)275-1739,1976-03-22,true,alto,,80585.73
CL-0935,Irene,Estévez,renealba@example.com,1-308-001-0896x,1981-08-12,true,medio,nuevo_usuario|empresa,26372.71
CL-0936,María Cristina,Bustamante,mitzy15@example.net,1-609-633-8557x,1979-02-11,true,bajo,,99115.62
CL-0937,Rosa,Acuña,dulce-mariade-la-rosa@example.com,959.566.6081,2000-02-08,true,bajo,alto_volumen,55633.22
CL-0938,Judith,Chavarría,aragonesparta@example.com,(414)076-5350x1,1957-12-22,true,bajo,nuevo_usuario|alto_volumen|historial_fraude,62407.47
CL-0939,Gabriel,Pulido,patricio16@example.com,06508837006,1977-06-09,true,medio,nuevo_usuario,72750.19
CL-0940,Claudio,Mota,hernandesoswaldo@example.net,05748307918,1966-09-15,true,medio,cliente_vip|historial_fraude,21810.61
CL-0941,Ramiro,Suárez,amadordavila@example.org,364-695-1843x36,1982-06-06,true,alto,nuevo_usuario|empresa|historial_fraude,96012.22
CL-0942,Rafaél,Tafoya,jose36@example.org,871.434.9158,1967-01-11,true,bajo,,91065.37
CL-0943,Trinidad,Alemán,fonsecacarlos@example.com,686-545-3807x83,1965-12-17,true,medio,cliente_vip|empresa,70172.34
CL-0944,Amalia,Moreno,jose-carlos42@example.net,180-975-8525x02,2003-08-25,true,bajo,,66992.64
CL-0945,Serafín,Dávila,yalmaraz@example.com,1-690-401-6888,1980-07-08,true,alto,empresa,40882.16
CL-0946,Salma,Carrera,wgonzales@example.org,1-995-852-5478x,1976-05-14,true,alto,,97133.04
CL-0947,Noemí,Ornelas,espinozaesther@example.net,(515)510-5441x9,1953-08-29,true,bajo,historial_fraude,17191.16
CL-0948,Teodoro,Alejandro,gmadera@example.com,449.951.6392,1994-05-13,true,critico,,70117.75
CL-0949,Benjamín,Rojas,hinojosacesar@example.com,1-594-763-3261x,1969-05-17,true,bajo,historial_fraude,31085.73
CL-0950,Esperanza,Fierro,federicoalcaraz@example.net,1-797-767-3932x,1986-12-29,true,critico,historial_fraude|empresa|alto_volumen,52820.0
CL-0951,Vanesa,de la Garza,esperanzamota@example.org,091.056.8860x66,1973-08-24,true,bajo,empresa|nuevo_usuario|cliente_vip,37722.42
CL-0952,Ofelia,Pérez,dalia42@example.org,762-392-9117x17,1998-06-24,true,alto,nuevo_usuario,95892.93
CL-0953,Ariadna,Casas,jacobobriones@example.com,06356464084,2001-12-10,true,bajo,cliente_vip,98139.08
CL-0954,Jonás,Arguello,xmadrid@example.net,923.537.0541x54,1970-06-10,true,medio,cliente_vip|nuevo_usuario|viajero_frecuente,72321.32
CL-0955,Camilo,Santana,aldonzavelasquez@example.org,1-712-973-2401x,1974-02-22,true,medio,historial_fraude,7213.74
CL-0956,Nayeli,Colunga,paulinavela@example.org,1-446-129-3192,1965-05-16,false,medio,cliente_vip|historial_fraude|viajero_frecuente,45949.89
CL-0957,Jaime,Godoy,mlara@example.org,825.687.0173x71,1955-09-21,true,medio,historial_fraude|alto_volumen,8410.45
CL-0958,Gustavo,Navarro,carvajaljuan@example.com,1-953-244-7643x,2003-08-17,true,medio,empresa|viajero_frecuente,71013.35
CL-0959,Octavio,Aguayo,qmondragon@example.org,(732)022-0069x2,1998-04-21,true,alto,alto_volumen|historial_fraude|nuevo_usuario,31856.78
CL-0960,Eugenia,Espino,matiasdulce@example.org,1-365-159-3960,1950-08-11,true,bajo,alto_volumen|cliente_vip|nuevo_usuario,7191.15
CL-0961,Eduardo,Jimínez,jose-manuelcabrera@example.com,1-495-767-8900x,1956-05-15,true,medio,,53917.65
CL-0962,Ana María,Escamilla,felicianoesther@example.com,467-560-8256,2003-12-19,true,medio,alto_volumen,98979.84
CL-0963,Zacarías,Beltrán,herreraramon@example.com,543.621.8823x66,1994-05-29,true,medio,,34515.43
CL-0964,Jonás,Arriaga,anguloberta@example.org,00567151150,1984-03-17,true,bajo,cliente_vip|historial_fraude|empresa,15573.93
CL-0965,Laura,Valladares,arriagapatricia@example.org,03011336709,1977-12-02,true,bajo,,71311.77
CL-0966,Enrique,Duarte,davidceballos@example.com,959-446-4243,1986-01-05,true,alto,viajero_frecuente|alto_volumen|nuevo_usuario,36417.67
CL-0967,Margarita,Valdivia,zamorateodoro@example.net,04238528998,1980-06-23,true,medio,,11214.73
CL-0968,Adán,Chacón,wilfridosoto@example.org,816-987-7208x82,1999-12-25,true,bajo,,38568.4
CL-0969,Raquel,Aponte,teresa73@example.net,(188)491-6509x8,1950-06-02,true,bajo,,32013.86
CL-0970,Enrique,Ceballos,concepcionfernando@example.com,07505271448,1966-11-29,true,medio,viajero_frecuente|alto_volumen,50823.73
CL-0971,Mario,Jimínez,asuncion66@example.net,(759)796-6999x8,2003-10-21,true,bajo,viajero_frecuente|alto_volumen,19338.97
CL-0972,Reynaldo,Gonzales,bernaljose-eduardo@example.com,850.313.4633x53,1963-05-10,true,bajo,cliente_vip,45620.43
CL-0973,Marisela,Paredes,marcelasantillan@example.com,756-692-0058x97,1977-12-17,true,medio,,12561.94
CL-0974,Ofelia,López,eduardobernal@example.com,1-970-668-3557x,1994-08-25,true,medio,viajero_frecuente,17214.76
CL-0975,Paola,Castellanos,flavioalonzo@example.net,1-366-093-7843,1984-11-19,true,medio,historial_fraude|cliente_vip,94513.09
CL-0976,Felipe,Hernández,imora@example.org,616.314.1829,1980-05-09,true,medio,,15855.37
CL-0977,Socorro,Olivárez,javiercastillo@example.com,+72(0)771800402,1982-02-23,true,critico,alto_volumen|historial_fraude|viajero_frecuente,98269.87
CL-0978,Nayeli,Rincón,santiagosantillan@example.net,(679)404-1167,1996-08-21,true,bajo,,66170.81
CL-0979,Jesús,Tafoya,abeltran@example.com,463.818.8888x09,1978-09-27,true,alto,cliente_vip|alto_volumen|nuevo_usuario,76825.22
CL-0980,Marisela,Torres,genarosantacruz@example.org,1-186-507-1565x,1957-05-23,true,bajo,historial_fraude|empresa|cliente_vip,50141.46
CL-0981,Fabiola,Abreu,pilarfuentes@example.net,936-251-5914x08,1994-08-23,true,bajo,cliente_vip|historial_fraude|nuevo_usuario,77532.6
CL-0982,Claudio,Moya,alcantarcornelio@example.org,(482)854-6934,1997-04-30,true,medio,,20431.73
CL-0983,Asunción,Toro,rlinares@example.org,+24(1)331574732,1978-02-20,true,bajo,empresa,54360.63
CL-0984,Gabriela,Armas,garridoeugenia@example.org,1-658-870-5991,1981-07-23,true,bajo,historial_fraude|alto_volumen,7138.66
CL-0985,Uriel,Jaime,gloria65@example.net,+73(3)165534158,1995-08-23,true,medio,empresa|cliente_vip|alto_volumen,70519.95
CL-0986,Pablo,Estévez,gastelumfelipe@example.com,373-819-6621x60,1991-01-08,true,alto,,89450.9
CL-0987,Rosario,Linares,germanveliz@example.net,(353)461-0940,1968-04-07,true,medio,,57972.24
CL-0988,Felipe,Mireles,chinojosa@example.com,+92(4)199634818,1984-03-23,true,medio,,69560.17
CL-0989,Blanca,Collado,jesus22@example.org,813-410-1260,1971-07-27,true,alto,,91694.01
CL-0990,Jaime,Paz,rosa80@example.net,743.384.1423x79,1970-06-28,true,bajo,historial_fraude,84103.16
CL-0991,Eugenio,Trujillo,vanegasjuan-carlos@example.org,(386)234-2619,1972-02-01,true,bajo,cliente_vip,27302.16
CL-0992,Carolina,Perales,marinoctavio@example.com,(224)782-0665x6,1986-09-17,true,alto,alto_volumen|nuevo_usuario,42756.96
CL-0993,Irene,Vázquez,mesaadalberto@example.org,+87(6)027274111,1972-09-26,true,bajo,alto_volumen|historial_fraude,63400.64
CL-0994,Hilda,Rosas,montenegroamalia@example.org,466.497.0494x23,1960-04-06,true,bajo,alto_volumen|empresa|viajero_frecuente,90417.28
CL-0995,Silvia,Saldaña,ggaitan@example.net,(747)217-3799,1979-05-16,true,bajo,cliente_vip,74529.11
CL-0996,José Eduardo,Abrego,tsamaniego@example.org,642.989.6286x33,1975-07-18,true,critico,nuevo_usuario|cliente_vip|empresa,27626.92
CL-0997,Gregorio,Pichardo,esmeraldaadame@example.net,(911)558-4604,1968-01-06,true,medio,alto_volumen|viajero_frecuente|historial_fraude,99564.73
CL-0998,Nicolás,Rosas,maria-luisa85@example.net,+03(9)024057795,1959-12-30,true,bajo,,83643.28
CL-0999,Teresa,de la Garza,ceciliasevilla@example.com,(344)024-0478x9,1971-09-09,true,bajo,,38348.39
CL-1000,Eric,Estrada,ebenitez@example.org,(374)341-9251x3,1968-11-17,true,medio,cliente_vip|viajero_frecuente|alto_volumen,6288.27
