cuentaId,numeroCuenta,tipoCuenta,saldo,fechaApertura,moneda,activa,limiteCredito,numeroPrestamos,bancosAsociados
CU-0001,11907386,corriente,170344.42,2011-04-02,MXN,true,20064.93,5,Banistmo
CU-0002,61007346,corriente,473384.06,2022-09-05,GTQ,true,19433.91,5,Davivienda|BAC|Industrial
CU-0003,19312412,corriente,300630.86,2012-11-28,GTQ,true,96417.65,0,Banrural
CU-0004,65019090,ahorro,309102.41,2007-08-15,USD,true,3843.0,0,Industrial|BAC|Davivienda
CU-0005,10459152,ahorro,406759.89,2005-05-14,EUR,true,3519.52,4,BAC
CU-0006,97088867,credito,468574.07,2017-04-26,GTQ,true,44967.12,5,Davivienda
CU-0007,92222921,monetaria,172245.7,2020-05-29,GTQ,true,45422.32,2,G&T Continental
CU-0008,48502168,corriente,481501.36,2017-06-04,MXN,true,36807.81,0,HSBC|Banrural
CU-0009,15711620,credito,204890.91,2010-03-07,MXN,true,62649.99,1,Banistmo|Industrial
CU-0010,71818207,credito,221668.39,2017-06-04,GTQ,true,66537.34,1,Industrial|Banrural|Banistmo
CU-0011,35630898,corriente,473976.5,2016-04-20,MXN,true,76397.66,3,HSBC|Banrural
CU-0012,62724691,corriente,234851.34,2020-04-15,GTQ,true,77457.77,4,BAC|Banrural
CU-0013,39149156,monetaria,275622.38,2007-01-11,USD,true,43178.38,3,Industrial
CU-0014,61804106,corriente,136296.65,2006-12-28,USD,true,80083.68,1,Citibank|Industrial
CU-0015,42977091,corriente,381191.45,2021-10-30,GTQ,true,61232.49,5,BAC|Citibank|Davivienda
CU-0016,18772342,ahorro,10243.77,2002-05-14,GTQ,true,93156.26,2,G&T Continental
CU-0017,38589967,monetaria,420259.6,2016-04-12,USD,true,90451.51,3,Citibank|Davivienda
CU-0018,33517361,monetaria,151271.86,2007-03-03,MXN,true,41518.59,4,Banistmo|Banrural|HSBC
CU-0019,84131297,credito,349781.24,2012-08-12,USD,true,97612.47,5,Davivienda
CU-0020,23028371,ahorro,67367.17,2017-02-01,GTQ,true,76713.81,4,Citibank|Industrial|HSBC
CU-0021,86760494,corriente,223390.38,2000-11-21,MXN,true,56678.3,2,Citibank
CU-0022,19246258,corriente,67039.17,2013-06-17,USD,true,11097.18,5,Citibank
CU-0023,49238480,ahorro,177033.28,2022-03-11,GTQ,true,41773.87,1,HSBC|Banrural
CU-0024,78910441,monetaria,491009.21,2001-01-19,GTQ,true,5201.11,1,HSBC|G&T Continental|Industrial
CU-0025,68109521,monetaria,19748.1,2020-07-19,USD,true,3137.38,4,BAC
CU-0026,50629111,credito,99421.02,2021-02-01,GTQ,false,67190.39,5,Citibank|G&T Continental
CU-0027,78797888,credito,203301.12,2015-05-07,GTQ,true,26158.79,1,HSBC|G&T Continental
CU-0028,21181158,credito,459347.45,2003-10-21,USD,true,86147.91,0,G&T Continental
CU-0029,24367955,corriente,36744.52,2016-09-30,GTQ,true,23694.53,0,BAC
CU-0030,11804855,monetaria,435014.88,2003-02-27,GTQ,true,87134.94,3,Citibank|Banistmo|Davivienda
CU-0031,24204629,ahorro,27611.29,2006-03-22,GTQ,true,8115.56,0,Banrural|BAC|Industrial
CU-0032,41282897,corriente,24524.32,2003-07-25,GTQ,true,19263.86,1,Davivienda|HSBC|Citibank
CU-0033,34973205,credito,143675.78,2002-09-30,GTQ,true,7955.83,1,G&T Continental|HSBC
CU-0034,87233454,corriente,349833.49,2003-05-26,GTQ,true,75628.62,1,Banistmo
CU-0035,95268109,monetaria,300577.76,2022-09-23,USD,true,25094.98,2,Industrial|HSBC|BAC
CU-0036,97891427,monetaria,140365.29,2007-03-27,GTQ,false,34422.33,5,Banistmo
CU-0037,20730923,credito,5505.47,2003-12-16,GTQ,true,91447.67,5,Banrural|HSBC|G&T Continental
CU-0038,52824042,credito,178735.32,2021-07-20,GTQ,true,48908.75,4,Industrial|Banrural|HSBC
CU-0039,32891228,ahorro,345277.74,2018-05-19,GTQ,true,92344.6,3,Davivienda|Industrial
CU-0040,30493013,corriente,368798.53,2017-04-18,GTQ,false,13943.2,2,G&T Continental|Industrial
CU-0041,59084772,ahorro,216907.82,2007-10-01,GTQ,true,21699.38,0,Davivienda|Banrural
CU-0042,46358251,monetaria,98477.12,2022-04-23,GTQ,true,95519.58,4,Industrial|Banrural
CU-0043,75301591,credito,216144.55,2007-03-03,GTQ,true,35336.94,0,Citibank
CU-0044,73981624,monetaria,70309.64,2023-04-09,MXN,true,41634.54,0,G&T Continental|Davivienda
CU-0045,94618779,monetaria,341870.81,2019-03-30,USD,true,52963.67,2,Citibank|Banistmo|Davivienda
CU-0046,27197789,monetaria,282446.51,2021-03-29,GTQ,true,41700.06,1,Industrial|Banistmo
CU-0047,51948011,credito,393296.47,2015-04-14,GTQ,true,19437.78,1,Industrial|Citibank
CU-0048,89568937,corriente,406567.61,2011-03-05,GTQ,true,1939.73,4,Banistmo
CU-0049,29911932,monetaria,40194.49,2022-01-08,GTQ,true,94714.43,5,Banrural|Industrial
CU-0050,62288069,corriente,395536.43,2012-05-22,USD,true,77775.93,3,Industrial
CU-0051,94969193,ahorro,163270.8,2021-08-24,GTQ,true,95666.76,3,Industrial|Banistmo
CU-0052,96683389,corriente,478841.71,2005-05-26,GTQ,false,88477.17,4,HSBC|Banrural|Industrial
CU-0053,66772934,ahorro,148737.6,2009-02-28,GTQ,false,65163.5,3,Citibank
CU-0054,72403120,corriente,223065.89,2017-02-19,GTQ,true,75846.16,0,Davivienda|G&T Continental
CU-0055,36545674,credito,142023.77,2005-10-06,GTQ,false,5242.35,2,Davivienda|G&T Continental|Banrural
CU-0056,52314652,credito,274838.62,2019-06-24,USD,true,32661.05,0,HSBC|G&T Continental|Davivienda
CU-0057,86306755,ahorro,441571.44,2002-07-04,USD,true,49667.66,0,G&T Continental
CU-0058,23724194,corriente,470031.46,2010-07-17,GTQ,true,35708.1,0,Citibank|Banistmo
CU-0059,19338403,credito,199980.22,2002-10-15,GTQ,true,39599.02,1,Banrural|Banistmo|Davivienda
CU-0060,70196402,corriente,57182.2,2011-09-12,GTQ,false,68352.19,0,Industrial
CU-0061,74249118,ahorro,20609.03,2010-06-08,MXN,true,13767.31,2,Banistmo|Davivienda
CU-0062,95138411,credito,9137.49,2012-12-28,GTQ,true,69712.47,4,BAC
CU-0063,36860242,ahorro,104022.72,2022-01-17,GTQ,true,58158.32,2,G&T Continental|Industrial|Banrural
CU-0064,30435434,ahorro,457557.93,2012-08-15,GTQ,true,38841.98,1,HSBC|G&T Continental|Banrural
CU-0065,53896992,monetaria,196012.54,2012-10-19,GTQ,true,96773.48,5,Banistmo|Banrural|Davivienda
CU-0066,25125464,ahorro,193419.76,2004-10-14,USD,true,20014.26,4,HSBC|Banistmo|Citibank
CU-0067,38768553,monetaria,180149.63,2002-06-09,USD,true,89020.65,2,BAC
CU-0068,51594284,ahorro,107819.99,2008-02-12,EUR,true,94679.51,3,Citibank|Industrial|Banistmo
CU-0069,90773970,corriente,460369.88,2021-07-16,GTQ,true,98678.12,1,Banrural
CU-0070,10036337,ahorro,309448.01,2000-07-02,MXN,true,30344.65,3,G&T Continental|BAC|Banistmo
CU-0071,59398803,corriente,322708.94,2018-12-25,USD,true,27997.87,5,HSBC
CU-0072,14696647,ahorro,150676.08,2011-10-14,GTQ,true,98328.31,1,BAC
CU-0073,73955393,corriente,6679.19,2003-11-11,USD,true,88644.0,5,HSBC|G&T Continental|BAC
CU-0074,85595538,credito,31173.56,2006-11-16,GTQ,true,37742.5,0,Banistmo|Davivienda
CU-0075,72505408,credito,87098.96,2000-08-05,GTQ,false,6301.02,2,HSBC|Citibank|Industrial
CU-0076,37205749,monetaria,11718.64,2012-03-13,MXN,true,68967.52,0,BAC|Banistmo|HSBC
CU-0077,68430949,credito,395877.87,2002-02-13,GTQ,true,36729.72,3,G&T Continental|Davivienda|Citibank
CU-0078,59831321,corriente,160015.97,2015-07-22,GTQ,true,37210.99,2,G&T Continental|Banistmo
CU-0079,76372099,credito,179844.59,2019-05-14,GTQ,true,13764.15,2,Davivienda|Industrial|HSBC
CU-0080,32048771,ahorro,171398.61,2006-07-04,GTQ,true,83201.31,1,G&T Continental|Banistmo|Banrural
CU-0081,63197220,ahorro,411633.41,2005-01-07,MXN,true,51956.88,4,HSBC
CU-0082,83879955,corriente,369725.49,2015-01-08,GTQ,true,83646.88,2,Banistmo|HSBC|Citibank
CU-0083,62720687,corriente,288298.23,2018-04-20,USD,true,22581.48,5,G&T Continental|Banistmo
CU-0084,35277376,ahorro,446538.36,2022-08-18,USD,true,91584.37,5,Industrial|Banistmo
CU-0085,64508486,monetaria,412528.59,2004-05-01,MXN,true,1622.0,2,Industrial
CU-0086,34926126,ahorro,33044.44,2020-04-20,MXN,true,35751.43,3,HSBC
CU-0087,56059442,credito,187145.43,2013-08-17,GTQ,true,47843.95,4,BAC|Citibank|Industrial
CU-0088,14230279,credito,159475.74,2001-05-23,GTQ,true,79783.17,4,Banistmo
CU-0089,88802545,monetaria,474535.72,2021-12-29,MXN,true,96276.83,0,HSBC|Davivienda
CU-0090,22354586,ahorro,122317.45,2004-03-20,GTQ,true,24137.86,3,Citibank
CU-0091,51582474,credito,107885.95,2018-06-02,GTQ,true,59342.91,5,Davivienda
CU-0092,19274392,corriente,231321.58,2017-05-30,USD,true,72433.09,2,Banrural|Citibank|HSBC
CU-0093,75914192,corriente,451082.0,2013-02-27,EUR,false,60112.03,3,G&T Continental
CU-0094,20310693,corriente,240814.17,2011-03-04,GTQ,true,80680.27,1,BAC|G&T Continental
CU-0095,34518599,corriente,169705.24,2022-02-17,GTQ,true,70078.0,0,G&T Continental
CU-0096,28683820,corriente,370048.37,2001-01-22,GTQ,true,69892.12,0,Citibank|Davivienda|HSBC
CU-0097,24271117,credito,236565.83,2012-07-05,GTQ,true,6693.85,0,Citibank|Industrial
CU-0098,63865194,corriente,453261.43,2006-03-03,GTQ,true,57042.06,5,Davivienda
CU-0099,98565173,monetaria,278462.92,2021-06-08,GTQ,true,18551.02,3,BAC
CU-0100,41171838,corriente,73267.31,2005-12-22,USD,true,37185.86,4,Banrural
CU-0101,80405670,monetaria,292579.21,2000-05-25,GTQ,true,31952.92,1,Industrial|Banrural
CU-0102,99125450,credito,238876.86,2009-08-09,GTQ,true,63339.66,4,G&T Continental
CU-0103,99534277,corriente,428851.74,2006-07-10,EUR,false,51338.46,0,G&T Continental|Banrural|Citibank
CU-0104,65500187,monetaria,468773.08,2011-10-10,GTQ,true,4290.89,2,BAC|Banrural
CU-0105,60154780,credito,224639.08,2010-01-29,USD,true,61489.58,4,G&T Continental|Banrural
CU-0106,90393580,monetaria,248315.31,2003-05-14,GTQ,false,6633.4,0,G&T Continental|Banistmo|Citibank
CU-0107,15361803,monetaria,138333.41,2012-08-06,GTQ,true,91711.08,2,Citibank|G&T Continental|Industrial
CU-0108,78644309,credito,192739.97,2006-02-26,GTQ,true,48967.55,2,Banrural|G&T Continental|Citibank
CU-0109,45998754,monetaria,437313.13,2023-01-13,GTQ,true,32416.44,1,Industrial|G&T Continental|Banistmo
CU-0110,35749206,monetaria,258594.72,2018-06-17,GTQ,true,66968.46,1,G&T Continental|Banistmo|Citibank
CU-0111,49596283,corriente,343395.24,2016-03-19,USD,true,20446.45,3,G&T Continental|BAC|Citibank
CU-0112,49119248,corriente,102469.78,2015-02-18,GTQ,true,49695.57,1,Davivienda|Citibank
CU-0113,46338173,credito,268473.01,2006-07-25,GTQ,false,12442.93,3,Banistmo|BAC|Davivienda
CU-0114,35357498,monetaria,463866.76,2020-05-25,MXN,true,82115.82,4,Banistmo|Banrural|G&T Continental
CU-0115,16844169,credito,313870.42,2021-12-16,GTQ,true,38688.47,0,G&T Continental
CU-0116,26497586,monetaria,379942.27,2002-06-11,GTQ,false,10746.16,4,G&T Continental|Banistmo
CU-0117,22870221,credito,102048.82,2002-09-08,GTQ,true,62436.0,2,Banistmo|Banrural
CU-0118,40935620,corriente,308965.11,2011-12-19,MXN,true,23636.23,0,Citibank|Banistmo|Banrural
CU-0119,33064287,credito,101172.18,2000-10-12,MXN,true,74045.61,2,Banrural|BAC
CU-0120,43043458,credito,110097.23,2020-08-11,USD,true,91762.55,2,BAC
CU-0121,42047266,monetaria,217314.24,2017-05-06,GTQ,true,84728.22,3,Davivienda|Industrial|Banrural
CU-0122,61603430,credito,11024.81,2012-03-09,GTQ,true,43665.03,4,Citibank|BAC
CU-0123,76978961,credito,419028.59,2009-03-20,GTQ,true,60095.35,5,Banistmo|Banrural|Industrial
CU-0124,37800640,corriente,156763.0,2018-03-04,GTQ,true,89845.26,3,Davivienda|BAC|Citibank
CU-0125,85606069,corriente,322561.37,2002-11-25,GTQ,true,38886.99,2,Banistmo|BAC
CU-0126,75895196,credito,361951.33,2019-01-10,GTQ,true,22855.68,2,Davivienda|Banrural
CU-0127,32621278,corriente,426750.3,2023-03-14,GTQ,true,84590.25,3,BAC|Banistmo
CU-0128,40679513,ahorro,353405.83,2007-02-14,GTQ,true,5006.51,0,HSBC|Industrial|Banrural
CU-0129,49346304,corriente,429179.38,2012-06-29,EUR,true,40946.44,1,Banrural|Davivienda|BAC
CU-0130,93341780,ahorro,286090.83,2007-11-22,GTQ,true,42326.4,1,BAC
CU-0131,36224131,ahorro,33224.74,2004-07-21,GTQ,true,53395.33,3,Citibank|Davivienda|Banrural
CU-0132,30497544,corriente,122446.09,2000-05-23,GTQ,true,27233.74,0,BAC|Industrial|Banrural
CU-0133,32414530,ahorro,234267.98,2005-12-07,GTQ,true,36719.08,2,Industrial|Davivienda
CU-0134,33507564,ahorro,356571.56,2007-04-09,USD,true,6707.4,3,BAC
CU-0135,48547666,credito,264210.97,2021-12-23,USD,true,54146.9,3,Davivienda|Citibank|HSBC
CU-0136,57504416,credito,375691.45,2023-06-25,MXN,true,85792.68,1,Industrial
CU-0137,19853872,monetaria,420893.98,2005-03-07,USD,true,37594.42,2,Citibank
CU-0138,75393775,corriente,375030.84,2009-09-01,GTQ,true,14717.02,4,G&T Continental|Citibank|Davivienda
CU-0139,63198642,corriente,70728.82,2010-03-09,MXN,true,39923.92,5,Citibank|Banrural
CU-0140,72182980,corriente,207607.91,2002-04-21,GTQ,true,64002.29,0,Citibank|BAC
CU-0141,57050710,credito,454650.71,2019-06-10,GTQ,true,82109.42,4,BAC|Banistmo
CU-0142,74351832,ahorro,175917.46,2008-09-04,GTQ,true,1105.62,0,HSBC
CU-0143,18037892,ahorro,254508.11,2023-05-17,GTQ,true,33404.09,4,Citibank|HSBC
CU-0144,53828083,monetaria,183667.75,2023-03-11,GTQ,true,75849.25,3,BAC|Citibank|HSBC
CU-0145,86014287,ahorro,499321.59,2006-11-17,MXN,true,66061.63,3,HSBC|Banrural|Banistmo
CU-0146,36351536,ahorro,308245.61,2012-05-15,GTQ,false,30291.03,1,Banistmo
CU-0147,86409465,corriente,208503.32,2006-10-20,GTQ,true,99042.63,1,Banrural
CU-0148,31930027,ahorro,132386.6,2021-08-25,USD,true,91513.4,1,Davivienda|BAC|Banistmo
CU-0149,99847647,credito,405750.73,2015-05-17,USD,true,85059.38,2,Citibank|Davivienda|Banistmo
CU-0150,53826526,corriente,333709.81,2023-04-30,USD,true,77829.61,1,BAC
CU-0151,68233497,credito,135730.36,2022-10-28,GTQ,true,99131.29,0,HSBC|Banistmo|G&T Continental
CU-0152,24293758,corriente,277284.55,2009-10-27,EUR,true,90517.47,0,Citibank|Industrial|Davivienda
CU-0153,63667053,credito,283069.72,2013-06-01,GTQ,true,48117.37,5,Citibank
CU-0154,17637396,credito,202665.32,2019-05-21,GTQ,true,3059.55,2,HSBC
CU-0155,41632745,credito,439492.47,2022-01-23,MXN,true,21402.86,3,HSBC
CU-0156,42646566,corriente,167723.7,2014-09-03,GTQ,true,10065.98,0,BAC|Banrural|HSBC
CU-0157,67518016,credito,448238.94,2006-10-24,MXN,false,17757.31,1,Citibank|Davivienda
CU-0158,57949350,ahorro,19735.13,2013-11-23,GTQ,false,58286.35,0,BAC|Banistmo|Banrural
CU-0159,32808207,credito,412007.56,2021-12-30,GTQ,true,61543.51,4,HSBC
CU-0160,28604725,ahorro,230899.45,2011-08-30,GTQ,true,51489.15,3,Industrial|Citibank|G&T Continental
CU-0161,14299495,credito,426004.29,2007-04-21,USD,true,35875.19,4,HSBC|Citibank
CU-0162,63833929,credito,403386.42,2010-07-19,USD,true,66625.54,1,Davivienda
CU-0163,29960983,corriente,17917.22,2002-08-20,GTQ,true,10767.45,3,G&T Continental
CU-0164,19857239,monetaria,385068.54,2014-05-09,GTQ,true,43533.48,0,HSBC|Citibank|Banrural
CU-0165,73515624,ahorro,181786.77,2017-07-12,GTQ,false,3137.95,2,G&T Continental|Banistmo
CU-0166,76789013,credito,328993.89,2017-10-30,USD,true,44961.22,2,Banistmo|Citibank|G&T Continental
CU-0167,86043568,corriente,3223.07,2007-05-13,MXN,true,48689.42,2,BAC
CU-0168,28836248,corriente,256148.6,2022-03-21,MXN,true,72078.44,3,BAC
CU-0169,94763590,monetaria,355538.29,2016-09-24,GTQ,true,77156.8,4,Industrial
CU-0170,29838164,monetaria,340018.03,2022-08-26,GTQ,true,52873.52,4,Industrial|Davivienda|Citibank
CU-0171,15291565,credito,482053.33,2013-01-06,GTQ,true,4451.37,2,Banistmo
CU-0172,89097226,ahorro,236996.04,2018-09-19,MXN,true,60876.05,1,Industrial|Davivienda
CU-0173,45527500,monetaria,445702.35,2001-09-26,USD,true,57956.37,3,BAC|HSBC
CU-0174,40765501,ahorro,110511.37,2020-02-25,GTQ,false,4776.38,0,Banistmo|BAC
CU-0175,77343991,monetaria,384334.88,2002-04-18,GTQ,true,53409.0,4,Banrural|Banistmo
CU-0176,41518806,credito,280157.73,2014-09-27,GTQ,true,1421.14,3,Citibank
CU-0177,96817795,corriente,473262.57,2000-12-04,GTQ,true,73101.66,1,HSBC|Citibank|G&T Continental
CU-0178,65777619,corriente,452930.25,2009-02-25,USD,true,76509.27,2,Banrural|BAC
CU-0179,30880066,ahorro,426441.66,2000-02-24,MXN,false,77033.94,2,Banrural
CU-0180,70571332,monetaria,60280.24,2023-12-24,GTQ,true,66799.84,2,Citibank
CU-0181,22352071,monetaria,87787.47,2008-06-28,GTQ,true,1822.75,4,Banrural
CU-0182,31782481,corriente,170721.64,2023-06-02,USD,true,47869.04,5,BAC|G&T Continental
CU-0183,62248036,credito,51336.48,2022-12-26,USD,true,16752.3,4,Davivienda|Banistmo|HSBC
CU-0184,18979241,corriente,417172.84,2022-03-05,GTQ,true,32221.4,2,BAC
CU-0185,14882771,credito,93634.3,2015-12-11,GTQ,true,37253.74,2,BAC|G&T Continental
CU-0186,72207404,ahorro,66606.85,2004-04-21,GTQ,true,11649.39,1,Davivienda|HSBC
CU-0187,84035112,monetaria,59436.4,2001-06-16,USD,true,24603.76,4,HSBC|BAC
CU-0188,24304153,ahorro,469493.83,2006-02-21,USD,true,99928.07,2,Banistmo|BAC
CU-0189,81264557,monetaria,37093.39,2013-10-31,USD,true,2614.78,2,G&T Continental|Citibank
CU-0190,22492482,corriente,465670.86,2004-06-28,GTQ,true,26419.99,2,Banrural|Davivienda
CU-0191,87364623,corriente,290905.21,2003-07-15,GTQ,true,84146.72,4,Banrural|Banistmo|Citibank
CU-0192,83677009,monetaria,453112.87,2013-05-06,GTQ,true,93078.74,2,Banrural|Citibank
CU-0193,54730279,monetaria,370417.71,2006-02-20,GTQ,true,58830.43,0,BAC|Industrial
CU-0194,58469806,credito,270753.19,2011-11-09,GTQ,true,89502.45,1,Citibank
CU-0195,32599555,corriente,324067.12,2004-08-28,USD,false,21841.79,5,G&T Continental
CU-0196,78408689,corriente,494818.25,2000-03-27,USD,true,57669.08,5,Davivienda
CU-0197,83492765,corriente,29215.52,2009-06-19,USD,true,82502.54,2,G&T Continental|Industrial
CU-0198,89291824,credito,455328.49,2012-11-26,GTQ,true,88956.77,5,HSBC|Citibank
CU-0199,91236074,credito,227.05,2005-02-20,GTQ,true,25293.62,1,G&T Continental|Banistmo|Citibank
CU-0200,87873678,ahorro,483570.77,2011-02-28,GTQ,false,99814.5,5,Banrural
CU-0201,62978256,corriente,482592.56,2012-05-27,MXN,true,65185.3,5,BAC
CU-0202,65479681,ahorro,170349.17,2020-01-20,GTQ,true,78559.75,2,Banistmo|Industrial
CU-0203,98519306,monetaria,221427.59,2009-01-15,EUR,true,38921.1,1,Industrial|Davivienda|Banistmo
CU-0204,46761893,credito,23991.18,2000-02-20,GTQ,true,78139.31,0,Davivienda|HSBC|G&T Continental
CU-0205,37358925,credito,54763.45,2012-11-18,GTQ,true,42615.23,0,Banrural|HSBC
CU-0206,70992435,monetaria,151249.44,2010-01-23,GTQ,true,27561.56,3,HSBC|Banrural
CU-0207,74471524,corriente,218783.71,2005-12-27,GTQ,true,48590.26,1,G&T Continental|BAC|Davivienda
CU-0208,59772507,monetaria,344798.88,2012-03-11,EUR,true,31021.72,3,Banrural
CU-0209,86122371,ahorro,120233.5,2012-09-07,GTQ,true,95767.9,4,G&T Continental|Citibank|Industrial
CU-0210,80910956,ahorro,74122.7,2000-11-16,GTQ,true,55387.24,4,BAC|Industrial
CU-0211,35960277,corriente,53787.35,2013-09-28,USD,true,69602.69,2,Industrial|Citibank|Davivienda
CU-0212,99903903,monetaria,47593.01,2021-03-01,USD,true,32471.51,2,Davivienda|Banistmo
CU-0213,42368904,monetaria,246321.85,2019-04-29,MXN,false,7626.83,4,Industrial
CU-0214,65127958,ahorro,102082.16,2018-07-01,GTQ,true,10261.52,4,G&T Continental|Banrural
CU-0215,38794231,corriente,185123.93,2001-08-22,GTQ,true,40913.82,2,Davivienda|Banrural|BAC
CU-0216,55743318,corriente,305692.9,2004-03-12,USD,true,53689.11,5,BAC
CU-0217,73889311,monetaria,270308.11,2000-04-14,MXN,true,99225.7,3,Banrural|BAC
CU-0218,77605530,corriente,462367.94,2012-06-15,GTQ,true,93465.48,3,G&T Continental|BAC|Citibank
CU-0219,23087728,ahorro,333482.95,2008-08-20,GTQ,true,73747.5,5,Industrial
CU-0220,38061024,corriente,65880.4,2020-09-02,GTQ,true,61864.62,0,Industrial
CU-0221,59209911,monetaria,417290.57,2019-05-15,GTQ,false,90115.65,3,BAC|Banrural
CU-0222,60269323,ahorro,266281.35,2018-11-09,GTQ,true,21178.52,1,Banrural|Industrial
CU-0223,40770370,corriente,132703.12,2023-05-03,USD,true,53086.58,4,Citibank|Industrial|Banrural
CU-0224,89761514,corriente,476785.86,2019-01-22,GTQ,true,44507.58,2,Industrial|Citibank
CU-0225,12688078,corriente,202610.99,2016-11-04,USD,true,9102.47,4,G&T Continental
CU-0226,17219866,corriente,368370.29,2023-12-07,MXN,true,47932.17,5,G&T Continental|BAC|HSBC
CU-0227,34131353,corriente,399370.92,2010-10-15,MXN,true,60690.14,0,Banrural
CU-0228,55514836,ahorro,129458.94,2014-11-23,GTQ,true,4401.86,3,G&T Continental
CU-0229,39596058,ahorro,258736.51,2019-11-04,GTQ,true,54672.63,5,Davivienda|Banrural
CU-0230,47085870,monetaria,14495.04,2000-07-07,USD,true,69088.35,5,Banrural
CU-0231,53284762,corriente,378658.04,2003-08-21,GTQ,true,95308.87,0,Citibank|BAC
CU-0232,94670720,ahorro,359472.32,2015-11-07,GTQ,true,79468.96,4,HSBC|Banistmo|G&T Continental
CU-0233,45004529,corriente,42062.74,2006-08-20,USD,true,47677.83,3,Banrural|Davivienda|Banistmo
CU-0234,48785862,ahorro,156713.87,2021-01-12,GTQ,true,2625.14,4,BAC
CU-0235,98857117,monetaria,442839.28,2016-12-13,GTQ,true,36146.67,4,G&T Continental|Industrial
CU-0236,60696877,ahorro,117518.79,2006-09-11,USD,true,99066.75,2,BAC|G&T Continental|Banistmo
CU-0237,32848643,credito,364664.64,2001-10-07,USD,false,20791.65,3,Davivienda|HSBC|G&T Continental
CU-0238,12280944,corriente,62446.22,2002-09-21,GTQ,false,12241.05,3,Banrural|HSBC
CU-0239,81040051,ahorro,130434.72,2011-08-08,MXN,true,54747.77,3,Industrial|HSBC
CU-0240,36018939,credito,358949.79,2008-06-02,GTQ,false,26779.94,1,Banrural|Davivienda|Citibank
CU-0241,63698183,monetaria,362857.8,2023-05-27,GTQ,true,73055.18,3,G&T Continental|BAC
CU-0242,42576819,credito,378117.97,2005-11-08,GTQ,true,52832.1,1,HSBC
CU-0243,43802725,ahorro,230713.62,2001-10-30,USD,true,98220.84,3,Citibank
CU-0244,60152461,monetaria,433069.86,2001-11-24,GTQ,true,72112.41,2,G&T Continental|Davivienda
CU-0245,35725787,ahorro,334166.52,2021-01-27,GTQ,true,27978.76,2,BAC|Banistmo|Banrural
CU-0246,24625059,monetaria,120342.42,2022-06-21,GTQ,true,27543.32,5,Davivienda
CU-0247,91885596,ahorro,336675.73,2015-04-01,GTQ,true,5752.34,2,Industrial
CU-0248,39008943,corriente,484850.81,2015-12-05,GTQ,true,58712.16,5,Banistmo
CU-0249,39780071,corriente,402876.97,2004-01-15,GTQ,true,52621.14,5,BAC
CU-0250,91397212,corriente,120168.71,2004-02-06,USD,true,21678.23,3,Citibank|Banrural|BAC
CU-0251,64579226,ahorro,361542.09,2003-10-06,MXN,true,50488.64,2,Banrural|Industrial
CU-0252,77200602,credito,389346.13,2023-07-11,EUR,false,18482.88,0,Banrural
CU-0253,54907705,credito,55563.32,2005-09-26,USD,true,1312.02,5,Citibank|Industrial
CU-0254,95474336,credito,131575.52,2012-09-21,USD,true,96036.86,3,Industrial
CU-0255,62581326,monetaria,304676.18,2015-07-06,GTQ,false,31122.79,0,HSBC
CU-0256,24610423,monetaria,112534.97,2017-10-22,GTQ,true,2637.61,1,Industrial|Banrural
CU-0257,31163196,corriente,303087.45,2022-09-09,GTQ,true,27501.97,2,Banrural|BAC
CU-0258,44245294,ahorro,347556.25,2013-03-09,GTQ,true,94066.77,0,BAC|Banistmo
CU-0259,55297384,corriente,245933.95,2017-09-27,GTQ,true,74375.71,4,Banrural|BAC|Citibank
CU-0260,27285424,credito,390043.53,2000-10-21,MXN,true,87482.91,0,Industrial|G&T Continental|Davivienda
CU-0261,63395880,ahorro,408995.24,2001-03-22,GTQ,true,7267.94,5,Banrural
CU-0262,33556305,corriente,126640.47,2015-04-11,GTQ,true,50907.58,1,Banrural|Industrial
CU-0263,94071070,credito,211949.02,2006-05-25,USD,true,83139.15,2,BAC|Davivienda|Banrural
CU-0264,50803020,ahorro,396802.59,2020-01-26,USD,true,23742.57,5,G&T Continental|Industrial|BAC
CU-0265,38448890,corriente,322390.36,2005-07-26,GTQ,true,45153.39,5,BAC
CU-0266,78102004,monetaria,496591.85,2002-11-28,USD,true,18177.8,0,Davivienda|G&T Continental|HSBC
CU-0267,32226595,credito,377987.47,2018-11-15,USD,true,37586.8,5,Davivienda|BAC
CU-0268,80090164,monetaria,72163.11,2016-06-04,GTQ,true,56876.12,1,Banrural|G&T Continental
CU-0269,12855262,monetaria,284525.51,2008-09-20,MXN,true,10835.49,1,G&T Continental|Banistmo
CU-0270,67696791,credito,281739.53,2002-06-16,GTQ,true,99002.26,3,Banistmo
CU-0271,95931487,ahorro,228319.34,2018-09-26,MXN,false,44198.93,5,HSBC
CU-0272,85384682,corriente,259756.89,2009-11-19,GTQ,true,90786.0,5,G&T Continental
CU-0273,98215833,ahorro,417903.61,2012-10-08,USD,true,96002.05,5,G&T Continental
CU-0274,86003182,credito,170340.53,2006-08-09,GTQ,true,54450.04,1,HSBC|BAC
CU-0275,83902153,credito,286243.1,2015-06-18,GTQ,false,82921.47,0,Davivienda|Banistmo|Industrial
CU-0276,23187264,corriente,383128.75,2023-09-16,GTQ,true,92382.6,0,Industrial|Banistmo
CU-0277,45842449,credito,270504.78,2010-10-17,GTQ,true,84976.35,2,BAC|Banistmo|Davivienda
CU-0278,32044652,credito,376042.59,2000-01-17,GTQ,true,43424.81,3,Banrural|BAC
CU-0279,25674475,credito,251701.61,2003-05-14,GTQ,true,61188.99,0,Banrural
CU-0280,60357342,ahorro,305839.84,2012-07-11,GTQ,true,7316.28,5,BAC|Industrial
CU-0281,64732787,corriente,431380.7,2023-05-29,GTQ,true,44331.36,3,G&T Continental|BAC|Citibank
CU-0282,59440584,corriente,318570.19,2012-02-12,GTQ,true,44269.49,2,G&T Continental|BAC
CU-0283,70267126,corriente,362873.62,2018-06-19,USD,true,34455.05,4,Davivienda
CU-0284,93938382,credito,461375.86,2002-02-20,MXN,true,93248.52,0,BAC|Industrial
CU-0285,80327598,monetaria,33112.63,2008-10-04,GTQ,true,8918.68,1,Citibank|Davivienda
CU-0286,32984583,corriente,172042.93,2018-01-01,GTQ,true,7915.08,0,G&T Continental
CU-0287,23644112,ahorro,301265.05,2000-01-08,GTQ,true,42189.96,4,Citibank|Banrural|Industrial
CU-0288,76538181,monetaria,187678.54,2008-07-16,GTQ,false,66787.61,2,HSBC|Davivienda
CU-0289,16601392,corriente,432211.27,2014-06-28,GTQ,true,29401.65,0,Banistmo
CU-0290,46962459,monetaria,497461.89,2010-08-10,GTQ,true,83200.04,3,Banrural|Davivienda
CU-0291,72170333,credito,333471.82,2007-08-22,MXN,false,83395.79,5,Davivienda
CU-0292,89053312,corriente,50720.15,2008-09-03,GTQ,true,41986.77,4,Citibank|Davivienda|Industrial
CU-0293,91402258,credito,116549.19,2019-02-09,EUR,true,82254.41,1,G&T Continental
CU-0294,82948912,monetaria,203916.8,2015-03-08,GTQ,true,95976.74,0,Banistmo|Industrial
CU-0295,25971233,credito,238899.79,2002-09-27,GTQ,true,23594.99,3,G&T Continental|Banistmo|BAC
CU-0296,59001054,ahorro,187746.47,2006-06-11,GTQ,true,18044.9,5,Citibank|Davivienda
CU-0297,31369764,ahorro,496071.48,2016-06-02,GTQ,true,98887.34,0,HSBC|Industrial|Davivienda
CU-0298,30178362,ahorro,261180.15,2007-10-25,GTQ,true,32739.25,3,BAC|HSBC
CU-0299,89273380,monetaria,117227.2,2012-12-14,USD,true,95308.69,1,Citibank
CU-0300,14551461,corriente,330987.95,2019-06-06,MXN,true,69140.64,4,G&T Continental|Davivienda
CU-0301,91281938,monetaria,422990.83,2022-12-22,GTQ,false,8401.41,2,Davivienda|Banistmo
CU-0302,14804924,credito,45378.69,2008-01-12,GTQ,true,44757.92,3,G&T Continental
CU-0303,13518905,credito,137087.47,2003-07-01,MXN,false,62781.9,3,Davivienda|Industrial
CU-0304,82742892,corriente,428440.39,2019-07-31,GTQ,true,15391.53,1,Industrial|Davivienda
CU-0305,15124422,monetaria,340622.15,2000-01-11,GTQ,true,62520.02,1,BAC|Citibank
CU-0306,46148486,ahorro,331616.84,2016-03-01,USD,true,72768.86,2,Davivienda|HSBC|BAC
CU-0307,14111644,ahorro,83543.79,2007-11-22,USD,true,37452.93,2,Banistmo
CU-0308,71832203,credito,97651.68,2015-11-01,USD,true,18568.89,1,G&T Continental|Citibank|HSBC
CU-0309,87316551,monetaria,394662.31,2009-12-19,EUR,true,96047.47,4,Citibank
CU-0310,64344900,corriente,129994.57,2014-09-15,GTQ,true,72242.08,3,Citibank
CU-0311,62220968,corriente,484298.31,2007-09-16,GTQ,true,86833.43,1,Citibank|BAC
CU-0312,40004863,ahorro,279746.73,2017-07-19,GTQ,false,64582.08,4,Banistmo|Davivienda
CU-0313,84985418,monetaria,7324.02,2014-05-17,USD,true,28730.48,2,BAC
CU-0314,36059652,monetaria,313877.94,2005-05-19,EUR,true,82432.86,0,Davivienda
CU-0315,90396559,credito,81989.85,2008-12-06,GTQ,true,58197.7,2,Banrural
CU-0316,58885275,corriente,196962.64,2003-12-16,GTQ,true,32676.78,2,Banrural
CU-0317,39071005,corriente,182738.12,2009-08-14,USD,true,84587.54,4,Industrial
CU-0318,67210317,credito,425705.44,2002-01-20,GTQ,true,95273.06,1,Banrural|G&T Continental|BAC
CU-0319,14723415,monetaria,88251.04,2017-03-05,USD,true,12201.37,4,Davivienda|HSBC|BAC
CU-0320,91211357,corriente,378761.28,2000-04-20,GTQ,true,84470.22,4,Citibank|Industrial|Banrural
CU-0321,28367664,monetaria,278482.0,2019-03-16,GTQ,true,86403.44,4,Banistmo|Davivienda|Industrial
CU-0322,82331933,credito,139408.81,2007-07-08,GTQ,true,51020.84,5,HSBC|Davivienda|Citibank
CU-0323,55571777,credito,482249.97,2014-03-27,USD,true,28803.26,4,HSBC
CU-0324,92461026,ahorro,483801.01,2019-03-16,MXN,false,93257.45,0,BAC
CU-0325,30930333,monetaria,185938.05,2010-04-19,GTQ,true,7274.82,1,Banrural
CU-0326,53752119,monetaria,34155.91,2000-04-01,GTQ,true,52178.69,5,Banistmo|HSBC|Citibank
CU-0327,34447629,ahorro,141596.69,2012-10-03,EUR,true,38306.76,4,Davivienda|Banrural|Industrial
CU-0328,39807813,credito,224226.68,2019-10-14,USD,true,41327.95,5,G&T Continental
CU-0329,59163162,corriente,459580.17,2012-11-30,GTQ,true,52582.77,1,Banrural|Citibank|Davivienda
CU-0330,35558238,ahorro,62710.86,2006-06-04,EUR,true,62691.2,4,BAC
CU-0331,60621065,ahorro,442683.81,2023-04-22,GTQ,true,16015.08,5,Davivienda|G&T Continental|BAC
CU-0332,81472700,corriente,383350.98,2018-02-14,GTQ,true,45602.75,1,Davivienda|Industrial
CU-0333,53063605,monetaria,373286.71,2016-04-16,GTQ,true,13566.66,1,BAC|G&T Continental|Banrural
CU-0334,93028632,ahorro,255219.55,2020-05-06,GTQ,true,24108.89,0,BAC|HSBC
CU-0335,34380986,credito,480155.47,2021-01-10,GTQ,true,21506.85,3,Industrial|HSBC|Citibank
CU-0336,88189131,corriente,478323.85,2001-04-24,GTQ,true,57664.81,4,Industrial|Citibank|Davivienda
CU-0337,32977078,ahorro,366268.97,2014-08-31,USD,true,64035.75,1,G&T Continental|Banrural|Banistmo
CU-0338,53634520,monetaria,351086.36,2010-12-20,USD,true,54016.36,2,HSBC|G&T Continental|Industrial
CU-0339,26395574,credito,362255.42,2020-10-08,USD,true,21886.6,3,Industrial|BAC
CU-0340,86644190,monetaria,130149.48,2011-05-22,GTQ,true,49811.74,5,Banrural|Davivienda|Industrial
CU-0341,91014816,credito,845.38,2007-10-27,GTQ,true,33110.97,5,Davivienda|Banistmo|HSBC
CU-0342,76800285,ahorro,106725.72,2014-08-30,GTQ,true,94580.43,4,G&T Continental
CU-0343,30030597,ahorro,406066.54,2004-06-02,GTQ,true,72920.31,5,Industrial
CU-0344,33255413,ahorro,441627.43,2011-11-25,USD,true,81083.28,5,Davivienda|G&T Continental
CU-0345,38264338,monetaria,333507.63,2016-01-12,GTQ,true,39434.58,0,Industrial
CU-0346,12326935,monetaria,488983.92,2010-08-07,MXN,true,81467.27,4,Banrural|Industrial
CU-0347,18913189,monetaria,417509.63,2007-04-24,MXN,true,57051.61,0,G&T Continental
CU-0348,96290143,corriente,389499.87,2015-08-15,USD,true,19883.95,2,Industrial|BAC|HSBC
CU-0349,36351317,ahorro,288062.86,2021-02-01,GTQ,true,49986.52,4,G&T Continental
CU-0350,63394430,ahorro,316461.99,2006-10-22,GTQ,true,86673.09,5,Banistmo|Industrial
CU-0351,98608237,corriente,26278.48,2004-01-02,GTQ,true,10450.55,1,Banrural
CU-0352,92880515,ahorro,222968.75,2015-05-20,USD,true,75995.2,1,Industrial
CU-0353,14969146,monetaria,285727.86,2019-05-09,GTQ,true,1340.91,1,HSBC|Banistmo
CU-0354,79926458,ahorro,74390.7,2012-08-26,GTQ,true,2270.94,4,Banistmo|Citibank|HSBC
CU-0355,28872517,monetaria,429851.84,2014-08-26,MXN,true,28671.3,1,Industrial
CU-0356,59221290,monetaria,360647.89,2002-12-17,USD,true,123.61,1,Citibank|Banrural|Davivienda
CU-0357,88310524,credito,411658.57,2004-05-11,GTQ,true,14187.9,1,Citibank|HSBC
CU-0358,53840736,monetaria,193378.06,2005-11-05,GTQ,false,94151.27,5,BAC
CU-0359,28904006,credito,465057.71,2018-12-13,GTQ,true,47931.05,4,HSBC|BAC
CU-0360,32327365,ahorro,221278.85,2003-10-30,GTQ,true,2238.04,1,G&T Continental
CU-0361,47768705,ahorro,170866.36,2011-09-17,MXN,true,87858.72,5,BAC|Banrural|Citibank
CU-0362,48313228,ahorro,124473.57,2005-08-04,GTQ,true,90509.63,3,Davivienda|G&T Continental|Industrial
CU-0363,51373866,ahorro,185129.45,2015-08-12,GTQ,true,17248.25,1,Davivienda|Banistmo
CU-0364,24284125,corriente,418303.49,2011-04-07,GTQ,false,4412.36,0,Banrural
CU-0365,15198305,corriente,12836.03,2018-07-04,GTQ,true,39863.83,0,G&T Continental|Industrial
CU-0366,79293917,ahorro,271958.5,2023-03-09,GTQ,true,36624.39,0,BAC
CU-0367,24519890,monetaria,352004.04,2020-10-15,GTQ,true,40858.68,0,BAC
CU-0368,72001364,corriente,165735.72,2002-02-22,USD,true,96996.93,2,HSBC|Banrural
CU-0369,63769921,corriente,56660.03,2008-10-25,GTQ,true,18172.59,4,Citibank|Industrial|Banistmo
CU-0370,67644489,monetaria,247835.16,2009-03-05,GTQ,false,19896.48,5,Banistmo
CU-0371,31016411,credito,460945.61,2019-08-16,EUR,true,14891.36,2,Banrural|HSBC|Davivienda
CU-0372,28551845,credito,8999.79,2002-08-01,MXN,true,42556.35,2,BAC|Banistmo
CU-0373,19101470,ahorro,24814.07,2021-10-13,USD,true,25231.66,0,HSBC|Davivienda|Banrural
CU-0374,82998067,ahorro,410184.0,2012-02-03,GTQ,true,66770.97,5,Citibank
CU-0375,33101632,ahorro,127388.61,2022-07-06,GTQ,true,64658.41,4,Banistmo|Davivienda
CU-0376,91350587,credito,319260.24,2002-12-02,GTQ,true,68515.57,3,HSBC|BAC
CU-0377,65148347,credito,477703.75,2006-08-29,GTQ,true,4910.42,3,HSBC|Banrural|Banistmo
CU-0378,33380113,monetaria,218165.3,2009-06-17,USD,true,66973.15,4,Banrural|HSBC
CU-0379,69870230,ahorro,33031.3,2011-11-06,GTQ,true,98804.51,5,BAC
CU-0380,38768529,credito,25015.89,2020-08-31,USD,true,17152.82,0,BAC|Banistmo
CU-0381,31254514,ahorro,315227.73,2011-08-22,GTQ,true,93651.27,0,Citibank
CU-0382,92572018,credito,450366.65,2005-01-08,GTQ,true,2241.32,4,HSBC|Citibank|Davivienda
CU-0383,14098443,ahorro,485239.36,2017-11-24,EUR,true,13824.06,0,Citibank|HSBC
CU-0384,78873201,corriente,285329.36,2019-10-02,MXN,true,93250.7,4,BAC
CU-0385,13448448,monetaria,269817.54,2018-10-14,GTQ,true,9369.71,1,Banistmo
CU-0386,85622173,ahorro,149427.61,2018-02-01,GTQ,true,8403.25,1,Davivienda|Citibank|HSBC
CU-0387,46294636,corriente,299750.81,2018-12-30,GTQ,true,46335.91,3,Davivienda|Citibank|Banistmo
CU-0388,16714292,monetaria,21088.91,2015-11-28,GTQ,true,90472.15,0,Banistmo|BAC|G&T Continental
CU-0389,67331056,ahorro,246924.92,2011-02-17,GTQ,true,89376.28,5,Industrial|G&T Continental|Citibank
CU-0390,60652004,monetaria,53057.95,2020-08-23,GTQ,true,65863.12,5,G&T Continental|Davivienda
CU-0391,95899161,ahorro,442326.12,2018-11-30,USD,true,60982.48,3,Industrial|Citibank|G&T Continental
CU-0392,92114934,credito,12323.33,2020-04-27,GTQ,true,44394.64,1,Citibank|BAC|Industrial
CU-0393,29104510,corriente,490603.76,2015-12-13,GTQ,true,63031.62,2,G&T Continental|BAC|HSBC
CU-0394,87023573,corriente,132592.07,2017-12-12,GTQ,true,61408.02,3,HSBC
CU-0395,63041305,credito,75245.02,2023-08-25,GTQ,true,42491.44,4,Banrural
CU-0396,50251854,ahorro,106833.12,2005-01-24,GTQ,true,72477.09,2,G&T Continental|Banistmo|Banrural
CU-0397,64677550,ahorro,115940.78,2021-04-24,USD,true,34172.9,1,HSBC
CU-0398,53113090,ahorro,200004.45,2000-12-25,MXN,true,95614.83,2,G&T Continental|Davivienda
CU-0399,26719412,ahorro,214173.32,2001-06-01,EUR,true,27360.01,4,Banistmo|Davivienda
CU-0400,18479821,credito,377680.55,2021-09-20,EUR,true,6533.36,4,HSBC
CU-0401,89798773,ahorro,273125.54,2000-02-16,EUR,true,55115.3,0,Banrural|Industrial
CU-0402,46355566,credito,258244.28,2004-09-09,USD,true,62254.75,3,Banistmo|G&T Continental|HSBC
CU-0403,66664725,corriente,349289.81,2017-10-03,USD,true,31161.58,4,HSBC|Citibank
CU-0404,22119306,monetaria,169812.64,2011-09-19,MXN,true,4930.05,0,G&T Continental|Citibank|HSBC
CU-0405,34237228,ahorro,422331.65,2021-06-06,MXN,true,92874.83,5,Citibank
CU-0406,25218749,ahorro,236977.66,2018-12-13,USD,false,83252.4,4,Banistmo|Banrural|Industrial
CU-0407,52196444,corriente,205100.19,2005-08-22,GTQ,true,32765.38,4,Banistmo
CU-0408,75163798,ahorro,24100.44,2013-07-04,USD,true,97127.48,2,BAC
CU-0409,49368389,credito,499319.33,2012-04-15,USD,true,55675.24,3,Davivienda|Industrial
CU-0410,16711201,monetaria,394483.55,2011-10-04,GTQ,true,93139.29,2,Citibank|Industrial
CU-0411,69471346,monetaria,268527.74,2001-04-23,GTQ,true,30852.14,2,Industrial
CU-0412,77970791,ahorro,212288.31,2010-11-17,EUR,true,79893.0,3,G&T Continental
CU-0413,66201522,monetaria,350149.51,2002-06-06,GTQ,true,60365.05,2,BAC
CU-0414,11228910,credito,79712.2,2008-05-17,GTQ,true,18104.4,3,Davivienda|Citibank
CU-0415,98133285,credito,154963.44,2006-01-09,USD,true,39014.35,0,G&T Continental
CU-0416,47705867,ahorro,45696.23,2022-07-31,USD,true,79688.19,5,BAC|Davivienda
CU-0417,82054847,ahorro,53728.1,2023-02-27,MXN,true,49453.42,4,Industrial
CU-0418,20620936,corriente,288708.71,2016-01-28,GTQ,true,1362.0,2,G&T Continental|Citibank
CU-0419,64834475,monetaria,426297.27,2019-01-24,GTQ,true,91952.18,0,HSBC
CU-0420,40710031,credito,170746.24,2019-04-17,GTQ,true,38586.94,4,Davivienda
CU-0421,84371067,monetaria,486838.31,2007-07-28,GTQ,true,51405.61,2,Banrural
CU-0422,84825320,corriente,251483.08,2011-05-11,GTQ,true,95002.36,0,Banistmo
CU-0423,44153671,monetaria,326237.04,2012-10-16,USD,true,14564.2,1,Banrural
CU-0424,28782925,corriente,76659.0,2020-01-27,GTQ,true,76535.0,5,Banrural|Industrial
CU-0425,68839489,credito,381960.72,2010-11-23,USD,true,67851.82,1,G&T Continental|BAC
CU-0426,35719895,credito,342384.04,2003-04-07,EUR,true,1261.56,4,Banrural
CU-0427,91435334,credito,481139.26,2001-11-14,GTQ,true,19436.19,3,Industrial|G&T Continental|Citibank
CU-0428,83191432,corriente,133016.05,2010-04-17,GTQ,true,30558.37,0,Banrural|HSBC|BAC
CU-0429,63195723,credito,236822.4,2012-11-08,GTQ,false,42498.47,1,HSBC|G&T Continental
CU-0430,99929358,monetaria,130457.21,2019-03-06,GTQ,true,81944.92,2,Banrural|Industrial|HSBC
CU-0431,93153396,corriente,224893.4,2004-10-21,GTQ,true,75565.18,5,Citibank|Banrural|Davivienda
CU-0432,89961073,ahorro,73115.32,2020-06-23,MXN,true,25545.68,4,Banistmo|Davivienda|HSBC
CU-0433,86222051,credito,494080.08,2023-09-02,GTQ,true,88672.48,5,BAC|G&T Continental|Banistmo
CU-0434,74591054,corriente,418673.98,2004-09-10,GTQ,true,13753.03,3,BAC
CU-0435,22018085,credito,355091.54,2007-11-07,GTQ,true,83164.16,5,Davivienda
CU-0436,31841792,corriente,118752.72,2004-08-17,GTQ,true,64607.13,4,BAC|Industrial
CU-0437,31087800,corriente,491694.42,2023-03-12,EUR,true,71169.07,4,G&T Continental
CU-0438,29556285,ahorro,21913.44,2005-03-31,GTQ,true,88896.37,0,Banistmo
CU-0439,71915863,credito,189390.91,2002-01-12,MXN,true,63137.91,5,Davivienda|Citibank|Industrial
CU-0440,26334661,ahorro,273644.38,2013-04-03,GTQ,true,9294.05,0,Industrial|HSBC|G&T Continental
CU-0441,52859035,corriente,320397.22,2003-10-25,GTQ,true,78616.88,2,G&T Continental|Banrural
CU-0442,52260040,monetaria,204038.35,2014-03-11,USD,true,3486.92,1,BAC|Industrial|Banistmo
CU-0443,34478552,ahorro,184714.17,2012-07-06,MXN,true,58832.63,3,Citibank
CU-0444,12623306,ahorro,217673.79,2017-06-28,GTQ,true,1304.19,5,Citibank|G&T Continental
CU-0445,21615436,ahorro,351891.87,2010-01-31,MXN,false,44702.09,2,Banistmo
CU-0446,92425589,monetaria,386099.18,2021-01-21,GTQ,true,36728.43,4,Banistmo
CU-0447,66329894,corriente,146747.65,2006-04-26,GTQ,true,56460.17,3,Banistmo
CU-0448,91461201,credito,392348.28,2023-09-07,GTQ,true,55542.08,5,Banrural|Industrial|HSBC
CU-0449,98638976,credito,390685.44,2003-04-05,GTQ,true,59136.19,1,Davivienda|Banistmo
CU-0450,20406486,credito,448344.49,2001-01-17,USD,true,2227.69,0,Banistmo
CU-0451,58117953,credito,424559.7,2023-06-01,GTQ,true,18677.2,0,Banrural|HSBC
CU-0452,10784416,monetaria,467229.43,2003-04-08,USD,true,51049.68,0,Davivienda|Industrial
CU-0453,49028814,ahorro,335317.59,2006-03-10,GTQ,true,18487.82,0,G&T Continental
CU-0454,47625374,ahorro,304080.11,2018-01-25,MXN,true,17702.62,1,Davivienda|G&T Continental|HSBC
CU-0455,88871018,ahorro,224364.19,2011-11-09,USD,true,91624.78,0,Citibank|Davivienda|G&T Continental
CU-0456,60042866,credito,416636.21,2002-01-13,GTQ,true,12641.9,4,G&T Continental
CU-0457,59280571,credito,415167.52,2000-10-22,MXN,false,63211.83,1,Citibank|Industrial|G&T Continental
CU-0458,17092217,credito,85424.37,2006-02-06,GTQ,true,99187.95,4,Citibank
CU-0459,47580770,ahorro,28734.59,2021-10-11,GTQ,true,81682.71,1,HSBC
CU-0460,70750160,corriente,44589.78,2018-10-29,GTQ,true,54224.49,2,Davivienda
CU-0461,18846436,ahorro,393043.74,2002-08-24,GTQ,true,97472.46,4,Davivienda
CU-0462,24657555,ahorro,157149.18,2019-03-04,GTQ,true,74386.82,1,BAC|Banistmo
CU-0463,86438590,corriente,99404.59,2001-06-21,GTQ,true,59364.84,5,BAC
CU-0464,74943516,monetaria,452978.5,2003-11-20,EUR,true,31225.84,5,HSBC|Banrural
CU-0465,96685825,corriente,398623.1,2023-05-30,GTQ,true,57308.43,3,G&T Continental|HSBC
CU-0466,44506148,monetaria,478253.22,2005-03-08,GTQ,true,95933.62,5,G&T Continental|Industrial|Banrural
CU-0467,51722201,ahorro,106215.3,2003-03-04,GTQ,true,15372.91,4,Banistmo|Banrural|Citibank
CU-0468,34585451,ahorro,233870.17,2013-04-24,GTQ,true,79066.79,2,HSBC|Davivienda
CU-0469,42474862,monetaria,435614.23,2006-10-16,GTQ,false,86204.42,4,BAC|Citibank
CU-0470,67615231,credito,96474.95,2009-10-28,MXN,true,89099.58,4,Industrial|HSBC|G&T Continental
CU-0471,33739994,monetaria,400001.07,2017-02-28,MXN,true,63062.2,2,G&T Continental|HSBC
CU-0472,16366328,monetaria,166663.24,2019-12-26,USD,true,70468.79,3,Davivienda|HSBC
CU-0473,55038576,monetaria,39570.84,2017-10-23,GTQ,true,72918.65,0,BAC|HSBC|G&T Continental
CU-0474,53560692,ahorro,20773.84,2013-11-18,USD,true,60008.84,1,Banrural
CU-0475,23437484,credito,389344.04,2017-05-26,GTQ,true,1909.66,2,Davivienda|Citibank
CU-0476,62219432,ahorro,343212.18,2007-12-12,GTQ,false,71708.68,2,Citibank
CU-0477,45976961,ahorro,341135.26,2000-01-11,EUR,true,18224.09,2,Citibank|Banistmo|BAC
CU-0478,11419443,corriente,429895.76,2002-04-11,GTQ,true,21459.88,5,Citibank
CU-0479,97869173,monetaria,219797.35,2015-03-30,GTQ,true,95586.16,3,Davivienda
CU-0480,35670862,corriente,231579.64,2002-03-22,MXN,true,58988.72,2,BAC|Banrural|Citibank
CU-0481,18826541,ahorro,4366.23,2017-08-12,GTQ,true,21623.18,2,BAC|Banrural|Citibank
CU-0482,87709140,ahorro,1003.6,2015-08-15,GTQ,false,21451.3,0,HSBC|BAC|Banistmo
CU-0483,82848157,monetaria,313243.93,2004-03-16,MXN,true,33681.07,4,G&T Continental|HSBC|Davivienda
CU-0484,56453852,corriente,454605.93,2015-04-10,GTQ,true,7066.17,0,Davivienda|HSBC
CU-0485,87525372,ahorro,321884.72,2017-11-04,GTQ,true,90883.32,4,Banrural
CU-0486,83381572,credito,358422.98,2021-06-02,GTQ,true,89543.86,3,HSBC|Citibank|Banistmo
CU-0487,26818338,corriente,330937.29,2012-12-17,GTQ,true,98655.05,1,BAC
CU-0488,62697974,credito,228967.37,2007-01-19,GTQ,false,16068.01,2,Banrural
CU-0489,76200246,corriente,492676.79,2014-01-16,GTQ,true,18364.49,0,HSBC|Banrural
CU-0490,88129878,ahorro,313682.04,2006-09-14,GTQ,true,33103.0,0,BAC
CU-0491,14288027,ahorro,321397.09,2018-12-02,USD,false,24428.53,5,Banistmo|HSBC|G&T Continental
CU-0492,42611649,ahorro,75309.14,2005-03-26,GTQ,true,21994.41,1,BAC|G&T Continental|Citibank
CU-0493,54897404,credito,166708.54,2020-03-27,GTQ,true,18606.8,1,Banistmo|G&T Continental|Banrural
CU-0494,63048394,ahorro,115088.06,2010-10-11,GTQ,true,17918.09,0,G&T Continental|Industrial|Davivienda
CU-0495,57475913,corriente,38407.71,2020-09-20,MXN,true,69490.31,1,Davivienda
CU-0496,25372552,ahorro,400477.13,2007-04-09,GTQ,true,611.92,1,G&T Continental|BAC
CU-0497,96843557,corriente,33296.35,2023-07-11,USD,true,90986.08,5,Citibank
CU-0498,85905949,ahorro,216584.29,2005-01-10,GTQ,true,37142.84,4,Banrural|Citibank|HSBC
CU-0499,52003082,credito,344978.83,2021-02-06,GTQ,true,38171.97,4,BAC
CU-0500,55589651,corriente,239114.48,2009-09-08,GTQ,true,60865.65,1,Davivienda|Banrural|HSBC
CU-0501,47058987,monetaria,480703.19,2013-12-13,EUR,true,99542.89,1,Davivienda
CU-0502,31812203,ahorro,26514.16,2009-08-03,USD,true,62527.21,1,G&T Continental
CU-0503,17940265,monetaria,43884.61,2012-07-02,GTQ,true,21142.25,1,Banrural|BAC|Industrial
CU-0504,58305167,corriente,350400.94,2005-09-04,USD,true,12758.07,5,BAC
CU-0505,47178071,corriente,109118.27,2005-11-19,GTQ,true,35917.53,1,Banrural|Davivienda|G&T Continental
CU-0506,36033313,ahorro,449204.83,2005-11-10,GTQ,true,88633.59,3,Banistmo|Banrural
CU-0507,10387330,ahorro,171889.39,2010-05-09,MXN,true,45959.89,3,Banrural|HSBC|Banistmo
CU-0508,40097648,corriente,383836.52,2001-01-10,USD,true,8965.88,5,Banrural|Industrial|G&T Continental
CU-0509,60750421,ahorro,430230.6,2007-02-20,GTQ,true,21816.98,0,Industrial|Banistmo
CU-0510,82640278,monetaria,32973.86,2017-05-13,GTQ,true,8115.99,1,Banistmo
CU-0511,75343616,ahorro,250294.15,2016-06-16,GTQ,true,96883.9,3,Davivienda|Banistmo
CU-0512,15446471,credito,116550.87,2017-09-03,MXN,true,51214.5,3,Citibank|BAC
CU-0513,50694371,monetaria,389290.86,2011-06-05,GTQ,false,96531.23,3,HSBC
CU-0514,91155978,corriente,358498.51,2018-09-12,GTQ,true,60451.84,1,Industrial|Banrural
CU-0515,32675186,credito,66912.16,2005-04-08,GTQ,true,25572.64,3,G&T Continental|Banistmo|Citibank
CU-0516,56106831,monetaria,132910.8,2006-10-14,GTQ,true,51323.81,0,Davivienda|HSBC|Citibank
CU-0517,92906190,ahorro,369822.6,2018-04-13,GTQ,true,31113.49,5,Banistmo
CU-0518,45389150,corriente,100107.1,2015-03-14,USD,true,72016.54,2,G&T Continental|Davivienda
CU-0519,99484361,ahorro,182017.59,2010-07-31,GTQ,true,20230.69,0,Industrial|BAC|Banistmo
CU-0520,59102796,credito,202536.73,2016-10-08,MXN,true,86356.71,5,HSBC|Industrial
CU-0521,54402602,credito,200389.0,2012-01-13,USD,true,91618.66,2,Citibank
CU-0522,42202747,credito,185044.77,2021-03-07,MXN,true,38665.92,5,Banistmo|Davivienda|BAC
CU-0523,67835495,corriente,452925.36,2005-09-03,GTQ,true,36993.91,4,BAC|HSBC|G&T Continental
CU-0524,92990227,monetaria,253776.81,2015-04-30,GTQ,true,14259.54,2,Banistmo|Industrial|G&T Continental
CU-0525,69952950,corriente,55977.26,2010-09-29,GTQ,true,27618.39,1,Banrural|G&T Continental
CU-0526,34372953,credito,60831.18,2012-10-28,GTQ,true,26477.19,4,Industrial|Banrural|Banistmo
CU-0527,65761575,ahorro,150149.21,2014-03-17,EUR,true,80959.32,3,Banistmo|Banrural|Citibank
CU-0528,71457996,corriente,51677.04,2000-10-23,GTQ,true,73087.06,3,Citibank|Banrural|Banistmo
CU-0529,26139313,ahorro,183864.35,2020-01-13,GTQ,true,28085.13,1,Citibank
CU-0530,98307414,monetaria,369431.75,2007-11-27,GTQ,true,79751.05,2,Davivienda|BAC
CU-0531,25089913,credito,96594.78,2007-05-04,EUR,true,67670.55,5,Banistmo|Davivienda|G&T Continental
CU-0532,29808913,corriente,452421.12,2020-10-04,GTQ,true,40030.5,2,Industrial|Banrural
CU-0533,72818001,ahorro,55293.3,2002-10-11,USD,false,76319.21,5,G&T Continental|Banistmo
CU-0534,68965657,ahorro,11805.6,2016-06-25,GTQ,true,98408.35,0,G&T Continental
CU-0535,74940567,corriente,364608.86,2002-12-12,GTQ,true,66256.81,1,Banistmo
CU-0536,13552710,monetaria,112967.94,2005-07-15,USD,true,39799.6,5,Banrural|Industrial|Davivienda
CU-0537,14708670,corriente,60372.38,2016-12-16,USD,true,15417.47,3,BAC
CU-0538,90655868,corriente,287594.55,2021-09-27,USD,true,71913.65,4,Industrial|Banrural
CU-0539,29912354,corriente,74963.53,2019-11-10,GTQ,true,89362.15,4,G&T Continental|BAC|Davivienda
CU-0540,58800300,credito,345440.54,2009-12-17,USD,true,22663.72,3,Citibank
CU-0541,14665196,credito,198246.56,2002-03-13,GTQ,true,51145.06,3,Davivienda|Banistmo|BAC
CU-0542,77869393,corriente,414797.33,2008-12-19,GTQ,true,49139.22,1,Banrural|G&T Continental
CU-0543,96544417,corriente,446420.68,2008-03-15,USD,true,49299.51,5,HSBC|Davivienda
CU-0544,44664500,credito,238977.42,2014-07-19,GTQ,true,14514.86,1,G&T Continental|Banrural|Banistmo
CU-0545,78230692,ahorro,317187.59,2013-02-05,GTQ,true,56021.31,5,G&T Continental|Citibank|Banistmo
CU-0546,94736386,corriente,88908.42,2015-11-13,GTQ,true,82105.29,4,Industrial|G&T Continental
CU-0547,98058871,ahorro,450059.2,2010-11-12,USD,true,72205.98,1,Banrural
CU-0548,81346472,ahorro,135413.79,2022-01-22,GTQ,true,631.29,5,Industrial|Banistmo
CU-0549,85013013,monetaria,385971.19,2014-07-13,GTQ,true,7173.71,3,Banistmo
CU-0550,98731132,ahorro,254113.35,2012-11-12,USD,true,82817.19,3,Citibank|Industrial|BAC
CU-0551,52121679,monetaria,395272.46,2002-01-07,GTQ,true,7272.15,1,Banrural|G&T Continental|BAC
CU-0552,67461167,monetaria,35546.45,2015-05-08,GTQ,true,56957.54,5,Banistmo
CU-0553,89513946,corriente,295262.77,2020-03-22,GTQ,true,18486.28,3,G&T Continental
CU-0554,12437415,monetaria,83948.0,2007-02-06,USD,false,86687.72,3,G&T Continental
CU-0555,98802796,ahorro,74410.41,2003-04-15,MXN,true,75189.78,3,Banistmo|Industrial|HSBC
CU-0556,86038301,credito,202694.71,2023-06-21,GTQ,false,42636.25,3,Banrural
CU-0557,90791303,corriente,65491.73,2017-06-19,USD,false,95914.38,5,Davivienda|Citibank|HSBC
CU-0558,66419307,monetaria,118234.33,2009-04-30,MXN,true,90010.92,5,HSBC|Banrural|BAC
CU-0559,90882006,ahorro,314797.62,2017-02-22,GTQ,true,95381.29,5,Citibank|Banrural|Banistmo
CU-0560,26735503,corriente,22363.18,2005-06-06,GTQ,true,2351.9,2,Banistmo|G&T Continental
CU-0561,47955201,credito,399670.22,2012-09-28,GTQ,true,119.06,3,Davivienda|Industrial|G&T Continental
CU-0562,51498353,credito,247954.11,2013-05-10,GTQ,true,92335.72,0,Industrial|Davivienda
CU-0563,56648543,credito,345158.42,2001-07-07,GTQ,true,2305.36,1,Citibank|Davivienda
CU-0564,39607195,credito,99189.51,2017-04-27,MXN,true,61645.87,3,Banrural|BAC
CU-0565,95226879,monetaria,68245.27,2017-01-19,GTQ,true,69472.15,4,BAC|Banrural
CU-0566,59393042,monetaria,54616.04,2023-09-24,GTQ,true,20637.01,2,Banrural
CU-0567,52146187,monetaria,458040.65,2015-01-17,USD,true,28169.3,5,Industrial|G&T Continental
CU-0568,54346554,monetaria,437266.83,2013-02-07,USD,true,25739.79,0,Banrural|Industrial
CU-0569,86421624,corriente,376367.24,2010-11-16,USD,true,25847.87,4,HSBC|Banrural
CU-0570,87164444,monetaria,438475.25,2011-11-01,GTQ,true,83677.15,5,G&T Continental|Banrural|Banistmo
CU-0571,16408122,monetaria,250002.38,2005-10-03,USD,true,93517.93,4,HSBC|BAC|Banrural
CU-0572,31165240,ahorro,483652.76,2019-12-26,GTQ,true,11514.35,3,Davivienda
CU-0573,53865505,monetaria,449568.51,2023-04-06,GTQ,true,70975.54,3,Citibank|Industrial
CU-0574,88598588,corriente,429501.33,2005-08-20,GTQ,false,30177.12,4,HSBC|Industrial
CU-0575,18601785,corriente,361629.02,2010-01-08,GTQ,true,14143.51,5,Banrural|Davivienda
CU-0576,25408026,corriente,366786.35,2020-09-12,GTQ,true,35623.9,5,Banistmo|Banrural|G&T Continental
CU-0577,88161731,monetaria,313816.22,2021-02-21,MXN,true,43024.41,0,Industrial|BAC|G&T Continental
CU-0578,58384982,monetaria,94170.86,2014-09-05,GTQ,true,7247.9,4,Citibank|BAC|Banrural
CU-0579,49812119,corriente,94842.1,2018-04-10,GTQ,true,13573.19,1,HSBC
CU-0580,71407200,monetaria,91147.35,2018-03-28,GTQ,true,30125.78,5,Banistmo|HSBC
CU-0581,98319658,credito,390606.19,2001-04-04,GTQ,true,98857.66,5,G&T Continental|HSBC
CU-0582,47658780,credito,376508.25,2002-04-01,GTQ,true,8967.06,5,Davivienda|G&T Continental
CU-0583,18645137,credito,131379.73,2001-09-07,GTQ,true,5844.54,1,Citibank|BAC|Banrural
CU-0584,31741531,monetaria,210773.22,2015-03-06,GTQ,true,72983.27,1,Industrial
CU-0585,27914921,corriente,311616.05,2010-06-27,GTQ,false,33018.91,4,Industrial
CU-0586,37435603,ahorro,114475.77,2009-11-04,GTQ,true,44097.32,5,Banrural|Citibank|Industrial
CU-0587,71242777,monetaria,466373.75,2000-06-24,GTQ,true,77590.57,4,Citibank|Banistmo|G&T Continental
CU-0588,43436784,ahorro,86367.17,2016-08-09,GTQ,false,90351.15,1,HSBC|Banistmo|Industrial
CU-0589,32901211,corriente,14036.21,2012-02-24,USD,true,13181.0,1,HSBC|Industrial|BAC
CU-0590,88051323,ahorro,44978.92,2007-04-25,MXN,true,13240.28,0,BAC|Industrial
CU-0591,65510726,monetaria,330107.2,2020-09-30,USD,true,83169.7,3,Davivienda|G&T Continental|Banistmo
CU-0592,65555398,ahorro,310960.44,2008-03-15,MXN,false,35976.08,4,Davivienda
CU-0593,30681094,credito,314275.61,2015-03-25,GTQ,true,17987.87,2,BAC|Banistmo|HSBC
CU-0594,56069176,credito,196798.56,2023-12-11,GTQ,true,50713.32,5,Industrial
CU-0595,75158383,corriente,313414.13,2020-03-31,GTQ,true,79442.92,0,Banrural
CU-0596,21536372,ahorro,59172.52,2020-07-16,MXN,false,69688.91,5,Banistmo|Davivienda|Citibank
CU-0597,92435286,ahorro,334639.62,2003-04-26,GTQ,false,82437.92,2,BAC|Banistmo|Citibank
CU-0598,40270833,corriente,175937.15,2011-04-18,USD,true,31833.94,0,Banrural|Davivienda
CU-0599,33555599,corriente,452610.68,2017-05-24,USD,true,55755.63,1,BAC
CU-0600,58414556,monetaria,74401.59,2005-01-25,GTQ,true,32050.27,2,Banistmo|Davivienda|Banrural
CU-0601,36212551,ahorro,346024.22,2008-10-08,GTQ,true,30204.19,0,Davivienda|HSBC
CU-0602,90425989,monetaria,5377.66,2020-11-03,GTQ,true,86018.14,4,Banistmo|Davivienda|HSBC
CU-0603,56890422,ahorro,305844.76,2014-01-18,GTQ,true,49683.52,4,G&T Continental|Industrial|Banistmo
CU-0604,95182735,corriente,79559.14,2014-03-14,GTQ,true,45235.05,3,Citibank|Banistmo
CU-0605,32883633,corriente,455980.29,2006-11-21,GTQ,true,39936.75,4,G&T Continental
CU-0606,91146225,corriente,13402.37,2016-07-18,GTQ,true,15090.94,2,Banrural
CU-0607,53295997,credito,108792.33,2006-10-20,GTQ,true,66484.05,4,Industrial|Davivienda
CU-0608,42797947,credito,334021.72,2006-11-30,USD,true,62242.3,2,G&T Continental|BAC|Industrial
CU-0609,60597830,ahorro,167279.86,2011-08-17,USD,false,66882.32,2,Industrial
CU-0610,37482786,ahorro,111129.17,2001-10-24,GTQ,true,85166.77,1,G&T Continental|BAC|Citibank
CU-0611,21235092,corriente,425177.12,2004-03-26,MXN,true,7626.94,5,Banrural|Citibank
CU-0612,59994691,corriente,434799.97,2018-09-17,GTQ,true,29795.43,0,Banrural
CU-0613,81247910,monetaria,130703.01,2002-08-16,GTQ,true,75007.66,5,BAC
CU-0614,62112332,corriente,284793.64,2022-07-16,MXN,true,63828.09,3,Citibank
CU-0615,79898039,monetaria,387857.16,2017-05-23,USD,true,87021.63,5,Banrural|HSBC
CU-0616,68430937,corriente,108464.62,2008-02-01,GTQ,true,93016.2,1,Banrural
CU-0617,35945352,corriente,8062.43,2002-11-13,GTQ,true,25293.56,1,HSBC
CU-0618,75175799,ahorro,44568.82,2020-01-11,GTQ,true,58812.75,4,HSBC|Davivienda|Citibank
CU-0619,80712066,ahorro,325669.69,2023-01-16,USD,true,54955.27,0,Banistmo
CU-0620,66673212,credito,9978.85,2007-07-17,USD,false,34783.55,1,G&T Continental|HSBC|Davivienda
CU-0621,35956606,credito,93870.31,2004-04-27,GTQ,true,32663.75,1,Industrial|HSBC
CU-0622,41533557,ahorro,467626.44,2007-04-05,MXN,true,61594.44,5,BAC|Davivienda|Industrial
CU-0623,63433094,credito,81589.06,2020-07-07,USD,true,85779.46,1,Industrial|Banistmo|HSBC
CU-0624,91794133,credito,336424.06,2009-02-21,GTQ,true,90012.83,0,Citibank|Davivienda|BAC
CU-0625,94705607,credito,88105.08,2020-05-27,GTQ,true,30470.28,0,Banrural
CU-0626,35484177,corriente,331743.92,2007-01-13,GTQ,true,60877.38,0,Industrial|G&T Continental|Banrural
CU-0627,71885996,ahorro,263941.67,2014-08-05,USD,true,94097.45,0,Davivienda|Industrial
CU-0628,61760093,ahorro,325146.63,2018-12-14,USD,true,82552.18,1,Banrural
CU-0629,97803786,monetaria,123304.82,2003-05-14,USD,true,44459.47,3,Davivienda
CU-0630,77534062,ahorro,175847.82,2018-10-17,GTQ,true,24694.98,5,Citibank|Davivienda
CU-0631,76770443,corriente,367079.33,2000-09-29,MXN,true,15067.53,3,Citibank|Davivienda
CU-0632,63586934,credito,381741.54,2015-11-16,GTQ,true,32367.28,1,G&T Continental|Davivienda
CU-0633,53775151,corriente,300973.16,2019-07-09,USD,false,44433.76,2,BAC
CU-0634,69733842,monetaria,313514.49,2006-05-27,USD,true,59026.57,2,Davivienda
CU-0635,87053633,credito,241957.82,2000-03-04,GTQ,true,30699.35,5,HSBC|Davivienda
CU-0636,57237034,monetaria,202516.87,2003-05-18,MXN,true,60826.26,4,Banrural|Industrial
CU-0637,72014406,corriente,144132.12,2020-07-23,GTQ,true,20625.79,5,Banrural|Industrial|G&T Continental
CU-0638,88420719,ahorro,132243.16,2014-03-05,GTQ,true,66288.13,4,BAC|G&T Continental
CU-0639,32937991,ahorro,417764.98,2001-05-29,GTQ,true,45868.09,3,HSBC|Davivienda
CU-0640,90776162,ahorro,8548.13,2008-01-14,GTQ,true,35856.93,0,BAC
CU-0641,84662900,corriente,437404.48,2001-11-05,GTQ,true,81480.35,4,Davivienda
CU-0642,45153165,ahorro,276442.77,2018-08-29,MXN,true,14937.73,3,BAC|Davivienda
CU-0643,10084808,corriente,22485.1,2015-06-22,USD,true,40329.71,4,Citibank|Davivienda|Banrural
CU-0644,12320274,monetaria,193394.98,2004-05-09,GTQ,true,19158.19,3,HSBC|Industrial|Banistmo
CU-0645,86434610,ahorro,251078.13,2021-07-10,MXN,true,65362.77,4,G&T Continental|Industrial
CU-0646,96266975,ahorro,15130.62,2009-02-25,GTQ,true,12287.52,1,HSBC|G&T Continental
CU-0647,43831592,corriente,300527.22,2001-12-09,GTQ,true,34294.41,3,Banistmo|Davivienda|G&T Continental
CU-0648,32123737,monetaria,469969.26,2016-12-12,GTQ,true,11682.92,2,Banistmo|Davivienda|Industrial
CU-0649,28378033,monetaria,466185.67,2007-12-30,GTQ,true,12488.42,0,Industrial|Banrural
CU-0650,95255405,monetaria,219508.2,2001-04-26,GTQ,true,90076.66,2,HSBC|Citibank|G&T Continental
CU-0651,59978040,corriente,300191.53,2014-08-20,GTQ,true,81778.12,4,Citibank
CU-0652,10819619,credito,415133.57,2006-02-25,GTQ,true,21816.14,1,BAC|Davivienda|Citibank
CU-0653,43438582,credito,63426.76,2008-04-16,MXN,true,6798.95,5,Industrial|Banistmo
CU-0654,95911762,corriente,316470.32,2020-10-12,GTQ,true,27069.99,5,Industrial|HSBC|G&T Continental
CU-0655,84582785,monetaria,356038.93,2014-05-30,GTQ,true,58445.59,2,Citibank
CU-0656,28782845,monetaria,50252.28,2005-03-09,MXN,true,36824.34,0,Banrural|BAC
CU-0657,55095578,ahorro,264311.05,2002-02-11,GTQ,true,25832.64,3,HSBC|Industrial
CU-0658,40913171,monetaria,319133.6,2015-12-30,USD,true,87384.5,5,HSBC|BAC|Industrial
CU-0659,25982981,monetaria,290080.77,2020-08-10,GTQ,true,90130.2,1,Citibank
CU-0660,41053688,credito,255027.83,2001-05-11,GTQ,true,21777.32,0,Industrial
CU-0661,42164731,corriente,213275.57,2001-09-05,GTQ,true,88962.44,4,Citibank
CU-0662,33365734,credito,271424.18,2008-10-21,GTQ,true,43479.49,2,Banrural|G&T Continental|Davivienda
CU-0663,26405048,credito,345600.51,2018-04-30,GTQ,true,92658.22,5,Davivienda
CU-0664,78700401,ahorro,50314.35,2004-10-25,GTQ,true,18799.15,2,Davivienda|BAC
CU-0665,74315902,credito,371024.53,2007-04-17,GTQ,true,93214.24,2,Industrial
CU-0666,63157438,corriente,293624.22,2011-07-11,EUR,true,43001.16,2,BAC
CU-0667,14956822,ahorro,23636.22,2015-04-07,GTQ,true,53129.17,1,Citibank|Banrural|BAC
CU-0668,21406410,credito,331617.35,2013-01-11,MXN,true,29480.9,2,HSBC|Davivienda|Citibank
CU-0669,92553587,credito,291210.88,2019-08-25,GTQ,true,37093.53,3,Citibank|Banistmo
CU-0670,79779701,corriente,472696.65,2004-12-26,USD,false,14345.92,3,Davivienda|Citibank|HSBC
CU-0671,91765803,ahorro,409910.84,2013-06-03,GTQ,true,60843.59,3,Davivienda
CU-0672,11931219,monetaria,375181.69,2023-09-26,GTQ,true,92544.05,0,Industrial|Davivienda
CU-0673,76617592,corriente,261297.68,2017-07-19,MXN,true,18222.52,1,BAC|Banrural|HSBC
CU-0674,77481652,monetaria,375868.74,2005-02-12,USD,true,60975.46,3,Banrural|G&T Continental|Banistmo
CU-0675,87368164,ahorro,443697.74,2001-01-06,USD,true,91691.99,5,G&T Continental|Banistmo|BAC
CU-0676,69766468,credito,288334.64,2016-08-12,GTQ,true,42522.54,3,Industrial|Banrural|G&T Continental
CU-0677,22003127,monetaria,372129.02,2000-12-04,USD,true,74900.23,5,Industrial|Banrural
CU-0678,62957459,ahorro,372937.47,2005-06-14,GTQ,true,58449.3,0,G&T Continental
CU-0679,86974571,credito,153340.57,2014-02-19,GTQ,true,42659.19,4,Citibank
CU-0680,81808026,ahorro,427720.42,2005-07-08,GTQ,true,87931.96,2,Davivienda
CU-0681,37727245,credito,34374.24,2015-05-25,MXN,true,53092.96,1,Banistmo|Banrural
CU-0682,69038459,ahorro,108125.0,2015-08-22,GTQ,true,56834.99,1,Industrial|Banistmo
CU-0683,93038086,ahorro,352009.41,2014-12-23,GTQ,true,97657.22,3,Citibank
CU-0684,94942254,monetaria,224906.56,2011-01-18,GTQ,true,38583.4,3,Davivienda
CU-0685,86249067,corriente,178212.71,2005-03-10,GTQ,true,39288.74,5,BAC|Citibank|Banrural
CU-0686,78190403,corriente,235504.16,2008-02-25,GTQ,true,54470.23,3,Banistmo|Industrial|BAC
CU-0687,56052172,corriente,147140.13,2023-05-19,GTQ,true,25642.47,5,Banistmo|BAC|Davivienda
CU-0688,24071803,credito,479429.27,2014-07-03,USD,true,53541.32,5,Banistmo|Davivienda
CU-0689,45648360,ahorro,487644.11,2005-07-31,GTQ,true,54686.29,1,Industrial|BAC
CU-0690,45441367,corriente,243046.5,2009-05-09,GTQ,true,50911.01,0,HSBC|Citibank
CU-0691,46317732,credito,57587.65,2010-04-24,GTQ,true,92656.5,4,BAC|Industrial
CU-0692,76477652,credito,129693.93,2000-02-28,GTQ,true,53658.11,2,Davivienda|Banistmo|G&T Continental
CU-0693,52936392,monetaria,55498.86,2010-08-21,USD,true,53763.76,3,Davivienda
CU-0694,26547150,credito,132573.97,2008-10-25,GTQ,true,80604.41,4,Banrural
CU-0695,61505711,monetaria,387717.66,2001-07-29,GTQ,true,59064.76,4,Davivienda
CU-0696,37587974,credito,221315.33,2016-02-10,MXN,true,23403.64,3,Davivienda|Industrial
CU-0697,11868922,monetaria,46693.69,2000-05-18,USD,true,11271.71,2,Banistmo
CU-0698,13112785,corriente,272248.03,2017-10-04,GTQ,true,16685.87,0,Banrural|Citibank
CU-0699,32868779,corriente,447166.56,2001-07-24,USD,true,46182.53,0,HSBC|BAC
CU-0700,12641440,ahorro,353491.69,2022-03-11,USD,true,27211.14,4,G&T Continental
CU-0701,46335771,monetaria,498914.23,2010-10-10,USD,true,5949.72,3,HSBC|BAC|Citibank
CU-0702,29386792,corriente,375201.75,2020-11-19,GTQ,true,55802.09,1,Banistmo|G&T Continental|HSBC
CU-0703,64609682,corriente,91257.79,2016-09-27,GTQ,true,29854.73,1,HSBC
CU-0704,11877542,monetaria,416107.06,2009-08-06,GTQ,true,53356.94,4,BAC
CU-0705,35826028,monetaria,190977.24,2019-05-12,GTQ,true,5026.05,0,Banistmo
CU-0706,70216892,corriente,27573.32,2006-10-17,USD,false,33522.12,1,Banistmo|Citibank
CU-0707,28192133,ahorro,285406.24,2008-10-25,GTQ,true,3117.73,2,Davivienda|HSBC
CU-0708,52008603,ahorro,29496.21,2022-03-14,GTQ,true,79794.13,0,Davivienda
CU-0709,39016246,credito,44282.36,2001-07-21,USD,true,9352.42,1,Banistmo|HSBC|BAC
CU-0710,78359248,credito,442242.05,2017-06-27,GTQ,true,2495.17,2,HSBC|Citibank
CU-0711,64695425,ahorro,499396.2,2004-12-22,GTQ,true,99281.0,0,BAC|Industrial
CU-0712,44471853,monetaria,122061.64,2002-05-31,MXN,true,22558.29,2,G&T Continental|Banrural
CU-0713,58391653,corriente,45967.91,2017-10-27,GTQ,true,21467.38,4,Banrural|Davivienda
CU-0714,99163380,ahorro,291462.19,2013-09-07,USD,true,84257.01,1,BAC|Banrural
CU-0715,34512392,credito,320597.17,2015-11-03,GTQ,true,13055.0,3,Davivienda
CU-0716,90890057,monetaria,359960.15,2001-01-29,MXN,true,27034.84,2,Citibank|HSBC|Banistmo
CU-0717,57077616,ahorro,190823.6,2005-11-23,GTQ,true,11044.01,4,Banrural|Davivienda|Industrial
CU-0718,82543688,credito,496680.55,2012-10-22,USD,true,88489.61,2,Banistmo|Davivienda
CU-0719,78946993,credito,63014.31,2020-10-17,GTQ,false,967.16,4,HSBC|Industrial
CU-0720,44737951,ahorro,255341.51,2010-05-08,GTQ,true,97642.16,4,BAC
CU-0721,75860061,monetaria,309665.47,2005-11-10,GTQ,true,5035.19,4,Industrial|Davivienda|HSBC
CU-0722,93930001,corriente,416719.66,2014-08-16,MXN,true,26901.55,3,Davivienda|BAC
CU-0723,77668509,corriente,58192.81,2023-09-04,GTQ,true,18749.17,5,G&T Continental
CU-0724,18847372,corriente,99250.58,2022-01-20,USD,true,86621.99,2,BAC|Banrural
CU-0725,39233159,ahorro,30010.23,2000-10-24,GTQ,true,79327.94,5,Banistmo|Industrial|Banrural
CU-0726,89690930,ahorro,305899.31,2000-02-25,GTQ,true,77814.49,0,HSBC
CU-0727,25986801,credito,399059.77,2001-01-14,GTQ,true,9234.53,4,G&T Continental|Banistmo|Banrural
CU-0728,28637972,credito,100371.53,2020-06-27,USD,true,53193.25,4,Davivienda|Citibank|Banistmo
CU-0729,92916480,ahorro,193796.39,2015-02-09,GTQ,true,95095.49,4,Davivienda|G&T Continental
CU-0730,62144644,corriente,19835.55,2001-01-12,MXN,true,97244.08,4,Industrial|Banrural
CU-0731,68325929,ahorro,445104.47,2010-12-16,MXN,true,9612.13,0,Banrural|Citibank
CU-0732,91084829,monetaria,346998.59,2014-10-16,GTQ,true,96285.28,2,BAC
CU-0733,35382259,monetaria,402362.39,2000-07-16,GTQ,true,76263.91,2,Banistmo|BAC
CU-0734,69925222,monetaria,187218.44,2011-03-26,GTQ,true,27333.82,3,Davivienda|Banrural
CU-0735,17203266,ahorro,28809.37,2006-03-10,GTQ,true,1603.2,1,Banrural|Citibank|HSBC
CU-0736,30428950,corriente,326135.44,2023-01-10,GTQ,true,28898.6,0,Banistmo
CU-0737,28889590,ahorro,265204.66,2022-06-19,EUR,true,68882.72,1,Industrial|Banistmo
CU-0738,58118532,corriente,205498.71,2007-03-02,MXN,true,99574.58,0,HSBC
CU-0739,21702433,corriente,309687.35,2006-04-04,GTQ,true,54895.21,5,Banrural|Citibank
CU-0740,33714848,monetaria,172648.76,2000-10-20,GTQ,true,39758.27,0,Davivienda
CU-0741,90747404,corriente,109141.17,2011-11-12,GTQ,false,8525.3,4,G&T Continental
CU-0742,71509466,ahorro,14327.17,2007-11-19,GTQ,true,56779.83,5,Banrural|G&T Continental
CU-0743,22022056,corriente,14197.22,2011-11-12,MXN,true,1152.83,5,Banistmo|Davivienda
CU-0744,53634492,corriente,477838.0,2011-08-07,GTQ,true,97064.5,2,G&T Continental|Banrural|Industrial
CU-0745,66232116,corriente,425991.18,2013-06-13,GTQ,true,10707.09,0,Industrial|BAC
CU-0746,59117104,credito,359448.84,2009-03-12,MXN,true,84534.43,2,Citibank
CU-0747,84938356,credito,41078.62,2018-05-20,GTQ,true,31785.03,0,G&T Continental|Banistmo|Industrial
CU-0748,99681400,corriente,196817.67,2000-03-03,GTQ,true,70359.24,3,Banistmo|Banrural
CU-0749,27451259,monetaria,491774.32,2019-10-28,EUR,true,54577.76,4,HSBC|Industrial
CU-0750,72690620,ahorro,331026.93,2002-09-11,USD,true,3649.94,0,HSBC|Davivienda|Banistmo
CU-0751,74877175,monetaria,486763.93,2005-08-19,GTQ,true,81169.5,2,HSBC
CU-0752,66274290,credito,273615.72,2004-12-14,GTQ,true,63719.82,2,Citibank|Banrural|G&T Continental
CU-0753,44464147,corriente,8104.55,2017-12-05,USD,true,28305.49,0,Banrural
CU-0754,92202870,credito,386942.09,2003-08-08,GTQ,true,252.15,5,Industrial|G&T Continental
CU-0755,40245603,monetaria,338422.69,2012-11-23,GTQ,true,80629.16,5,HSBC
CU-0756,88743726,credito,268188.59,2018-03-05,GTQ,true,1828.65,0,BAC
CU-0757,34393379,ahorro,80079.43,2016-08-23,GTQ,true,27896.59,5,Industrial
CU-0758,13933599,ahorro,353970.65,2002-04-14,GTQ,true,52789.26,0,Davivienda
CU-0759,29096178,ahorro,356621.75,2022-08-30,GTQ,true,20263.58,0,Industrial|BAC|HSBC
CU-0760,69957986,ahorro,39631.04,2012-05-19,GTQ,false,29781.4,3,Industrial
CU-0761,24352951,credito,373643.04,2020-12-06,USD,true,4558.72,5,Banistmo
CU-0762,30882678,monetaria,341713.33,2002-04-14,USD,true,58183.44,2,Davivienda|Banistmo|HSBC
CU-0763,54111562,monetaria,460592.88,2005-05-27,GTQ,true,34072.61,2,G&T Continental|Citibank|BAC
CU-0764,13037859,credito,461273.3,2023-09-15,USD,true,52258.62,0,G&T Continental|Banistmo
CU-0765,72811481,ahorro,357386.97,2020-12-27,GTQ,true,42675.2,4,Banrural|Banistmo|HSBC
CU-0766,73079869,corriente,64454.13,2009-02-04,USD,true,58807.86,3,Davivienda|Industrial
CU-0767,26188599,corriente,242324.91,2010-03-03,GTQ,true,55965.82,0,G&T Continental
CU-0768,48493103,ahorro,336705.08,2016-06-07,USD,true,97028.06,0,G&T Continental
CU-0769,97420280,monetaria,334399.4,2013-02-24,GTQ,true,21328.73,3,G&T Continental
CU-0770,26313047,credito,292332.64,2017-03-30,USD,true,55148.6,3,Banistmo|Citibank
CU-0771,73372216,ahorro,194161.24,2019-11-06,USD,true,43693.07,5,Industrial
CU-0772,87586461,monetaria,348339.22,2006-05-16,GTQ,false,11544.01,3,G&T Continental|Industrial
CU-0773,19757579,ahorro,239911.53,2000-06-07,GTQ,true,97922.51,5,HSBC|Banistmo|Banrural
CU-0774,47858700,corriente,351259.55,2005-01-17,USD,true,57788.73,2,HSBC|Davivienda|BAC
CU-0775,39580332,ahorro,4614.56,2004-10-21,USD,true,80948.96,0,Industrial|BAC
CU-0776,29778338,ahorro,183834.63,2003-03-13,GTQ,true,76365.07,5,Banistmo|Citibank|G&T Continental
CU-0777,64261526,corriente,115159.74,2014-10-20,GTQ,true,9347.24,2,Banrural
CU-0778,47062518,credito,210015.86,2006-12-22,GTQ,true,58520.78,3,Citibank
CU-0779,73412327,corriente,275680.67,2014-05-25,USD,true,11116.71,4,Davivienda
CU-0780,76126295,monetaria,403493.59,2006-01-04,GTQ,true,56278.72,4,Citibank
CU-0781,58624477,monetaria,76959.62,2002-01-17,USD,true,46185.98,1,Banistmo|BAC|Banrural
CU-0782,49679565,monetaria,217283.41,2016-08-02,USD,true,46257.6,1,Citibank
CU-0783,18678230,credito,50423.68,2020-08-30,GTQ,true,46384.53,2,HSBC|Banistmo
CU-0784,97555419,credito,265545.1,2010-04-24,GTQ,true,21651.3,3,HSBC|Banrural
CU-0785,81145634,ahorro,388046.5,2019-11-03,GTQ,false,30171.41,2,Davivienda|Citibank|Banrural
CU-0786,61448694,ahorro,80579.82,2007-10-01,GTQ,true,39442.72,4,G&T Continental|Industrial
CU-0787,34955973,monetaria,498514.36,2020-02-16,GTQ,true,1028.56,5,Industrial|Banrural
CU-0788,74187587,ahorro,429763.23,2009-04-06,MXN,true,54848.99,3,Banistmo|Citibank
CU-0789,28570788,monetaria,301672.9,2009-10-09,EUR,true,50394.97,3,BAC|Industrial|Citibank
CU-0790,14054656,monetaria,258264.74,2023-06-23,MXN,true,23375.59,0,Citibank|Banistmo|G&T Continental
CU-0791,41583718,monetaria,2516.23,2001-02-20,USD,true,60398.41,1,Industrial|HSBC
CU-0792,66119122,ahorro,478475.04,2014-09-07,GTQ,true,95154.47,0,Industrial|Citibank
CU-0793,98078722,monetaria,205452.69,2002-08-04,USD,true,88183.59,3,Citibank|G&T Continental|Banistmo
CU-0794,31311791,credito,425194.46,2001-03-28,GTQ,true,25967.2,1,Industrial|Banistmo
CU-0795,64014743,corriente,227448.55,2009-04-02,GTQ,true,17544.12,5,Davivienda
CU-0796,23863006,ahorro,380669.15,2020-11-06,USD,true,49009.58,4,Davivienda
CU-0797,24308677,credito,81773.03,2013-03-18,GTQ,true,37194.89,2,Banistmo|HSBC
CU-0798,84284004,corriente,15707.16,2007-11-19,MXN,true,95535.39,0,G&T Continental
CU-0799,35122935,ahorro,449193.63,2018-07-15,MXN,true,79471.34,0,HSBC
CU-0800,34747698,credito,133953.13,2003-06-22,GTQ,true,86835.15,3,BAC|Banrural
CU-0801,20789101,credito,461887.38,2019-12-28,EUR,false,34243.34,0,HSBC
CU-0802,88289539,corriente,103943.63,2018-07-15,USD,true,91682.03,3,Industrial|Banistmo|BAC
CU-0803,69132249,corriente,281382.31,2019-11-24,GTQ,true,55520.7,4,BAC
CU-0804,63378193,monetaria,129684.83,2007-01-04,EUR,true,61274.82,4,Banrural|Citibank
CU-0805,91016927,corriente,368949.13,2010-02-01,GTQ,true,99130.65,3,Banrural
CU-0806,31483603,ahorro,411034.35,2009-12-19,GTQ,false,97494.02,4,BAC|Banrural
CU-0807,67773629,credito,226007.53,2014-11-08,USD,true,16620.44,5,Citibank|Banrural
CU-0808,88935070,credito,132019.88,2016-10-04,GTQ,true,50566.55,4,HSBC|Banistmo
CU-0809,10374362,credito,373965.93,2016-04-19,USD,true,2170.04,0,BAC|Citibank|Banistmo
CU-0810,23862374,corriente,297308.44,2007-06-11,GTQ,false,37140.36,2,BAC
CU-0811,47512892,monetaria,270878.06,2001-07-20,GTQ,true,15687.75,1,Industrial
CU-0812,33261698,ahorro,478680.95,2010-12-22,GTQ,false,80958.75,5,Citibank|Banistmo
CU-0813,17969791,ahorro,308904.98,2010-02-23,MXN,true,79621.46,5,Industrial
CU-0814,64334037,monetaria,347418.87,2009-05-03,USD,true,24560.32,1,Industrial|Davivienda
CU-0815,31905860,credito,65697.48,2001-03-12,GTQ,true,53836.58,5,Banrural
CU-0816,26955135,monetaria,376205.62,2004-01-22,GTQ,true,44433.1,2,Banistmo|G&T Continental|HSBC
CU-0817,90684112,corriente,475665.11,2005-04-15,GTQ,true,40148.85,0,Davivienda|G&T Continental
CU-0818,88919775,monetaria,138566.52,2002-12-10,MXN,true,59529.76,2,Banrural|HSBC|Davivienda
CU-0819,70147892,monetaria,310878.13,2004-05-21,GTQ,true,44633.85,5,Banrural
CU-0820,74641617,monetaria,115675.63,2017-12-23,GTQ,true,95079.07,3,G&T Continental|Citibank
CU-0821,78276013,credito,125563.2,2004-08-12,EUR,true,2540.48,4,Banrural|Industrial
CU-0822,40677962,ahorro,1756.99,2007-02-07,USD,true,90238.58,2,HSBC
CU-0823,18198612,corriente,82690.78,2004-09-30,GTQ,true,86005.98,2,Citibank
CU-0824,22628163,monetaria,104546.81,2006-04-05,GTQ,true,29951.27,5,Davivienda
CU-0825,75110960,credito,318674.48,2011-09-15,GTQ,true,37436.17,5,G&T Continental|Banrural
CU-0826,22539199,corriente,353952.09,2011-05-30,USD,true,70041.2,4,G&T Continental
CU-0827,10996386,monetaria,385716.22,2021-09-02,GTQ,true,63404.74,4,Industrial
CU-0828,41471125,corriente,294250.31,2019-04-16,GTQ,true,61751.12,0,Citibank
CU-0829,72715910,monetaria,479997.52,2012-05-01,GTQ,true,63653.98,2,Industrial|Banistmo|Citibank
CU-0830,82677003,corriente,486316.59,2014-05-20,USD,true,47782.59,3,BAC
CU-0831,78171248,monetaria,198648.24,2005-08-15,USD,true,36241.26,1,Citibank|Davivienda|G&T Continental
CU-0832,20757966,credito,83970.89,2007-02-18,GTQ,true,862.28,0,G&T Continental|Davivienda|Citibank
CU-0833,99078726,credito,83585.33,2013-06-14,GTQ,true,18870.29,2,BAC
CU-0834,22165450,corriente,396355.92,2011-01-08,MXN,true,56973.16,1,BAC|Banistmo|Davivienda
CU-0835,91266758,credito,196906.71,2019-11-21,GTQ,true,24.67,2,Citibank
CU-0836,67755039,corriente,92148.33,2021-05-28,USD,true,1876.31,1,Banrural|BAC|Citibank
CU-0837,21328270,corriente,122427.97,2009-01-02,GTQ,true,16032.21,3,Banrural
CU-0838,89441626,corriente,190851.91,2000-04-04,USD,true,2126.77,4,Davivienda
CU-0839,75210157,ahorro,159845.58,2012-08-08,GTQ,true,74836.23,0,Banistmo|Davivienda
CU-0840,27421340,credito,140330.79,2023-08-01,USD,true,1472.54,2,Davivienda
CU-0841,33281964,corriente,135324.14,2004-01-16,GTQ,true,14661.31,1,Banrural|Davivienda|Banistmo
CU-0842,65078472,ahorro,5721.62,2011-08-14,GTQ,true,43527.28,1,Banrural
CU-0843,62222696,monetaria,137648.9,2012-11-26,GTQ,true,45976.67,3,Banistmo|HSBC
CU-0844,58588461,credito,475486.48,2001-06-02,GTQ,true,79003.91,4,G&T Continental|HSBC
CU-0845,16040186,monetaria,439939.75,2003-02-12,GTQ,true,10008.68,4,BAC|Davivienda
CU-0846,76359158,corriente,85803.98,2008-03-13,GTQ,true,56036.19,3,HSBC|Banistmo
CU-0847,45878961,ahorro,384175.51,2007-07-19,GTQ,true,78090.48,1,Banistmo|HSBC|G&T Continental
CU-0848,70214805,ahorro,82336.65,2013-02-28,USD,true,22539.45,1,BAC|G&T Continental
CU-0849,72761616,corriente,98528.93,2019-06-18,USD,true,65283.7,0,Citibank|Banrural|HSBC
CU-0850,55260386,monetaria,240595.25,2012-01-07,GTQ,true,27852.71,2,BAC|Banistmo|Davivienda
CU-0851,88054460,corriente,238216.27,2003-06-26,GTQ,true,30472.47,5,Banistmo|Citibank|BAC
CU-0852,49406327,corriente,227533.15,2023-06-10,GTQ,true,5122.93,5,Banrural|HSBC
CU-0853,70582159,monetaria,439174.37,2011-07-02,EUR,true,13137.36,3,Banistmo
CU-0854,84283162,ahorro,183555.37,2013-04-26,EUR,true,37276.7,4,BAC|Davivienda|Banrural
CU-0855,70775326,credito,462213.66,2007-06-28,GTQ,true,77707.1,2,BAC|Citibank
CU-0856,70991492,credito,9727.15,2010-08-05,GTQ,true,42840.47,2,Industrial
CU-0857,43283131,credito,133138.04,2019-01-21,GTQ,true,2704.98,3,Davivienda|Citibank|Banrural
CU-0858,12986769,credito,235237.1,2005-05-24,GTQ,true,73489.56,3,Davivienda|HSBC
CU-0859,96217855,monetaria,387938.81,2000-09-21,USD,true,64704.27,3,Industrial|HSBC
CU-0860,54223450,ahorro,193299.02,2009-03-16,GTQ,true,67973.73,1,Davivienda|Industrial|BAC
CU-0861,52266854,monetaria,424004.34,2013-07-30,GTQ,true,11794.82,3,HSBC
CU-0862,96961235,credito,382379.62,2003-06-27,GTQ,true,72328.85,0,Banistmo|Banrural
CU-0863,35074424,ahorro,381149.57,2018-01-15,USD,true,96215.73,0,Industrial|Banistmo
CU-0864,87875353,corriente,383252.21,2022-10-30,USD,true,99519.63,4,Davivienda
CU-0865,26105863,corriente,209049.12,2014-06-25,MXN,true,77261.5,1,Banrural|Industrial
CU-0866,10815480,credito,411090.45,2013-10-24,USD,true,58731.23,1,Industrial
CU-0867,89370781,corriente,486224.31,2003-11-28,USD,true,32683.49,5,BAC|Davivienda|G&T Continental
CU-0868,58156318,credito,224545.4,2017-01-23,GTQ,false,33997.86,4,Industrial|BAC
CU-0869,59373927,monetaria,498115.19,2023-10-18,GTQ,true,23200.03,4,HSBC|Citibank|Banrural
CU-0870,17288491,corriente,391296.41,2003-05-19,GTQ,true,41428.53,4,Banistmo
CU-0871,95096413,credito,476901.0,2012-02-28,USD,true,34373.98,5,BAC|Davivienda|Industrial
CU-0872,97307475,monetaria,441183.41,2006-05-14,MXN,true,9315.36,0,Davivienda
CU-0873,16225199,ahorro,237714.97,2007-01-01,GTQ,true,44626.65,0,BAC
CU-0874,78877515,ahorro,258549.48,2002-12-10,GTQ,true,52869.21,4,G&T Continental|Citibank
CU-0875,49726089,monetaria,421144.88,2014-08-20,USD,false,85065.9,3,Citibank
CU-0876,85825889,corriente,320613.76,2020-12-11,USD,true,41894.84,0,Banrural|Citibank
CU-0877,90509268,credito,429219.07,2007-09-10,USD,true,13243.17,4,G&T Continental
CU-0878,12247218,corriente,312262.67,2020-06-19,GTQ,true,17523.03,3,HSBC
CU-0879,47662975,monetaria,108780.19,2017-02-10,USD,true,25308.18,4,Davivienda|BAC|Banistmo
CU-0880,33977018,ahorro,367760.24,2013-03-30,USD,true,14260.42,1,Citibank|Banrural|Industrial
CU-0881,90083793,ahorro,292576.22,2007-01-03,MXN,true,24864.4,1,HSBC|Davivienda|Industrial
CU-0882,64367447,ahorro,124587.76,2016-11-24,USD,true,13185.92,2,Banistmo
CU-0883,52714131,corriente,422153.06,2013-10-30,GTQ,true,69840.12,3,Banrural|Citibank
CU-0884,81509657,credito,394781.31,2012-06-27,USD,true,87370.4,5,G&T Continental|BAC
CU-0885,57281975,credito,499037.83,2011-02-27,GTQ,true,71230.02,3,Industrial
CU-0886,27068887,corriente,213657.71,2017-02-04,GTQ,true,77546.28,4,HSBC|Davivienda
CU-0887,19890525,corriente,186103.02,2013-12-03,GTQ,true,91137.1,5,G&T Continental
CU-0888,16777688,monetaria,92590.63,2023-07-11,GTQ,true,41072.9,4,BAC
CU-0889,61517012,credito,198776.65,2020-05-08,MXN,true,40818.14,1,Banistmo|HSBC
CU-0890,89189605,corriente,293787.85,2011-02-14,GTQ,true,73480.39,3,Davivienda|Citibank|Industrial
CU-0891,70524116,corriente,185770.56,2019-06-17,GTQ,true,25480.69,1,HSBC
CU-0892,91605547,corriente,47370.65,2008-12-23,USD,true,97604.83,4,G&T Continental
CU-0893,26918779,credito,4426.69,2000-03-13,EUR,true,4967.03,5,Davivienda|Industrial|Banrural
CU-0894,92804244,ahorro,478270.31,2013-09-05,USD,true,85290.71,2,Banrural|Davivienda|G&T Continental
CU-0895,25865713,ahorro,101664.68,2022-03-27,GTQ,true,84361.65,3,BAC
CU-0896,89381293,credito,322035.9,2017-03-19,GTQ,true,66712.93,5,HSBC
CU-0897,11524247,monetaria,310352.91,2006-10-15,GTQ,true,33683.36,1,Davivienda
CU-0898,67260792,credito,304119.92,2004-08-03,USD,true,90574.41,3,BAC
CU-0899,97112002,monetaria,200850.27,2005-11-27,EUR,true,65888.18,1,BAC|Industrial|HSBC
CU-0900,64826758,credito,49802.27,2023-08-09,GTQ,true,48029.19,5,HSBC|Banistmo|BAC
CU-0901,51556505,corriente,397599.05,2013-10-14,GTQ,true,16336.68,1,Industrial
CU-0902,74714670,monetaria,425135.32,2004-05-07,GTQ,true,49586.81,5,Banrural
CU-0903,76616157,monetaria,30585.99,2018-10-18,GTQ,true,66324.09,0,Citibank
CU-0904,93485270,ahorro,295188.54,2023-02-17,GTQ,true,4031.48,2,G&T Continental|Banistmo|Davivienda
CU-0905,51675798,monetaria,423237.64,2012-11-08,GTQ,false,27093.36,3,Davivienda
CU-0906,81745429,credito,432933.68,2010-02-11,GTQ,false,96868.06,0,Davivienda|Industrial|G&T Continental
CU-0907,20229583,ahorro,393107.01,2001-07-12,MXN,true,85333.21,2,Davivienda
CU-0908,42063578,corriente,431870.93,2015-07-28,GTQ,true,19258.57,2,Banrural
CU-0909,84939715,monetaria,254196.18,2015-06-12,GTQ,true,72891.98,0,Davivienda|G&T Continental
CU-0910,46406358,credito,334372.98,2011-03-01,USD,true,39837.17,5,Davivienda|BAC
CU-0911,16788521,monetaria,5159.61,2011-01-10,EUR,true,71682.45,2,Banrural|HSBC
CU-0912,47083207,ahorro,497227.74,2011-02-25,USD,true,54593.17,1,BAC
CU-0913,38052325,credito,196524.95,2007-03-11,USD,true,3990.56,4,Banistmo|Citibank
CU-0914,47406640,ahorro,329865.77,2023-12-17,GTQ,true,32169.59,4,Citibank|BAC|Industrial
CU-0915,47914435,credito,354501.64,2009-04-08,EUR,true,34254.58,3,Industrial
CU-0916,17448247,corriente,302253.15,2021-01-04,GTQ,true,50313.76,4,Banistmo
CU-0917,75415306,ahorro,252547.36,2021-08-30,MXN,false,16818.76,5,Banrural|HSBC|Citibank
CU-0918,92561841,ahorro,270196.12,2012-08-27,EUR,false,19969.22,1,Banistmo|BAC
CU-0919,22918256,monetaria,268325.49,2015-03-09,GTQ,true,80034.25,1,Banrural
CU-0920,24957006,credito,15690.45,2020-05-26,USD,true,15893.22,0,Industrial|HSBC
CU-0921,73133836,ahorro,237762.42,2012-03-24,GTQ,true,48024.77,5,G&T Continental
CU-0922,95976176,corriente,39504.09,2002-11-06,GTQ,true,82287.43,4,Industrial|HSBC
CU-0923,46547395,credito,438137.81,2021-10-18,USD,true,13227.05,3,Industrial
CU-0924,53851194,credito,461385.97,2016-04-18,GTQ,false,74904.03,0,HSBC|BAC|Banrural
CU-0925,60193443,credito,406383.74,2020-02-11,GTQ,true,51693.66,0,BAC|Industrial
CU-0926,41743034,ahorro,197811.43,2010-09-15,GTQ,false,4401.68,5,Banrural|Citibank|Banistmo
CU-0927,67570655,monetaria,418628.55,2005-05-31,GTQ,true,4380.17,0,BAC
CU-0928,41844175,ahorro,71152.78,2006-01-25,GTQ,true,15807.96,1,Citibank|HSBC
CU-0929,72745566,monetaria,115248.24,2005-01-10,GTQ,true,96917.58,0,Banistmo
CU-0930,15771083,corriente,431451.63,2020-10-15,GTQ,true,49299.67,2,Citibank|G&T Continental|Banistmo
CU-0931,94579246,corriente,21444.3,2012-10-27,USD,true,28151.59,2,Industrial|HSBC
CU-0932,22155152,ahorro,278497.69,2005-06-01,USD,true,34786.08,2,Industrial|G&T Continental|Banistmo
CU-0933,54314842,credito,490165.63,2007-01-14,EUR,true,68582.87,1,Davivienda
CU-0934,92749391,credito,25692.63,2018-04-10,GTQ,true,81161.76,0,G&T Continental|Davivienda
CU-0935,82713899,credito,14756.92,2000-06-20,GTQ,true,15426.34,3,BAC|Banrural
CU-0936,36406040,monetaria,399788.39,2002-10-27,GTQ,true,7100.63,1,BAC|Davivienda|Industrial
CU-0937,40923692,ahorro,211291.8,2004-03-18,GTQ,false,52655.93,4,Citibank
CU-0938,27307181,corriente,127457.86,2003-05-14,GTQ,true,30759.07,4,BAC|Citibank
CU-0939,60382136,monetaria,365827.42,2016-05-22,GTQ,true,31987.4,3,BAC|G&T Continental|Citibank
CU-0940,71771697,ahorro,286121.09,2003-08-02,USD,true,63722.5,4,Banistmo|Citibank
CU-0941,50311520,credito,290158.59,2019-04-10,GTQ,true,55372.9,1,Davivienda|G&T Continental
CU-0942,94181529,credito,197692.03,2000-04-23,GTQ,true,77199.67,1,Davivienda|Banistmo|Industrial
CU-0943,21905405,monetaria,121802.51,2000-04-07,USD,true,18560.86,0,Citibank|Industrial|Banistmo
CU-0944,42466665,corriente,94421.69,2006-06-11,USD,true,47905.8,5,Industrial
CU-0945,85903132,credito,144192.46,2001-10-16,GTQ,true,13337.14,1,Banistmo
CU-0946,71765566,credito,308464.41,2008-05-19,GTQ,true,91844.62,4,G&T Continental|Banrural|Citibank
CU-0947,81795409,monetaria,325678.63,2002-02-04,GTQ,true,2169.11,0,BAC|Davivienda
CU-0948,66811657,corriente,113590.57,2007-11-10,GTQ,true,21241.78,2,Banrural|HSBC
CU-0949,89321286,corriente,444673.72,2000-05-28,USD,true,81987.83,0,HSBC|Citibank
CU-0950,55915416,corriente,448297.93,2002-08-01,MXN,true,43641.75,5,Banrural|Davivienda|HSBC
CU-0951,39680536,ahorro,14241.95,2017-08-23,USD,true,21344.41,1,Banistmo
CU-0952,93942023,corriente,456762.28,2022-02-07,GTQ,true,20375.2,0,BAC|Industrial
CU-0953,63929902,monetaria,364921.68,2001-04-08,MXN,true,20733.54,2,Industrial
CU-0954,60794986,ahorro,167196.57,2014-01-18,GTQ,true,30423.55,5,Banrural|Citibank
CU-0955,15045722,credito,395438.25,2013-05-06,USD,true,49605.9,0,Banistmo|Industrial|G&T Continental
CU-0956,77959744,corriente,213727.83,2018-11-07,GTQ,true,242.04,3,BAC
CU-0957,15370027,corriente,353147.54,2008-07-24,USD,true,35683.02,3,Banistmo|Citibank
CU-0958,19525938,monetaria,286625.14,2011-12-27,GTQ,true,58619.79,0,Industrial|HSBC|Citibank
CU-0959,86602473,credito,374155.09,2012-06-17,USD,true,7738.68,4,Banistmo|BAC|HSBC
CU-0960,93244633,monetaria,406840.73,2000-08-20,EUR,true,80043.57,1,Banistmo
CU-0961,68588535,monetaria,107847.36,2005-11-29,USD,true,25725.99,3,G&T Continental
CU-0962,23535093,corriente,359159.82,2023-12-09,USD,false,86702.39,0,HSBC|Davivienda
CU-0963,55558092,corriente,125364.65,2000-03-07,USD,true,45043.0,5,G&T Continental|Banrural|Banistmo
CU-0964,89400305,monetaria,469492.94,2013-06-19,GTQ,true,63697.49,2,Davivienda|Citibank
CU-0965,77647844,credito,31639.1,2023-01-11,USD,true,90899.34,1,Davivienda
CU-0966,80579679,credito,28433.19,2013-01-05,GTQ,true,38441.97,0,Industrial|Citibank|Banistmo
CU-0967,44281600,monetaria,200107.43,2020-12-21,USD,true,53648.02,2,BAC|Banistmo
CU-0968,53562684,credito,343192.61,2012-01-30,GTQ,true,19279.77,5,Industrial|BAC|HSBC
CU-0969,69696559,corriente,100265.97,2005-05-09,GTQ,true,57393.01,1,Banrural|Industrial
CU-0970,63791255,corriente,3208.21,2018-10-12,GTQ,true,73245.49,5,Banistmo|G&T Continental|Davivienda
CU-0971,77009843,credito,160898.09,2016-01-30,EUR,true,99119.8,1,Davivienda|Industrial
CU-0972,46855808,ahorro,2927.72,2017-05-02,GTQ,true,78689.65,3,G&T Continental|Davivienda|Citibank
CU-0973,17716155,monetaria,35181.2,2017-02-28,GTQ,true,15390.62,2,HSBC|BAC
CU-0974,78758689,credito,466443.16,2000-03-21,GTQ,true,20171.65,4,Banistmo|BAC
CU-0975,78794462,corriente,418166.95,2021-01-29,EUR,true,45263.53,1,Industrial|BAC
CU-0976,93511739,monetaria,404850.1,2012-01-05,GTQ,true,64298.78,0,BAC
CU-0977,54665585,ahorro,270048.95,2023-12-26,GTQ,true,77685.91,2,Banrural|Davivienda|G&T Continental
CU-0978,99653875,ahorro,291732.84,2019-06-08,USD,true,47563.04,3,Davivienda|Banrural|G&T Continental
CU-0979,55182432,corriente,277396.96,2004-11-29,GTQ,true,27030.18,0,Citibank|BAC
CU-0980,72282219,corriente,176645.71,2016-12-09,USD,true,98785.71,0,Citibank|Industrial|Davivienda
CU-0981,95786372,corriente,286305.11,2000-11-04,EUR,true,62793.73,4,G&T Continental
CU-0982,98296620,credito,45.43,2011-04-04,GTQ,true,80874.22,0,Banrural
CU-0983,57482773,corriente,165727.83,2012-07-29,USD,true,46864.38,2,BAC
CU-0984,40515430,ahorro,281542.45,2019-09-27,USD,true,53259.04,3,Citibank|BAC
CU-0985,98087903,monetaria,32880.19,2019-01-30,USD,true,68673.58,5,Industrial
CU-0986,10495739,corriente,419469.08,2014-05-09,USD,true,39643.18,4,Banrural|HSBC
CU-0987,66409648,corriente,121968.63,2009-11-09,GTQ,true,3112.8,5,Banistmo|Citibank
CU-0988,93578798,monetaria,82456.05,2018-11-03,USD,true,51635.37,0,Industrial|Citibank
CU-0989,10333912,credito,201128.99,2009-08-01,USD,true,68138.22,2,Banrural
CU-0990,72913088,corriente,147097.98,2006-07-31,EUR,true,82170.23,4,Banistmo|HSBC
CU-0991,83653235,ahorro,466748.88,2006-11-07,GTQ,true,14441.17,5,Banrural|Industrial
CU-0992,93842298,ahorro,490338.36,2007-09-06,GTQ,true,57320.89,0,Banistmo|G&T Continental|Davivienda
CU-0993,82766521,credito,27342.22,2012-08-01,USD,true,58092.5,5,Banrural|Citibank
CU-0994,69749709,credito,247947.99,2014-01-29,GTQ,true,98883.29,4,BAC|Banistmo|Industrial
CU-0995,38203297,credito,256851.26,2015-10-28,GTQ,true,60252.82,4,HSBC|G&T Continental|Davivienda
CU-0996,91674775,credito,83407.96,2009-06-04,GTQ,true,44329.39,1,BAC|Banistmo|Banrural
CU-0997,12267498,credito,198996.14,2006-10-08,GTQ,true,10877.42,0,BAC|Citibank|G&T Continental
CU-0998,21840119,ahorro,76920.49,2023-06-17,USD,true,78413.8,0,G&T Continental|Banistmo|BAC
CU-0999,97087978,credito,3024.94,2018-01-08,GTQ,true,96572.4,0,BAC
CU-1000,71026330,corriente,109332.76,2006-08-01,GTQ,true,55327.93,1,HSBC
CU-1001,78636380,credito,330507.15,2020-05-15,MXN,true,31618.28,3,Citibank|Industrial
CU-1002,78589619,credito,431057.23,2010-02-08,MXN,true,35431.32,3,Davivienda
CU-1003,69359023,corriente,369737.41,2007-08-30,USD,true,87985.25,0,Citibank|G&T Continental
CU-1004,94842464,ahorro,340513.45,2014-04-11,GTQ,true,35747.64,5,Davivienda
CU-1005,92928746,corriente,258047.43,2012-07-26,GTQ,true,98185.56,4,Banrural
CU-1006,20247511,monetaria,31477.64,2021-09-06,MXN,true,70156.07,1,Citibank
CU-1007,16606138,corriente,199998.47,2019-11-30,GTQ,true,39354.4,4,Banrural|Citibank|BAC
CU-1008,88219316,credito,439109.89,2020-03-14,USD,true,87371.03,1,HSBC
CU-1009,94230088,monetaria,178258.83,2022-12-25,GTQ,true,47302.87,2,Industrial
CU-1010,66808785,credito,476866.31,2000-12-20,GTQ,true,13471.26,2,Industrial|Banistmo
CU-1011,76922183,corriente,434236.32,2015-12-05,GTQ,true,45300.6,1,G&T Continental|Citibank|Industrial
CU-1012,41342715,ahorro,254276.5,2009-05-07,USD,true,82986.64,2,Citibank|Davivienda|Banistmo
CU-1013,50842424,corriente,497962.85,2010-03-04,GTQ,true,37591.53,5,Banrural|HSBC
CU-1014,56568112,monetaria,268540.85,2019-06-01,USD,false,46656.38,1,HSBC|Banistmo
CU-1015,61579960,credito,354364.0,2017-06-09,GTQ,true,74301.05,4,HSBC|Citibank
CU-1016,21050290,credito,133501.25,2005-02-25,GTQ,true,33667.01,1,Banrural
CU-1017,78936947,ahorro,201946.99,2003-03-22,USD,true,89124.03,0,HSBC
CU-1018,46702832,credito,192995.29,2002-08-17,USD,true,56245.27,5,Davivienda|G&T Continental
CU-1019,13466904,corriente,295541.41,2005-08-16,GTQ,true,63692.19,1,BAC
CU-1020,30342394,credito,480852.47,2015-08-09,MXN,true,57513.8,5,Banistmo|Citibank|Banrural
CU-1021,25646439,corriente,207515.87,2020-04-17,GTQ,true,37755.39,3,Banistmo|BAC
CU-1022,10200744,corriente,498689.64,2017-09-05,MXN,true,81130.77,0,G&T Continental
CU-1023,27936791,corriente,133966.77,2001-10-11,GTQ,true,72519.8,3,Industrial|Davivienda|Banistmo
CU-1024,58061143,ahorro,46440.57,2020-04-16,USD,true,63566.47,2,Banrural|G&T Continental
CU-1025,49428563,ahorro,308199.09,2009-06-23,GTQ,true,6266.71,2,Citibank|Industrial
CU-1026,51227645,corriente,434211.13,2016-11-27,USD,true,38373.01,3,Banistmo
CU-1027,39284333,ahorro,283589.63,2016-01-01,USD,true,89362.79,5,Citibank|HSBC
CU-1028,31199787,corriente,242726.79,2019-09-05,GTQ,true,81189.28,2,BAC|Davivienda|Banrural
CU-1029,83494016,monetaria,741.31,2008-01-10,USD,true,6354.59,5,HSBC
CU-1030,48728311,monetaria,437439.92,2017-11-29,GTQ,true,91060.5,1,BAC|G&T Continental|Industrial
CU-1031,42373360,corriente,32585.39,2016-03-14,GTQ,true,69575.65,2,Davivienda|G&T Continental|HSBC
CU-1032,36571493,corriente,178477.85,2005-02-18,GTQ,true,45798.84,4,Citibank|Banrural
CU-1033,18526538,corriente,437361.71,2000-05-12,GTQ,true,28541.49,3,Banistmo|Industrial
CU-1034,22718281,corriente,25409.65,2023-09-13,USD,true,5977.45,5,Davivienda|Banrural|BAC
CU-1035,51878595,corriente,290939.7,2014-07-23,GTQ,false,22884.0,3,Banistmo|Banrural|Citibank
CU-1036,23943168,ahorro,242685.56,2003-06-25,GTQ,true,61513.95,3,Citibank|Industrial|G&T Continental
CU-1037,27297164,monetaria,380373.54,2002-05-16,GTQ,true,83785.26,1,Industrial|Banrural
CU-1038,19677366,monetaria,471003.88,2008-01-15,USD,true,40424.44,0,Industrial
CU-1039,17278605,corriente,479448.29,2019-05-14,EUR,true,69138.25,2,BAC|Citibank|G&T Continental
CU-1040,28536193,corriente,143797.47,2004-04-14,GTQ,true,2730.85,3,BAC|Davivienda
CU-1041,52283563,ahorro,127675.32,2006-05-10,GTQ,true,40179.53,1,G&T Continental
CU-1042,27277176,corriente,426366.72,2012-06-18,GTQ,true,23210.72,4,G&T Continental
CU-1043,99233211,corriente,23119.37,2016-12-11,GTQ,false,96088.03,5,BAC|Banistmo|Davivienda
CU-1044,25283612,corriente,127641.0,2013-10-04,GTQ,true,19244.31,5,Citibank
CU-1045,34365277,credito,477656.11,2005-03-27,USD,true,73293.74,2,Banistmo|Citibank
CU-1046,48024987,monetaria,62683.33,2013-08-25,GTQ,true,77251.51,2,Davivienda|Industrial|BAC
CU-1047,33254918,monetaria,291616.74,2019-04-16,GTQ,true,74542.31,5,Citibank|Banrural|Industrial
CU-1048,70910295,credito,312363.74,2010-11-17,GTQ,true,63697.62,2,Davivienda
CU-1049,41145672,monetaria,202085.31,2004-02-18,GTQ,true,38364.83,3,Citibank|HSBC
CU-1050,18903426,monetaria,243706.61,2017-07-01,MXN,true,24628.83,5,BAC|HSBC|Industrial
CU-1051,65900222,monetaria,52165.81,2021-03-16,USD,true,24921.36,4,Citibank|Banrural|G&T Continental
CU-1052,69261347,monetaria,461863.88,2017-08-31,GTQ,true,23332.52,1,Banistmo|Banrural|Citibank
CU-1053,87388161,monetaria,373842.8,2006-11-29,GTQ,true,70707.41,3,G&T Continental|Davivienda
CU-1054,23859021,monetaria,237147.95,2007-01-10,USD,true,69784.21,3,Industrial
CU-1055,53484070,monetaria,105857.49,2012-11-08,GTQ,true,74908.29,1,BAC|Industrial|Davivienda
CU-1056,62787346,corriente,147665.57,2021-02-05,GTQ,true,60841.85,4,Banrural|Industrial|BAC
CU-1057,57578121,corriente,336742.31,2022-06-07,GTQ,true,78161.15,5,Davivienda
CU-1058,21862766,ahorro,122043.98,2022-04-19,USD,true,37953.96,3,G&T Continental|Banistmo|BAC
CU-1059,22806896,monetaria,267920.89,2019-01-01,USD,true,90383.6,0,G&T Continental|Industrial|Citibank
CU-1060,46923094,corriente,58471.23,2005-06-29,MXN,true,19645.93,2,Banistmo|Banrural
CU-1061,53394568,monetaria,419083.48,2007-05-18,GTQ,true,34447.27,3,Industrial
CU-1062,90241789,ahorro,229734.75,2013-06-25,GTQ,true,57265.74,4,Banrural|Citibank|BAC
CU-1063,34363479,credito,351109.2,2017-03-11,USD,true,8843.12,3,BAC|Industrial
CU-1064,83914229,corriente,108834.63,2009-11-24,USD,false,95593.26,0,Citibank
CU-1065,86667744,ahorro,56351.08,2011-01-28,GTQ,true,58510.12,0,Industrial
CU-1066,41088021,monetaria,486017.44,2009-08-30,GTQ,true,83323.08,5,HSBC
CU-1067,81602352,ahorro,140364.15,2011-11-25,GTQ,false,7115.88,3,Industrial|BAC
CU-1068,19920492,monetaria,454309.21,2004-02-02,GTQ,false,28292.58,5,Banrural|Banistmo|BAC
CU-1069,16383481,monetaria,327906.67,2007-03-31,EUR,false,52963.68,3,Banrural|Industrial
CU-1070,83053533,ahorro,373868.86,2003-03-31,EUR,true,24644.78,1,Industrial
CU-1071,44603606,monetaria,150832.89,2011-09-18,EUR,true,20952.99,1,Banistmo
CU-1072,18238741,credito,282519.87,2004-04-24,GTQ,true,59167.83,1,Banistmo|BAC|Davivienda
CU-1073,53476543,credito,48990.46,2003-11-16,USD,true,87690.51,5,HSBC
CU-1074,12177526,corriente,151379.28,2020-10-23,USD,false,97064.94,4,Banrural|G&T Continental|BAC
CU-1075,26002927,corriente,420111.56,2020-08-09,EUR,true,13671.74,3,Banrural|Banistmo|HSBC
CU-1076,38605389,credito,237956.65,2022-11-18,GTQ,true,86018.63,1,Banrural|Davivienda|HSBC
CU-1077,20695957,ahorro,458944.33,2022-05-25,GTQ,true,65762.13,3,HSBC
CU-1078,32725647,corriente,320528.45,2005-05-03,GTQ,true,7613.52,1,Citibank
CU-1079,39231948,monetaria,25225.28,2019-06-09,MXN,true,6642.93,4,Citibank|G&T Continental
CU-1080,32443981,monetaria,87337.93,2022-04-15,USD,true,201.66,5,HSBC|Industrial
CU-1081,18724766,credito,291666.62,2012-05-17,GTQ,true,35888.8,3,HSBC|Davivienda|Banistmo
CU-1082,90246671,corriente,490571.41,2001-05-16,GTQ,true,62866.81,5,Banistmo|Industrial
CU-1083,56690065,credito,103707.71,2016-04-30,USD,true,14564.46,1,Banrural|Industrial
CU-1084,30946328,credito,201805.77,2016-03-21,GTQ,false,38278.16,0,BAC|Citibank
CU-1085,15749005,ahorro,146677.17,2012-04-23,GTQ,true,98682.87,3,Banistmo|Davivienda|Banrural
CU-1086,44987476,ahorro,393620.37,2022-12-18,GTQ,true,87694.88,0,Banistmo|Industrial|HSBC
CU-1087,90464207,ahorro,335994.07,2004-07-01,GTQ,true,770.77,3,Industrial
CU-1088,77310485,ahorro,60418.17,2007-03-28,GTQ,true,14808.32,1,G&T Continental|Davivienda|BAC
CU-1089,81947418,monetaria,235256.75,2006-12-23,GTQ,true,60599.57,4,BAC|Davivienda
CU-1090,46630640,ahorro,19026.37,2012-01-08,GTQ,true,22817.3,0,Banrural|Davivienda|G&T Continental
CU-1091,99525082,ahorro,412934.36,2014-02-07,GTQ,true,94367.91,1,G&T Continental
CU-1092,11027542,credito,144278.78,2016-02-14,MXN,true,4093.49,3,Industrial|BAC|Banrural
CU-1093,82537891,ahorro,425669.4,2001-01-23,EUR,true,28769.84,5,Industrial|G&T Continental
CU-1094,20361782,monetaria,435729.3,2005-08-30,USD,true,90639.01,5,HSBC|Industrial
CU-1095,84580788,credito,399833.66,2012-11-28,USD,true,55060.27,1,Industrial
CU-1096,13029672,credito,110617.52,2015-06-12,GTQ,true,64247.54,0,Industrial|Davivienda|HSBC
CU-1097,88541908,ahorro,333651.01,2004-05-13,GTQ,true,72538.53,5,HSBC|Banrural
CU-1098,64022294,ahorro,159127.72,2014-11-21,GTQ,true,91496.66,2,HSBC|Citibank|BAC
CU-1099,83112591,monetaria,92879.52,2000-01-11,USD,true,42992.54,5,HSBC
CU-1100,58222564,corriente,259670.86,2019-04-02,GTQ,false,4847.09,2,Davivienda|Banrural
CU-1101,41343627,credito,377951.08,2016-08-26,GTQ,false,39907.32,1,Banistmo|BAC
CU-1102,39886356,credito,331773.02,2003-02-06,GTQ,true,5858.62,2,BAC
CU-1103,78723270,monetaria,96822.86,2017-11-15,USD,true,61286.96,3,HSBC|G&T Continental
CU-1104,71717603,credito,429770.48,2008-02-02,GTQ,true,915.03,2,G&T Continental|Banrural|Citibank
CU-1105,28903037,monetaria,86641.51,2013-07-10,GTQ,true,27390.67,3,G&T Continental|Davivienda|BAC
CU-1106,54425264,monetaria,122923.56,2017-11-13,USD,true,33803.66,3,BAC|Industrial
CU-1107,33369610,credito,281331.35,2016-12-28,GTQ,true,36892.26,0,Industrial
CU-1108,39745767,corriente,310101.6,2015-02-27,USD,true,18128.31,1,Citibank
CU-1109,95904169,corriente,262443.05,2010-02-25,GTQ,false,82813.93,4,Banistmo|Banrural
CU-1110,92844097,ahorro,221032.24,2004-06-13,GTQ,true,60023.88,1,HSBC
CU-1111,21678669,credito,231737.37,2007-12-07,MXN,true,24073.79,1,Banistmo|HSBC
CU-1112,38174456,credito,429148.16,2000-03-22,GTQ,true,81940.67,0,Banrural
CU-1113,40954383,corriente,249805.89,2013-07-20,GTQ,true,35829.18,1,BAC
CU-1114,66101245,ahorro,335547.93,2002-03-09,GTQ,true,24351.86,2,Industrial|Davivienda|HSBC
CU-1115,75392698,ahorro,301653.26,2000-02-03,GTQ,false,70873.32,5,Banistmo|BAC
CU-1116,60570940,corriente,91695.04,2015-04-10,GTQ,true,28077.3,3,Citibank
CU-1117,57499299,monetaria,729.91,2020-02-29,GTQ,true,89851.82,1,HSBC
CU-1118,56188173,corriente,67926.57,2010-07-06,GTQ,true,62752.46,3,Banrural|G&T Continental|Banistmo
CU-1119,60579208,monetaria,220266.62,2012-11-30,USD,true,78237.13,0,HSBC|Banistmo|G&T Continental
CU-1120,36281402,ahorro,459958.35,2020-03-31,MXN,true,42072.02,3,BAC|G&T Continental
CU-1121,33729042,credito,323875.36,2018-10-02,GTQ,false,57549.86,4,Citibank
CU-1122,73993682,ahorro,203093.12,2003-04-30,USD,true,15587.97,1,Banrural
CU-1123,62451159,credito,312844.82,2019-10-26,GTQ,true,47782.34,3,Citibank
CU-1124,43027552,corriente,75159.89,2021-10-24,GTQ,true,15531.24,1,HSBC|Citibank
CU-1125,78803866,monetaria,206749.58,2022-05-03,GTQ,true,15222.19,2,BAC
CU-1126,15374399,ahorro,469449.34,2010-12-25,GTQ,true,90833.05,4,G&T Continental|Banistmo|Banrural
CU-1127,19817970,corriente,71172.21,2019-08-14,GTQ,true,50220.48,3,Industrial|Banrural
CU-1128,74256437,monetaria,51192.39,2009-01-17,USD,true,34249.85,0,Industrial|HSBC
CU-1129,28718144,ahorro,46670.91,2012-04-29,USD,false,38783.52,2,Banistmo
CU-1130,62736741,monetaria,91586.55,2019-12-19,EUR,true,87150.45,2,G&T Continental
CU-1131,75478354,corriente,496708.31,2014-03-04,MXN,true,80779.85,1,Citibank|Davivienda
CU-1132,62647157,monetaria,465141.33,2017-04-23,USD,true,26017.77,3,HSBC|Davivienda|Industrial
CU-1133,31440306,corriente,138980.37,2012-12-01,USD,true,2168.02,3,G&T Continental|Davivienda|BAC
CU-1134,65468928,corriente,485332.68,2018-10-14,GTQ,true,33380.28,0,BAC
CU-1135,66599806,corriente,375222.26,2018-09-29,USD,true,94465.78,5,BAC|HSBC
CU-1136,69169839,corriente,128329.02,2012-01-30,EUR,false,57552.8,2,Citibank|BAC
CU-1137,34970733,corriente,393604.76,2013-02-16,EUR,true,98396.6,5,BAC|G&T Continental|Banistmo
CU-1138,76135332,credito,428913.76,2006-02-21,GTQ,true,29130.67,5,Davivienda
CU-1139,13251740,corriente,114704.21,2023-10-05,GTQ,true,55550.06,1,Industrial
CU-1140,69687613,corriente,346554.47,2012-02-06,GTQ,true,39470.75,3,Davivienda|BAC|Industrial
CU-1141,36458389,credito,314885.16,2006-04-22,USD,true,80801.19,3,BAC
CU-1142,25142946,ahorro,494213.98,2006-10-18,GTQ,true,4901.04,5,HSBC|Davivienda|G&T Continental
CU-1143,26978567,credito,408461.94,2009-02-16,GTQ,true,42285.96,3,Banistmo|BAC|HSBC
CU-1144,32331898,credito,249132.05,2003-11-06,USD,true,85182.13,5,HSBC|Davivienda|G&T Continental
CU-1145,68366716,corriente,11525.43,2016-08-13,MXN,true,71519.23,0,Industrial
CU-1146,29538254,monetaria,310626.63,2004-03-13,MXN,true,37420.04,5,Banrural
CU-1147,24533256,monetaria,145532.64,2004-12-02,GTQ,true,53059.63,5,BAC|HSBC|Davivienda
CU-1148,39089965,ahorro,142563.55,2003-01-21,GTQ,false,24199.03,2,Banistmo|HSBC
CU-1149,55624694,ahorro,343395.34,2014-10-23,GTQ,true,10302.78,4,Industrial|Davivienda|G&T Continental
CU-1150,71482655,monetaria,175807.94,2002-03-29,GTQ,true,1202.23,3,Citibank|Industrial|G&T Continental
CU-1151,70046150,ahorro,243272.66,2020-03-21,GTQ,false,96206.66,4,G&T Continental
CU-1152,72087735,ahorro,202101.62,2023-08-24,USD,true,20420.59,5,Banistmo
CU-1153,22537120,ahorro,182589.73,2017-06-17,GTQ,true,97776.6,0,Davivienda
CU-1154,61724842,credito,177802.05,2023-05-21,GTQ,true,41382.32,3,Citibank
CU-1155,13769354,monetaria,484808.11,2009-04-20,GTQ,true,64362.38,0,Citibank|Industrial|G&T Continental
CU-1156,69019781,corriente,272488.88,2011-01-28,GTQ,true,24746.51,5,G&T Continental|Davivienda|Banrural
CU-1157,62062562,credito,329558.81,2004-03-24,GTQ,true,48197.78,4,Banrural
CU-1158,54325522,monetaria,464479.79,2019-03-10,GTQ,true,20801.75,1,G&T Continental
CU-1159,79180976,monetaria,101856.53,2020-09-21,GTQ,true,42999.75,4,Industrial|G&T Continental|Banistmo
CU-1160,19345898,monetaria,405408.57,2002-09-30,GTQ,true,51785.9,2,Banrural|Davivienda
CU-1161,10592997,credito,409001.31,2000-05-05,GTQ,true,47190.14,5,Davivienda
CU-1162,40032596,corriente,475040.59,2021-04-24,GTQ,true,95012.64,0,HSBC
CU-1163,28818473,monetaria,63699.97,2021-07-25,USD,true,19841.95,4,BAC
CU-1164,69402803,ahorro,72786.64,2002-02-26,USD,true,27865.81,1,HSBC|Industrial
CU-1165,39072409,ahorro,174073.78,2021-09-07,USD,true,44703.53,3,Banistmo
CU-1166,26147671,credito,53722.38,2016-05-12,USD,true,77188.07,3,Banistmo|G&T Continental
CU-1167,15461577,credito,261769.6,2010-07-09,GTQ,true,1607.78,4,Citibank|Banrural|Banistmo
CU-1168,47788857,corriente,493199.98,2017-01-14,USD,true,78033.13,4,G&T Continental
CU-1169,27070364,ahorro,289517.43,2011-08-04,GTQ,true,1328.52,0,HSBC|Industrial
CU-1170,42648014,credito,24559.46,2005-02-11,GTQ,true,58674.38,0,BAC|Citibank
CU-1171,22909427,ahorro,34156.02,2006-10-16,GTQ,false,3269.67,3,Industrial|Citibank
CU-1172,45118629,credito,454822.4,2020-06-10,EUR,true,20330.81,2,Industrial|G&T Continental
CU-1173,76034666,ahorro,299861.56,2004-11-01,GTQ,true,57013.44,2,Industrial|Citibank
CU-1174,77827904,credito,492468.07,2017-05-17,EUR,true,24006.51,1,Industrial
CU-1175,22296926,credito,346182.97,2018-04-15,GTQ,true,51844.77,2,Citibank|G&T Continental
CU-1176,89489729,corriente,494244.89,2022-05-05,USD,true,3939.77,0,G&T Continental|BAC|HSBC
CU-1177,62495636,ahorro,42723.53,2016-11-28,USD,true,58922.83,4,HSBC|Banrural
CU-1178,29225466,credito,438644.52,2017-12-21,MXN,true,5702.01,5,Industrial|Banrural|G&T Continental
CU-1179,66479971,corriente,190385.41,2009-01-02,USD,true,5821.24,5,BAC
CU-1180,80641925,corriente,32516.23,2019-11-21,GTQ,true,80954.23,2,BAC|Banrural|HSBC
CU-1181,96395574,corriente,167629.12,2012-07-01,GTQ,true,94332.51,1,BAC|HSBC|Citibank
CU-1182,40885530,ahorro,461692.95,2009-11-23,USD,true,8852.05,3,G&T Continental|HSBC
CU-1183,96261359,ahorro,255678.39,2003-09-11,GTQ,true,63518.94,4,Citibank
CU-1184,86783086,monetaria,389794.8,2011-07-03,USD,true,87181.49,5,Banrural
CU-1185,21848331,ahorro,489728.82,2009-07-06,USD,true,836.7,4,Davivienda|Banrural
CU-1186,91156129,credito,309176.3,2013-01-06,MXN,true,58452.95,0,HSBC|Banrural|Citibank
CU-1187,66665481,corriente,236922.6,2018-04-23,USD,true,2878.16,5,Banistmo
CU-1188,75205893,credito,239207.57,2004-05-29,GTQ,true,86973.3,1,Industrial|Davivienda|Banrural
CU-1189,68041409,monetaria,11799.68,2017-10-14,EUR,true,16146.5,3,G&T Continental
CU-1190,34706188,credito,215843.83,2019-11-29,GTQ,true,1119.31,5,Industrial|Davivienda|Citibank
CU-1191,63295450,ahorro,474775.98,2014-07-28,GTQ,true,64082.38,5,BAC|Industrial|G&T Continental
CU-1192,87950994,corriente,404115.96,2004-10-05,GTQ,true,47662.12,3,Banistmo
CU-1193,53314217,credito,189781.05,2001-02-12,GTQ,true,55704.37,5,BAC|G&T Continental|Davivienda
CU-1194,19722710,monetaria,61961.63,2019-10-10,GTQ,true,38753.16,3,Industrial|HSBC|BAC
CU-1195,28666346,monetaria,433634.98,2015-09-28,USD,true,44140.12,5,HSBC
CU-1196,80542438,credito,19208.59,2016-03-12,USD,false,60346.91,2,G&T Continental|HSBC
CU-1197,70022936,credito,174465.18,2020-10-08,MXN,true,64256.04,1,Industrial|BAC|Banistmo
CU-1198,23646635,corriente,169617.65,2000-08-04,GTQ,true,83561.32,0,HSBC|Banrural
CU-1199,86721626,ahorro,200450.84,2015-06-17,GTQ,true,22706.19,1,Industrial|Banistmo
CU-1200,25980798,ahorro,191913.11,2001-11-16,GTQ,true,63893.87,0,HSBC
CU-1201,33187599,credito,325429.74,2018-12-30,GTQ,true,57421.77,2,Davivienda
CU-1202,95235819,monetaria,497068.23,2014-08-26,GTQ,true,9202.17,5,HSBC|Industrial
CU-1203,99032699,monetaria,450596.37,2022-04-02,GTQ,true,54275.02,3,Citibank
CU-1204,96696765,monetaria,126202.59,2016-09-18,GTQ,true,6558.35,3,Banistmo|HSBC|Davivienda
CU-1205,98940721,credito,176644.88,2023-01-23,GTQ,true,26766.8,1,Industrial|Citibank
CU-1206,57402173,credito,314805.52,2018-09-06,USD,true,97863.74,2,Citibank|Banrural|Banistmo
CU-1207,13932382,credito,236117.51,2023-07-12,GTQ,true,90109.21,2,G&T Continental
CU-1208,97301166,credito,385612.49,2009-10-18,USD,true,30076.6,5,Citibank|Banistmo
CU-1209,81883251,ahorro,177693.55,2013-09-15,GTQ,false,99452.61,0,G&T Continental|HSBC|Davivienda
CU-1210,63806952,credito,82175.08,2000-05-14,GTQ,true,17221.53,4,BAC
CU-1211,72738810,credito,113251.9,2021-12-24,MXN,true,59029.05,2,Citibank|Davivienda|Banistmo
CU-1212,10642524,corriente,280895.18,2001-04-13,GTQ,true,55909.46,2,Citibank
CU-1213,15160879,corriente,344408.39,2000-03-20,GTQ,true,65793.36,4,HSBC
CU-1214,38147836,monetaria,113101.41,2002-11-26,GTQ,true,26482.33,5,Industrial|Banistmo|Banrural
CU-1215,75964097,monetaria,93639.4,2004-07-05,GTQ,true,35259.28,0,G&T Continental|Industrial
CU-1216,58045883,corriente,442402.1,2011-11-07,GTQ,true,67564.4,1,Citibank|BAC|Davivienda
CU-1217,16860211,monetaria,247703.05,2023-09-16,GTQ,true,35009.73,2,Banrural|G&T Continental
CU-1218,94814966,credito,488387.97,2003-08-17,GTQ,true,7839.25,5,Citibank|Banistmo
CU-1219,57980037,monetaria,377777.34,2009-11-12,USD,true,92380.63,3,Davivienda
CU-1220,35028516,ahorro,207574.43,2008-12-17,GTQ,true,9546.83,1,Citibank
CU-1221,73837669,monetaria,481643.01,2007-06-25,USD,true,10150.36,3,HSBC
CU-1222,80560818,ahorro,255337.58,2019-10-30,GTQ,false,62143.63,0,Industrial|BAC
CU-1223,91001384,credito,119869.72,2010-07-15,MXN,true,94982.04,3,Davivienda|BAC|G&T Continental
CU-1224,55041703,ahorro,355994.6,2006-05-29,MXN,true,67717.96,5,Davivienda|Banrural
CU-1225,23416165,corriente,476110.27,2009-08-28,GTQ,true,77539.92,4,BAC|G&T Continental|HSBC
CU-1226,56191876,ahorro,328614.13,2006-10-30,GTQ,true,81591.02,3,Citibank|BAC
CU-1227,29428383,corriente,392609.37,2010-08-27,GTQ,true,47138.07,2,Banistmo|Industrial
CU-1228,34804155,ahorro,54654.66,2014-11-09,GTQ,false,28523.76,2,Banrural
CU-1229,79972705,corriente,323271.82,2011-02-27,GTQ,true,22502.39,0,G&T Continental
CU-1230,99183981,credito,241563.89,2004-10-22,GTQ,true,68331.99,0,Davivienda|HSBC|Banrural
CU-1231,62321674,monetaria,404353.38,2020-04-09,GTQ,true,11154.27,3,Banrural
CU-1232,17190740,credito,113908.3,2006-12-24,GTQ,true,24618.56,4,Citibank
CU-1233,69411958,corriente,339538.4,2019-07-09,USD,true,2690.5,1,Davivienda|Industrial|BAC
CU-1234,69333754,monetaria,172801.68,2003-08-19,GTQ,true,25429.55,2,BAC
CU-1235,33834602,ahorro,65031.54,2016-12-03,USD,true,56046.13,4,BAC|Banrural|Citibank
CU-1236,51564356,monetaria,440189.13,2007-08-18,GTQ,true,45258.91,3,Industrial
CU-1237,97050130,ahorro,135736.41,2009-03-24,GTQ,true,45923.82,2,Banrural|HSBC
CU-1238,29622048,corriente,394298.24,2022-08-26,GTQ,false,24358.69,4,G&T Continental|Industrial|Banrural
CU-1239,19619513,ahorro,435609.45,2014-01-24,GTQ,true,37529.7,0,HSBC|Banrural|Banistmo
CU-1240,10392185,ahorro,117128.22,2007-08-01,GTQ,true,3152.63,4,Industrial|Citibank|Banistmo
CU-1241,20307567,credito,261247.42,2018-06-10,GTQ,true,23755.9,4,Banrural|Citibank|Banistmo
CU-1242,74274737,corriente,369008.82,2000-07-25,GTQ,true,70643.08,5,Banistmo|Industrial
CU-1243,34721194,ahorro,20892.24,2015-11-11,GTQ,true,71727.14,0,BAC|Industrial
CU-1244,25319598,credito,120342.82,2016-05-19,EUR,false,65421.07,4,Citibank|BAC|Banrural
CU-1245,39083852,credito,2713.09,2016-08-27,GTQ,true,78108.07,0,HSBC|Banistmo|Citibank
CU-1246,50793088,monetaria,129400.63,2016-04-19,GTQ,true,61683.53,2,Banistmo|Davivienda
CU-1247,25419427,corriente,226486.52,2022-05-12,GTQ,true,73436.15,0,Banistmo|Davivienda|Banrural
CU-1248,67130722,corriente,292119.48,2017-12-23,GTQ,true,76491.24,3,Industrial|BAC
CU-1249,59963258,monetaria,246956.65,2020-07-30,GTQ,true,85207.25,3,HSBC|Banistmo|BAC
CU-1250,32263132,corriente,108316.41,2012-12-12,USD,true,30192.59,3,G&T Continental|Industrial
CU-1251,66943605,corriente,363624.38,2000-01-14,GTQ,true,7161.84,3,Banrural|Citibank
CU-1252,50022422,corriente,312917.84,2004-08-02,GTQ,true,22676.42,4,Banistmo|Banrural
CU-1253,65788698,monetaria,239338.5,2011-03-24,GTQ,true,97695.74,3,Davivienda|BAC|Banrural
CU-1254,60654368,corriente,996.45,2012-06-25,GTQ,true,60335.14,5,Banistmo
CU-1255,40469192,ahorro,382636.67,2008-02-15,USD,true,95494.68,4,G&T Continental
CU-1256,74767335,ahorro,191342.54,2010-01-02,GTQ,false,26422.24,3,G&T Continental|HSBC|BAC
CU-1257,20999949,credito,84754.6,2023-01-14,GTQ,true,51859.39,0,Banrural
CU-1258,69908086,credito,325827.81,2021-07-20,GTQ,true,61282.2,5,HSBC|Banistmo|Davivienda
CU-1259,74030487,monetaria,290608.46,2020-02-18,USD,false,16122.99,1,Davivienda
CU-1260,26675052,ahorro,139219.25,2018-05-10,USD,true,35594.61,5,Banrural
CU-1261,11263412,credito,38023.23,2009-06-23,USD,true,95756.88,5,Banistmo|Davivienda
CU-1262,42648997,ahorro,496573.29,2008-12-22,USD,true,46099.84,2,Davivienda|Banistmo
CU-1263,33891892,credito,51229.55,2013-09-07,USD,true,91385.6,4,Banrural
CU-1264,87035437,corriente,262540.64,2002-05-27,GTQ,true,16668.97,0,Industrial
CU-1265,96302259,ahorro,249545.34,2019-02-09,MXN,true,79534.46,5,Banrural
CU-1266,62213041,corriente,401139.1,2008-09-21,GTQ,true,83757.86,0,Citibank|G&T Continental
CU-1267,87630956,ahorro,377033.64,2002-01-13,GTQ,true,5628.23,3,G&T Continental|HSBC|Davivienda
CU-1268,49708789,monetaria,257702.21,2014-12-07,GTQ,true,42109.8,1,Banrural|Davivienda|Industrial
CU-1269,47373148,corriente,301680.2,2006-11-30,GTQ,true,96107.41,2,Davivienda
CU-1270,46551388,ahorro,416730.24,2008-04-06,GTQ,true,6676.89,5,Davivienda|Banistmo
CU-1271,66501883,corriente,452254.12,2004-10-07,USD,true,70666.84,3,Banrural
CU-1272,82746008,credito,116252.12,2011-09-18,GTQ,true,20790.92,4,Citibank|Banrural
CU-1273,22591773,monetaria,194500.7,2002-05-13,USD,false,77181.25,3,Banistmo|HSBC|Citibank
CU-1274,55321958,ahorro,325131.4,2019-03-24,USD,true,88192.93,4,Davivienda|Banrural|Citibank
CU-1275,47254157,ahorro,280982.88,2007-11-20,USD,true,63605.12,1,Banrural|Industrial
CU-1276,63748842,ahorro,32804.55,2009-04-01,GTQ,true,19210.95,3,BAC|Industrial
CU-1277,28265078,ahorro,239150.31,2010-02-25,USD,true,70634.72,1,G&T Continental|Citibank
CU-1278,33038587,corriente,367355.13,2012-02-16,GTQ,true,87955.9,5,BAC
CU-1279,65270148,corriente,92006.16,2010-07-12,GTQ,true,1441.6,4,HSBC
CU-1280,48948545,monetaria,83682.04,2012-02-22,GTQ,true,3081.73,5,Industrial|Banistmo
CU-1281,59372757,ahorro,348702.18,2013-10-19,GTQ,true,89444.56,0,Banistmo
CU-1282,98230709,ahorro,489927.3,2018-09-07,MXN,false,80270.66,2,HSBC
CU-1283,76436808,monetaria,95798.96,2002-11-30,EUR,true,31991.9,5,HSBC
CU-1284,53592298,ahorro,342030.79,2002-07-03,GTQ,true,38554.35,0,Banrural|BAC|Citibank
CU-1285,36794422,monetaria,191357.09,2011-12-26,GTQ,true,99007.66,0,G&T Continental|Banrural|Industrial
CU-1286,61302183,credito,216107.51,2018-12-29,GTQ,true,56984.74,1,Banistmo
CU-1287,22518558,monetaria,45979.01,2002-12-07,USD,true,75449.47,4,BAC|Banistmo|HSBC
CU-1288,40936556,monetaria,62971.69,2006-09-03,GTQ,true,67334.75,4,Industrial|G&T Continental|Davivienda
CU-1289,35677925,corriente,402879.69,2023-03-17,GTQ,true,23813.0,1,Citibank|BAC
CU-1290,80707260,credito,217808.09,2011-05-31,USD,true,77604.61,2,G&T Continental|Davivienda
CU-1291,43432208,corriente,191551.38,2005-12-28,GTQ,true,44976.68,1,BAC|HSBC
CU-1292,56626718,corriente,487027.65,2023-06-18,USD,true,60877.86,3,BAC|Banrural|HSBC
CU-1293,67300232,credito,141331.3,2009-05-25,GTQ,true,86188.71,3,BAC|G&T Continental
CU-1294,71459213,ahorro,401185.16,2023-06-18,GTQ,false,59191.79,4,HSBC|Banrural
CU-1295,83884008,credito,105739.4,2012-04-28,MXN,true,61052.06,3,Banistmo|HSBC|Industrial
CU-1296,67673288,credito,294315.95,2011-08-01,GTQ,true,10649.17,5,BAC|Banistmo|Industrial
CU-1297,88415642,ahorro,42044.27,2011-09-13,USD,true,8079.36,1,HSBC|Banistmo|Citibank
CU-1298,70133687,ahorro,168029.53,2021-07-20,USD,true,72789.56,0,Citibank|BAC|HSBC
CU-1299,77804539,credito,471813.24,2004-04-20,GTQ,true,26075.94,5,G&T Continental|Banrural|Davivienda
CU-1300,37848456,monetaria,305153.48,2019-07-06,GTQ,true,88294.34,2,BAC|Citibank
CU-1301,54979545,credito,203968.51,2010-04-15,GTQ,true,13571.44,5,HSBC|Banrural|Davivienda
CU-1302,68335522,ahorro,235550.25,2007-07-12,EUR,true,12437.16,0,Citibank
CU-1303,17475528,corriente,269228.1,2022-01-01,GTQ,true,37639.21,2,Banrural|Citibank|Industrial
CU-1304,43469627,monetaria,286271.6,2018-04-07,EUR,true,67117.32,1,Citibank|Banrural
CU-1305,12542799,ahorro,10378.7,2003-07-25,EUR,true,54927.15,3,Citibank|BAC|HSBC
CU-1306,97043169,corriente,267.66,2013-03-09,USD,true,36887.35,5,Davivienda|G&T Continental
CU-1307,80354364,credito,379372.84,2002-03-10,EUR,true,41495.39,0,Banistmo
CU-1308,38941630,monetaria,151674.32,2012-08-13,GTQ,true,40296.63,4,Industrial|Banrural
CU-1309,24086365,ahorro,336969.75,2006-10-02,GTQ,true,67962.75,0,BAC|Industrial
CU-1310,39506538,ahorro,442897.36,2013-07-10,GTQ,true,46155.08,3,Banistmo
CU-1311,28240842,credito,122124.0,2017-08-08,GTQ,true,4114.02,4,Davivienda|Banistmo|Industrial
CU-1312,45563149,credito,483077.33,2016-10-16,USD,true,65006.32,2,Citibank|Banrural|HSBC
CU-1313,57532080,corriente,222785.63,2020-08-14,USD,true,86921.29,1,Banistmo|Industrial
CU-1314,66356892,credito,140336.97,2011-11-23,EUR,false,86657.64,3,Citibank|BAC
CU-1315,51355888,credito,175041.5,2013-05-15,GTQ,true,47118.45,1,Industrial|BAC|HSBC
CU-1316,88968417,ahorro,394277.56,2002-02-01,GTQ,true,3349.71,3,Banistmo|G&T Continental
CU-1317,77946468,corriente,120705.16,2013-01-11,USD,true,52533.37,2,Banistmo|G&T Continental|Banrural
CU-1318,55896619,corriente,456850.94,2005-11-02,MXN,true,3189.17,5,BAC|Banistmo|Davivienda
CU-1319,44927264,credito,13966.03,2003-07-13,GTQ,true,81493.28,4,Citibank|Banistmo|Industrial
CU-1320,20441687,ahorro,299803.52,2022-07-06,GTQ,true,83354.81,0,Banrural
CU-1321,52719028,corriente,374312.32,2020-02-02,USD,true,42638.52,2,HSBC|Industrial|Banistmo
CU-1322,67049274,ahorro,255118.72,2018-04-26,GTQ,true,28066.41,3,Banistmo|Industrial|Citibank
CU-1323,97362118,credito,273553.83,2006-08-09,USD,false,37286.39,1,Banistmo|G&T Continental
CU-1324,90584175,monetaria,7896.32,2003-01-15,GTQ,true,23267.05,1,G&T Continental
CU-1325,87074737,corriente,247937.99,2012-10-26,EUR,true,83817.59,5,Banistmo
CU-1326,33452558,corriente,33076.21,2002-06-16,GTQ,true,8823.94,3,BAC|G&T Continental
CU-1327,75035667,monetaria,225259.15,2010-12-05,GTQ,true,9028.87,3,Citibank|Banrural|G&T Continental
CU-1328,71096872,monetaria,432304.37,2005-10-01,GTQ,true,26245.56,0,G&T Continental
CU-1329,40323831,credito,322392.42,2016-01-11,MXN,true,74771.88,5,Banistmo|G&T Continental
CU-1330,76692866,credito,150874.39,2009-02-20,GTQ,true,36646.89,4,Industrial|BAC|Banrural
CU-1331,57693128,monetaria,97395.49,2018-10-08,USD,true,7853.48,1,Citibank|Davivienda|Banrural
CU-1332,25962162,credito,274963.86,2014-09-15,GTQ,true,61987.67,4,HSBC|Citibank|Banistmo
CU-1333,20197356,corriente,485548.36,2016-10-28,GTQ,true,83950.32,0,Davivienda|G&T Continental
CU-1334,93326883,corriente,107173.66,2009-03-21,MXN,true,22033.92,4,Banrural|HSBC|Citibank
CU-1335,15509949,ahorro,496372.64,2023-11-26,GTQ,true,38517.95,2,G&T Continental
CU-1336,51843281,corriente,50949.57,2016-08-05,GTQ,true,24216.27,0,Banrural|Davivienda|BAC
CU-1337,79123528,monetaria,76946.19,2008-08-31,GTQ,true,29572.29,3,Industrial
CU-1338,43481764,ahorro,165836.25,2015-12-26,GTQ,true,95226.99,2,BAC
CU-1339,35475774,ahorro,404137.91,2013-04-25,GTQ,true,8795.09,5,BAC
CU-1340,92763872,credito,179961.56,2013-08-05,USD,true,45661.85,5,Banistmo|Banrural|Citibank
CU-1341,50993688,monetaria,493970.64,2013-08-13,GTQ,true,97375.35,4,Banrural|Davivienda|Industrial
CU-1342,92392854,monetaria,170292.22,2002-06-21,GTQ,true,93493.56,5,BAC
CU-1343,66284339,ahorro,458817.88,2017-02-25,MXN,true,61585.95,0,G&T Continental
CU-1344,31479842,monetaria,66565.81,2005-07-16,GTQ,true,82422.68,1,Banrural
CU-1345,94935617,credito,177597.74,2018-01-14,GTQ,true,83565.81,4,G&T Continental|BAC
CU-1346,81011665,corriente,315529.31,2022-04-10,GTQ,true,8635.03,0,Citibank
CU-1347,86330033,corriente,69145.73,2015-10-11,GTQ,true,55126.82,3,Industrial
CU-1348,31193066,corriente,14768.02,2020-10-12,MXN,true,33960.03,3,G&T Continental|Davivienda|Banrural
CU-1349,84692313,credito,469607.44,2006-06-29,USD,true,33467.71,5,Citibank
CU-1350,78681848,ahorro,353101.77,2006-08-12,MXN,true,39943.37,3,HSBC
CU-1351,84144299,ahorro,86338.01,2008-02-28,GTQ,true,35861.22,2,HSBC|Industrial
CU-1352,63571581,monetaria,20349.85,2001-01-16,GTQ,true,50267.65,5,Citibank|Industrial|Banistmo
CU-1353,44840947,corriente,17156.22,2017-06-12,GTQ,true,43141.52,1,Davivienda
CU-1354,81248558,credito,363866.62,2017-01-31,GTQ,true,91132.26,4,Industrial|BAC|Banrural
CU-1355,62258051,ahorro,208053.58,2005-09-27,EUR,true,59157.82,0,Industrial
CU-1356,84626744,credito,4065.32,2012-07-14,GTQ,true,66540.91,3,BAC
CU-1357,38765416,ahorro,103260.91,2005-06-09,USD,true,85683.79,4,Citibank|Davivienda|Banrural
CU-1358,85177965,corriente,475344.58,2012-12-31,GTQ,true,75348.56,2,BAC|G&T Continental
CU-1359,41320839,monetaria,219970.13,2010-09-26,GTQ,true,95731.28,3,Industrial|Citibank
CU-1360,17555847,monetaria,364220.78,2005-08-27,USD,true,782.65,4,Banistmo|Davivienda
CU-1361,94126261,credito,417273.93,2014-11-18,GTQ,true,59300.12,1,G&T Continental|Banistmo
CU-1362,31320523,corriente,358310.52,2000-01-27,USD,true,21833.38,1,Industrial|BAC
CU-1363,68624906,monetaria,213260.5,2013-05-14,USD,true,48495.85,3,Davivienda|HSBC|BAC
CU-1364,91981777,credito,138910.21,2009-10-24,GTQ,true,28072.64,2,Davivienda|G&T Continental|Banrural
CU-1365,20650098,corriente,178385.81,2008-12-31,GTQ,true,89722.31,5,Citibank|HSBC|Davivienda
CU-1366,31292396,credito,136906.26,2020-07-07,MXN,true,68583.12,5,HSBC|Davivienda|Industrial
CU-1367,31003771,credito,221603.28,2005-05-25,USD,true,78990.89,4,Banistmo|G&T Continental
CU-1368,54915315,corriente,133744.52,2018-03-23,GTQ,true,76750.31,5,HSBC|BAC
CU-1369,92057677,credito,220020.16,2019-02-22,GTQ,true,91351.5,0,Industrial|G&T Continental|Citibank
CU-1370,77688256,corriente,30043.29,2004-12-11,GTQ,true,3763.91,5,Davivienda|Citibank
CU-1371,95805582,corriente,85862.25,2012-08-05,GTQ,true,75932.45,5,HSBC
CU-1372,98961994,corriente,239538.48,2018-05-26,GTQ,true,51990.0,2,BAC|Davivienda
CU-1373,95062950,ahorro,136934.45,2009-02-24,GTQ,true,500.81,2,Davivienda
CU-1374,42482142,monetaria,397177.54,2023-08-22,GTQ,true,48597.04,2,HSBC|G&T Continental
CU-1375,65945823,ahorro,172197.68,2006-12-02,EUR,false,89053.09,3,Banistmo|Citibank
CU-1376,28493340,credito,67584.53,2014-12-04,USD,true,69676.39,2,Banrural|BAC|HSBC
CU-1377,30556385,monetaria,204088.4,2006-11-20,USD,true,4257.37,0,Citibank|Davivienda
CU-1378,97108374,corriente,278319.94,2000-11-17,USD,true,87475.19,4,Banrural
CU-1379,31302349,credito,90787.7,2011-08-27,GTQ,true,39766.5,5,HSBC|G&T Continental|Citibank
CU-1380,63072911,ahorro,222628.42,2001-01-01,USD,true,8218.61,4,Banrural|HSBC|Banistmo
CU-1381,18680409,credito,241378.88,2016-08-11,GTQ,true,68799.24,2,HSBC
CU-1382,91069563,corriente,169196.13,2004-07-01,GTQ,true,54149.77,4,Industrial|HSBC|Citibank
CU-1383,55143341,credito,135692.71,2019-12-16,GTQ,true,31923.93,0,BAC|G&T Continental
CU-1384,53774258,monetaria,362504.74,2011-10-24,USD,true,63864.7,2,Banistmo
CU-1385,82080753,credito,328449.98,2004-07-26,GTQ,true,56367.73,1,BAC|Banistmo|HSBC
CU-1386,45652454,ahorro,243181.88,2010-10-23,GTQ,true,21050.91,4,Davivienda|BAC
CU-1387,16838823,ahorro,54449.81,2014-12-09,USD,true,85880.83,2,HSBC|Banrural|Citibank
CU-1388,19631001,monetaria,346964.31,2021-09-12,GTQ,true,36528.24,4,Banistmo|G&T Continental
CU-1389,23940174,corriente,170975.7,2021-11-18,GTQ,true,32879.9,5,Davivienda|Banrural
CU-1390,93157881,monetaria,75400.15,2006-06-26,GTQ,true,34951.81,0,Citibank|Industrial|Davivienda
CU-1391,90235982,monetaria,416348.62,2016-03-30,MXN,true,40878.42,0,HSBC
CU-1392,94298106,ahorro,388235.67,2018-06-01,GTQ,true,73606.2,5,Davivienda|BAC
CU-1393,50343569,ahorro,232239.52,2011-04-15,GTQ,true,97580.34,5,Banrural|G&T Continental|Citibank
CU-1394,76129080,credito,360042.31,2011-01-06,MXN,true,34929.95,2,Citibank|BAC|HSBC
CU-1395,39091974,credito,469384.45,2016-09-21,USD,true,12266.12,0,Banistmo
CU-1396,23525516,ahorro,38455.46,2015-08-10,USD,false,84638.38,0,BAC|Industrial
CU-1397,71741754,monetaria,287099.34,2021-12-05,GTQ,true,17809.8,4,Citibank|Davivienda
CU-1398,23135458,credito,451884.63,2007-01-01,GTQ,true,57830.09,1,Banistmo|Industrial|Davivienda
CU-1399,43552643,monetaria,499106.29,2019-03-21,GTQ,true,87919.15,2,Banistmo|BAC|Industrial
CU-1400,17756834,credito,63607.61,2023-12-14,GTQ,true,8537.47,1,Citibank
CU-1401,24290225,corriente,305851.92,2003-05-04,GTQ,false,46809.55,2,Davivienda
CU-1402,95262200,monetaria,487778.13,2010-03-03,GTQ,true,92288.41,2,Banistmo|Industrial
CU-1403,18396069,monetaria,259840.11,2001-01-01,GTQ,true,97339.22,5,BAC
CU-1404,71240454,corriente,402198.65,2019-08-08,USD,true,15336.76,0,G&T Continental|Banistmo|Davivienda
CU-1405,34357127,credito,118260.93,2021-02-13,USD,true,70754.2,0,Banistmo
CU-1406,67601447,ahorro,43774.56,2005-08-30,USD,true,79676.39,1,HSBC
CU-1407,94103913,corriente,160796.8,2007-02-19,USD,true,10820.54,3,G&T Continental|Banistmo|Davivienda
CU-1408,93040008,monetaria,196854.38,2014-04-14,GTQ,true,62911.55,3,Industrial|Banrural
CU-1409,60302748,monetaria,139722.1,2003-06-05,GTQ,true,77246.54,4,Citibank|BAC|Banrural
CU-1410,61277416,credito,93383.91,2000-10-26,USD,true,20607.75,5,Banrural|Citibank|HSBC
CU-1411,39043074,credito,418669.42,2019-03-28,GTQ,true,53705.78,2,Banrural|G&T Continental
CU-1412,61271419,corriente,82489.16,2003-05-05,GTQ,true,19832.63,2,BAC|Davivienda
CU-1413,24937373,corriente,221179.4,2009-04-15,MXN,false,161.94,3,HSBC|Industrial
CU-1414,74814358,ahorro,366023.44,2000-06-22,MXN,true,48316.85,0,Industrial|Banistmo|Davivienda
CU-1415,60629134,corriente,370101.53,2016-09-27,GTQ,true,48278.03,0,Banistmo|Banrural|BAC
CU-1416,76972989,corriente,20419.22,2023-06-26,USD,true,4932.57,2,Banistmo
CU-1417,87081624,corriente,21880.41,2007-04-05,GTQ,true,32850.65,3,Banistmo|Industrial
CU-1418,50065416,ahorro,294205.58,2003-09-27,GTQ,true,90620.74,1,BAC|Industrial|G&T Continental
CU-1419,86387049,ahorro,482610.69,2021-10-28,USD,true,13068.84,5,Davivienda
CU-1420,17124317,ahorro,275931.84,2016-10-06,GTQ,true,39710.6,4,Banistmo
CU-1421,72350425,ahorro,230916.95,2007-11-09,GTQ,true,24660.29,4,Banistmo
CU-1422,28595489,monetaria,476276.58,2018-01-04,USD,true,11308.16,4,BAC|HSBC|Citibank
CU-1423,78456955,credito,183102.62,2012-05-24,GTQ,true,84304.24,4,Industrial
CU-1424,59399803,corriente,377880.67,2013-05-15,GTQ,true,63877.83,0,Citibank|Industrial
CU-1425,42120058,monetaria,425567.16,2021-07-13,GTQ,true,37738.18,1,Citibank|BAC|Banistmo
CU-1426,31867339,ahorro,151781.22,2003-12-19,GTQ,true,18939.83,4,Citibank|HSBC
CU-1427,95199533,credito,282913.82,2000-07-14,MXN,true,75836.69,4,Banrural|Industrial
CU-1428,76161853,ahorro,428438.66,2001-03-15,GTQ,true,50031.7,0,HSBC|BAC|Banrural
CU-1429,44044219,credito,1908.76,2004-03-07,MXN,true,80915.14,5,Citibank|Banrural|Banistmo
CU-1430,70158806,credito,279087.09,2005-03-04,USD,true,83272.83,3,Banistmo|Davivienda
CU-1431,18139099,ahorro,193580.75,2010-01-25,GTQ,true,65605.51,5,Davivienda|Citibank|Banistmo
CU-1432,99697229,corriente,421300.65,2021-03-11,USD,false,22579.83,2,Banistmo|Citibank|Davivienda
CU-1433,70557530,monetaria,456160.65,2022-06-03,EUR,true,86828.11,0,HSBC
CU-1434,82859442,monetaria,448400.97,2001-12-08,GTQ,true,98321.9,5,Banrural
CU-1435,82665652,ahorro,495409.0,2017-05-11,GTQ,true,28951.01,3,Davivienda
CU-1436,89772506,monetaria,408723.04,2013-05-29,USD,true,11736.7,0,Davivienda
CU-1437,87326905,credito,195798.45,2020-03-01,GTQ,true,35109.33,2,G&T Continental|HSBC
CU-1438,85869843,credito,75426.19,2017-05-18,USD,true,50690.99,2,BAC|Banistmo|Banrural
CU-1439,87842257,ahorro,304231.96,2011-07-26,MXN,true,85827.15,5,BAC|Banistmo
CU-1440,68233482,credito,361644.23,2008-02-29,MXN,true,71782.87,3,Industrial
CU-1441,79713086,corriente,465709.75,2021-05-14,GTQ,true,44285.93,3,Davivienda|HSBC
CU-1442,60275978,credito,19960.54,2009-03-14,GTQ,true,40626.79,3,Davivienda
CU-1443,72872396,corriente,439610.54,2019-12-02,GTQ,true,5517.41,3,Citibank
CU-1444,26535987,corriente,276726.27,2018-10-25,GTQ,true,3248.2,4,G&T Continental|Davivienda|Banrural
CU-1445,32006802,corriente,95892.48,2010-11-06,GTQ,true,61678.26,1,HSBC|Industrial
CU-1446,13027638,credito,407104.87,2001-03-27,USD,true,37784.59,2,Industrial|Citibank|BAC
CU-1447,63529606,monetaria,327010.09,2008-07-21,GTQ,true,39178.78,1,HSBC|BAC|Banrural
CU-1448,77893811,monetaria,120841.27,2002-03-06,GTQ,true,94020.58,2,Citibank|G&T Continental|HSBC
CU-1449,74273710,monetaria,122327.17,2005-03-22,MXN,true,76466.87,4,HSBC
CU-1450,32376590,monetaria,174706.64,2013-12-13,MXN,true,646.14,1,Banistmo|Davivienda
CU-1451,50625464,corriente,182264.34,2001-05-04,GTQ,true,95119.66,4,Davivienda|HSBC|Industrial
CU-1452,13679313,corriente,20542.64,2005-10-31,GTQ,true,7516.07,3,Banrural
CU-1453,93407203,monetaria,279871.42,2018-08-08,MXN,true,77568.59,5,Davivienda
CU-1454,85948482,credito,79319.52,2023-04-19,GTQ,true,69966.78,2,HSBC
CU-1455,86152984,monetaria,398500.38,2007-10-16,GTQ,true,91571.35,4,HSBC|G&T Continental
CU-1456,25415612,credito,3675.16,2008-09-24,USD,true,50655.84,3,BAC
CU-1457,53510890,ahorro,350642.7,2008-01-08,GTQ,true,68477.47,1,G&T Continental
CU-1458,31368924,ahorro,40675.67,2021-12-09,GTQ,true,27159.1,3,Davivienda|HSBC
CU-1459,28453471,ahorro,27304.6,2012-01-26,GTQ,true,46646.75,5,BAC|Banistmo|Davivienda
CU-1460,57715975,corriente,202579.77,2020-01-24,GTQ,true,5080.08,5,BAC|Industrial
CU-1461,81746594,monetaria,145823.5,2008-06-17,GTQ,true,37246.31,3,Industrial
CU-1462,84543280,corriente,198647.17,2000-06-20,GTQ,true,86442.86,2,G&T Continental|Banrural
CU-1463,28063312,credito,242455.99,2012-01-07,USD,true,50016.76,0,Davivienda|BAC|Banistmo
CU-1464,58987133,ahorro,361044.62,2019-05-23,GTQ,true,97543.12,5,BAC
CU-1465,92869403,corriente,174873.98,2005-11-11,GTQ,true,15473.74,5,Citibank|Banrural|Banistmo
CU-1466,40446581,corriente,484750.45,2020-03-08,USD,true,57534.91,1,Citibank|HSBC
CU-1467,31679563,ahorro,171507.34,2016-09-07,MXN,true,7732.53,1,Davivienda|BAC|G&T Continental
CU-1468,90737596,corriente,486784.57,2020-12-06,GTQ,true,30270.39,0,G&T Continental|Davivienda
CU-1469,85334855,credito,413276.29,2018-06-25,GTQ,true,60129.01,4,Industrial|Citibank|BAC
CU-1470,33866225,monetaria,326394.22,2021-01-27,USD,true,92400.43,3,Davivienda|Industrial|Banrural
CU-1471,44612467,monetaria,95230.31,2013-09-17,GTQ,true,85992.79,4,Davivienda|Banrural
CU-1472,91013993,credito,180632.53,2004-12-12,GTQ,true,71100.4,2,BAC
CU-1473,31030803,ahorro,381331.05,2010-02-26,GTQ,true,1876.28,2,HSBC
CU-1474,73203169,credito,480484.88,2001-05-15,USD,true,948.38,0,Citibank|Industrial
CU-1475,40608959,credito,207307.43,2012-12-01,EUR,true,69452.28,5,G&T Continental
CU-1476,59119307,monetaria,296746.63,2001-06-25,GTQ,true,23092.89,4,HSBC
CU-1477,94493959,ahorro,456141.59,2014-11-23,GTQ,true,94422.27,0,G&T Continental|Banistmo
CU-1478,34465088,credito,155024.93,2002-12-14,GTQ,true,32825.88,4,BAC
CU-1479,95112080,ahorro,260612.53,2005-08-24,MXN,true,21742.76,2,HSBC|Industrial|G&T Continental
CU-1480,31955860,corriente,287391.89,2010-11-14,USD,true,64738.07,2,Banistmo|Citibank|Industrial
CU-1481,74598923,credito,398523.81,2003-09-12,MXN,true,59512.85,1,Banistmo
CU-1482,31948056,monetaria,232219.14,2010-08-07,GTQ,false,71970.29,1,BAC|HSBC|Davivienda
CU-1483,95383273,ahorro,215878.14,2020-05-01,GTQ,true,64492.12,2,Davivienda
CU-1484,77543479,credito,124334.48,2014-07-28,GTQ,true,5249.75,2,Industrial
CU-1485,26769289,credito,309431.22,2006-06-10,USD,true,73470.74,3,HSBC|Davivienda
CU-1486,40149844,corriente,152541.4,2010-05-15,USD,true,1922.47,2,G&T Continental
CU-1487,56541288,corriente,256448.77,2009-12-23,GTQ,true,82723.55,4,Industrial
CU-1488,43054244,ahorro,467094.0,2010-06-05,GTQ,true,89814.62,5,BAC
CU-1489,34265023,corriente,211261.85,2004-07-20,USD,true,75815.3,2,Citibank
CU-1490,35619133,credito,78219.91,2010-11-04,GTQ,false,91585.45,3,G&T Continental
CU-1491,43358220,corriente,162990.11,2001-04-09,GTQ,true,94720.99,2,Davivienda|BAC|HSBC
CU-1492,45805685,ahorro,136328.11,2006-10-31,EUR,true,67510.37,2,HSBC|BAC
CU-1493,20562429,corriente,185353.54,2016-09-12,EUR,true,23257.02,0,Banrural|HSBC
CU-1494,22231678,corriente,411058.92,2015-06-27,MXN,true,74292.25,5,HSBC|Davivienda|G&T Continental
CU-1495,19178028,credito,54592.63,2022-04-21,EUR,true,49617.77,0,Banistmo|Davivienda
CU-1496,40952501,corriente,479375.61,2005-11-23,MXN,true,1744.94,3,Banistmo
CU-1497,28002338,ahorro,335511.18,2016-05-10,EUR,true,23744.65,1,BAC
CU-1498,71498755,credito,469743.66,2014-01-09,GTQ,true,31439.23,4,Banistmo|HSBC|G&T Continental
CU-1499,99609744,credito,297621.04,2020-08-29,EUR,true,68583.86,5,BAC|HSBC
CU-1500,15641553,ahorro,54206.8,2003-07-12,MXN,true,41759.78,0,Industrial
