transaccionId,ubicacionId,fecha,distanciaUltimaTransaccion,alertaGeo
TX-00001,UB-0001,2024-10-18,4799.04,false
TX-00002,UB-0002,2024-04-02,1007.81,false
TX-00003,UB-0003,2023-08-17,2021.7,false
TX-00004,UB-0004,2023-06-08,65.12,false
TX-00005,UB-0005,2023-10-25,2294.93,false
TX-00006,UB-0006,2023-11-29,3086.38,false
TX-00007,UB-0007,2024-09-28,1950.85,false
TX-00008,UB-0008,2024-02-11,1999.82,false
TX-00009,UB-0009,2023-03-03,1518.53,false
TX-00010,UB-0010,2024-07-27,2975.47,false
TX-00011,UB-0011,2024-02-29,1664.36,false
TX-00012,UB-0012,2024-07-10,2802.02,false
TX-00013,UB-0013,2023-09-11,2853.16,false
TX-00014,UB-0014,2024-03-20,3565.6,false
TX-00015,UB-0015,2024-02-12,4187.03,false
TX-00016,UB-0016,2024-09-05,410.04,false
TX-00017,UB-0017,2024-01-27,946.92,false
TX-00018,UB-0018,2024-06-03,2701.62,false
TX-00019,UB-0019,2024-01-29,1265.93,false
TX-00020,UB-0020,2024-01-18,1144.3,false
TX-00021,UB-0021,2024-03-16,1872.9,false
TX-00022,UB-0022,2024-04-27,802.5,false
TX-00023,UB-0023,2023-02-02,2705.59,false
TX-00024,UB-0024,2024-04-19,1004.91,false
TX-00025,UB-0025,2023-12-23,4422.41,false
TX-00026,UB-0026,2024-05-31,519.94,false
TX-00027,UB-0027,2023-04-24,2637.84,false
TX-00028,UB-0028,2024-01-16,1800.81,false
TX-00029,UB-0029,2023-07-13,972.59,false
TX-00030,UB-0030,2024-06-16,4971.43,false
TX-00031,UB-0031,2024-03-18,3556.65,false
TX-00032,UB-0032,2023-11-24,1650.15,false
TX-00033,UB-0033,2024-05-03,1429.16,false
TX-00034,UB-0034,2023-09-08,3956.12,false
TX-00035,UB-0035,2024-08-15,4970.58,false
TX-00036,UB-0036,2023-12-02,1590.24,false
TX-00037,UB-0037,2024-01-05,116.74,false
TX-00038,UB-0038,2023-07-05,3688.14,false
TX-00039,UB-0039,2024-08-28,1560.31,false
TX-00040,UB-0040,2023-03-26,3763.94,false
TX-00041,UB-0041,2024-08-20,833.16,false
TX-00042,UB-0042,2023-11-26,411.5,false
TX-00043,UB-0043,2023-06-23,2128.94,false
TX-00044,UB-0044,2024-01-10,4567.8,false
TX-00045,UB-0045,2024-05-14,4720.18,false
TX-00046,UB-0046,2024-04-07,2004.76,false
TX-00047,UB-0047,2024-10-19,2699.16,false
TX-00048,UB-0048,2024-12-08,4935.45,false
TX-00049,UB-0049,2023-10-04,225.44,false
TX-00050,UB-0050,2023-08-15,1190.8,false
TX-00051,UB-0051,2024-12-02,4661.46,false
TX-00052,UB-0052,2023-07-01,4877.25,false
TX-00053,UB-0053,2023-07-26,4310.4,false
TX-00054,UB-0054,2023-12-13,3472.62,false
TX-00055,UB-0055,2024-06-04,2603.57,false
TX-00056,UB-0056,2024-03-01,3269.64,false
TX-00057,UB-0057,2023-11-05,1788.28,false
TX-00058,UB-0058,2024-10-16,2508.5,false
TX-00059,UB-0059,2023-04-30,39.92,false
TX-00060,UB-0060,2023-07-12,1038.21,false
TX-00061,UB-0061,2024-02-09,174.82,false
TX-00062,UB-0062,2024-03-15,4221.24,false
TX-00063,UB-0063,2024-12-17,97.92,false
TX-00064,UB-0064,2024-06-03,2046.74,false
TX-00065,UB-0065,2023-08-18,2540.65,false
TX-00066,UB-0066,2024-02-03,1542.2,false
TX-00067,UB-0067,2024-03-08,1957.4,false
TX-00068,UB-0068,2024-02-20,3890.79,false
TX-00069,UB-0069,2024-09-12,4318.03,false
TX-00070,UB-0070,2024-10-29,1772.35,false
TX-00071,UB-0071,2023-01-05,665.56,false
TX-00072,UB-0072,2024-03-03,4783.17,false
TX-00073,UB-0073,2023-10-24,1638.48,false
TX-00074,UB-0074,2023-01-09,4881.03,false
TX-00075,UB-0075,2023-08-12,4321.53,false
TX-00076,UB-0076,2024-12-12,581.25,false
TX-00077,UB-0077,2023-08-23,3030.19,false
TX-00078,UB-0078,2023-06-04,124.4,false
TX-00079,UB-0079,2024-03-15,3755.74,false
TX-00080,UB-0080,2024-07-29,2192.64,false
TX-00081,UB-0081,2024-05-29,1542.54,false
TX-00082,UB-0082,2023-08-03,4953.01,false
TX-00083,UB-0083,2024-09-23,585.42,false
TX-00084,UB-0084,2023-12-01,2278.84,false
TX-00085,UB-0085,2024-05-18,475.81,false
TX-00086,UB-0086,2023-02-01,576.47,false
TX-00087,UB-0087,2024-11-13,1363.55,false
TX-00088,UB-0088,2024-12-06,515.28,false
TX-00089,UB-0089,2023-02-18,3192.12,false
TX-00090,UB-0090,2023-03-05,2262.66,false
TX-00091,UB-0091,2024-09-29,1898.85,false
TX-00092,UB-0092,2024-09-05,3473.64,false
TX-00093,UB-0093,2023-03-17,4594.09,false
TX-00094,UB-0094,2024-08-11,3369.84,false
TX-00095,UB-0095,2023-12-21,2226.26,false
TX-00096,UB-0096,2024-11-02,4061.1,false
TX-00097,UB-0097,2023-05-15,1077.24,false
TX-00098,UB-0098,2023-09-20,1779.0,false
TX-00099,UB-0099,2023-09-01,705.82,false
TX-00100,UB-0100,2023-02-04,1312.74,false
TX-00101,UB-0101,2024-02-14,645.94,false
TX-00102,UB-0102,2024-01-09,2883.46,false
TX-00103,UB-0103,2024-08-16,3868.67,false
TX-00104,UB-0104,2023-04-19,2846.37,false
TX-00105,UB-0105,2024-05-19,3958.02,false
TX-00106,UB-0106,2023-08-17,1804.14,false
TX-00107,UB-0107,2023-06-11,1298.95,false
TX-00108,UB-0108,2023-08-14,22.62,false
TX-00109,UB-0109,2023-09-14,2521.92,false
TX-00110,UB-0110,2023-04-14,364.15,false
TX-00111,UB-0111,2023-07-18,4238.29,false
TX-00112,UB-0112,2024-04-06,4781.04,false
TX-00113,UB-0113,2024-08-27,169.45,false
TX-00114,UB-0114,2024-05-22,1768.36,false
TX-00115,UB-0115,2024-05-29,302.34,false
TX-00116,UB-0116,2023-04-07,1497.92,false
TX-00117,UB-0117,2023-10-06,3538.04,false
TX-00118,UB-0118,2023-02-22,914.07,false
TX-00119,UB-0119,2024-09-14,3731.83,false
TX-00120,UB-0120,2023-02-05,4031.98,false
TX-00121,UB-0121,2024-12-27,1735.96,false
TX-00122,UB-0122,2024-08-09,3100.27,false
TX-00123,UB-0123,2023-04-18,3770.3,false
TX-00124,UB-0124,2024-06-20,4166.03,false
TX-00125,UB-0125,2024-11-07,708.6,false
TX-00126,UB-0126,2023-04-17,2622.3,false
TX-00127,UB-0127,2023-01-15,4734.94,false
TX-00128,UB-0128,2023-11-18,413.11,false
TX-00129,UB-0129,2023-08-22,1520.83,false
TX-00130,UB-0130,2024-03-04,1530.84,false
TX-00131,UB-0131,2023-06-19,1953.68,false
TX-00132,UB-0132,2023-11-14,1809.72,false
TX-00133,UB-0133,2024-04-17,4212.96,false
TX-00134,UB-0134,2023-09-02,1171.15,false
TX-00135,UB-0135,2024-12-23,4330.56,false
TX-00136,UB-0136,2023-01-05,4360.13,false
TX-00137,UB-0137,2023-05-01,1054.55,false
TX-00138,UB-0138,2023-12-16,4476.9,false
TX-00139,UB-0139,2023-05-20,1300.35,false
TX-00140,UB-0140,2023-03-02,2413.73,false
TX-00141,UB-0141,2023-10-04,2651.15,false
TX-00142,UB-0142,2023-01-14,4495.89,false
TX-00143,UB-0143,2024-08-31,308.49,false
TX-00144,UB-0144,2023-06-29,4070.36,false
TX-00145,UB-0145,2024-02-19,1381.25,false
TX-00146,UB-0146,2024-12-12,179.27,false
TX-00147,UB-0147,2023-11-04,2697.02,false
TX-00148,UB-0148,2023-11-27,4099.74,false
TX-00149,UB-0149,2024-12-25,3484.38,false
TX-00150,UB-0150,2023-11-19,4385.74,false
TX-00151,UB-0151,2023-03-18,1867.69,false
TX-00152,UB-0152,2024-10-26,813.8,false
TX-00153,UB-0153,2024-07-11,1950.75,false
TX-00154,UB-0154,2023-11-28,3465.62,false
TX-00155,UB-0155,2023-02-22,4844.49,false
TX-00156,UB-0156,2023-09-04,2468.49,false
TX-00157,UB-0157,2024-01-04,1050.94,false
TX-00158,UB-0158,2023-12-12,2039.09,false
TX-00159,UB-0159,2024-07-10,1396.6,false
TX-00160,UB-0160,2023-05-29,450.87,false
TX-00161,UB-0161,2023-06-14,4804.57,false
TX-00162,UB-0162,2023-09-14,2546.01,false
TX-00163,UB-0163,2023-08-03,378.57,false
TX-00164,UB-0164,2024-03-30,108.78,false
TX-00165,UB-0165,2023-07-13,1590.59,false
TX-00166,UB-0166,2024-12-30,601.03,false
TX-00167,UB-0167,2023-09-04,2947.94,false
TX-00168,UB-0168,2023-12-16,4826.56,false
TX-00169,UB-0169,2024-06-26,1145.2,false
TX-00170,UB-0170,2023-12-22,3196.53,false
TX-00171,UB-0171,2024-05-01,2334.8,false
TX-00172,UB-0172,2024-08-16,2415.61,false
TX-00173,UB-0173,2024-05-30,311.98,false
TX-00174,UB-0174,2024-01-11,1601.4,false
TX-00175,UB-0175,2023-11-18,714.26,false
TX-00176,UB-0176,2024-06-20,4618.94,false
TX-00177,UB-0177,2024-01-06,1726.5,false
TX-00178,UB-0178,2024-11-11,1095.46,false
TX-00179,UB-0179,2024-07-21,3766.01,false
TX-00180,UB-0180,2023-06-05,4598.62,false
TX-00181,UB-0181,2023-11-16,3187.74,false
TX-00182,UB-0182,2024-08-07,2041.17,false
TX-00183,UB-0183,2024-12-25,2299.93,false
TX-00184,UB-0184,2024-12-07,392.87,false
TX-00185,UB-0185,2023-05-28,3861.22,false
TX-00186,UB-0186,2023-01-03,2468.65,false
TX-00187,UB-0187,2024-08-11,2812.01,false
TX-00188,UB-0188,2023-03-23,4427.85,false
TX-00189,UB-0189,2023-01-07,2638.78,false
TX-00190,UB-0190,2024-11-06,359.55,false
TX-00191,UB-0191,2024-01-24,2963.43,false
TX-00192,UB-0192,2024-03-02,4411.05,false
TX-00193,UB-0193,2023-08-15,584.38,false
TX-00194,UB-0194,2023-07-01,930.59,false
TX-00195,UB-0195,2023-12-21,3195.01,false
TX-00196,UB-0196,2023-03-11,3124.94,false
TX-00197,UB-0197,2023-01-25,1716.48,false
TX-00198,UB-0198,2023-04-07,760.86,false
TX-00199,UB-0199,2023-05-05,3672.21,false
TX-00200,UB-0200,2023-03-09,4098.43,false
TX-00201,UB-0001,2023-01-06,2909.86,false
TX-00202,UB-0002,2024-10-31,865.57,false
TX-00203,UB-0003,2024-03-27,4703.56,false
TX-00204,UB-0004,2023-06-20,630.03,false
TX-00205,UB-0005,2024-12-30,4158.93,false
TX-00206,UB-0006,2023-09-10,4058.66,false
TX-00207,UB-0007,2024-02-11,1623.14,false
TX-00208,UB-0008,2024-11-26,3998.55,false
TX-00209,UB-0009,2024-08-21,3685.67,false
TX-00210,UB-0010,2023-01-20,1047.66,false
TX-00211,UB-0011,2024-02-26,3809.62,false
TX-00212,UB-0012,2023-01-21,3259.75,false
TX-00213,UB-0013,2024-05-22,1749.06,false
TX-00214,UB-0014,2023-08-05,4610.32,false
TX-00215,UB-0015,2023-10-23,2736.13,false
TX-00216,UB-0016,2024-04-27,1795.06,false
TX-00217,UB-0017,2023-09-20,4653.72,false
TX-00218,UB-0018,2024-06-26,4115.43,false
TX-00219,UB-0019,2024-09-05,4232.69,false
TX-00220,UB-0020,2024-01-23,3462.42,false
TX-00221,UB-0021,2023-01-07,1270.77,false
TX-00222,UB-0022,2024-05-28,2782.81,false
TX-00223,UB-0023,2024-08-22,649.48,false
TX-00224,UB-0024,2023-04-30,2045.19,false
TX-00225,UB-0025,2024-01-18,440.75,false
TX-00226,UB-0026,2023-08-11,3768.44,false
TX-00227,UB-0027,2024-04-15,3893.51,false
TX-00228,UB-0028,2023-09-07,3822.5,false
TX-00229,UB-0029,2023-08-14,3332.19,false
TX-00230,UB-0030,2023-05-19,2678.46,false
TX-00231,UB-0031,2024-09-06,808.08,false
TX-00232,UB-0032,2023-04-06,3429.64,false
TX-00233,UB-0033,2023-12-03,4917.64,false
TX-00234,UB-0034,2024-08-25,632.48,false
TX-00235,UB-0035,2024-09-09,3755.74,false
TX-00236,UB-0036,2024-04-06,4511.35,false
TX-00237,UB-0037,2024-12-04,3560.81,false
TX-00238,UB-0038,2024-08-17,2200.27,false
TX-00239,UB-0039,2024-12-23,3662.84,false
TX-00240,UB-0040,2024-12-31,74.39,false
TX-00241,UB-0041,2024-04-12,999.51,false
TX-00242,UB-0042,2024-02-01,3414.46,false
TX-00243,UB-0043,2023-03-13,1658.42,false
TX-00244,UB-0044,2024-03-05,926.49,false
TX-00245,UB-0045,2024-12-11,1688.06,false
TX-00246,UB-0046,2023-06-20,4266.16,false
TX-00247,UB-0047,2024-10-26,2601.0,false
TX-00248,UB-0048,2024-02-19,829.34,false
TX-00249,UB-0049,2023-12-09,1683.23,false
TX-00250,UB-0050,2023-10-12,2236.41,false
TX-00251,UB-0051,2024-02-18,1977.71,false
TX-00252,UB-0052,2023-09-19,1150.28,false
TX-00253,UB-0053,2023-10-06,1098.63,false
TX-00254,UB-0054,2023-05-06,2639.29,false
TX-00255,UB-0055,2024-09-13,3641.39,false
TX-00256,UB-0056,2024-05-30,3942.97,false
TX-00257,UB-0057,2023-07-31,4894.41,false
TX-00258,UB-0058,2024-09-05,1526.94,false
TX-00259,UB-0059,2024-02-25,3308.65,false
TX-00260,UB-0060,2024-06-04,4646.44,false
TX-00261,UB-0061,2023-03-10,3389.48,false
TX-00262,UB-0062,2023-12-30,2765.1,false
TX-00263,UB-0063,2024-04-15,1794.56,false
TX-00264,UB-0064,2023-04-20,484.88,false
TX-00265,UB-0065,2023-06-11,2715.2,false
TX-00266,UB-0066,2024-02-23,2829.17,false
TX-00267,UB-0067,2023-01-01,4357.1,false
TX-00268,UB-0068,2024-04-24,3114.08,false
TX-00269,UB-0069,2023-10-30,2710.03,false
TX-00270,UB-0070,2023-08-04,4198.1,false
TX-00271,UB-0071,2023-06-21,1468.78,false
TX-00272,UB-0072,2023-03-15,3481.3,false
TX-00273,UB-0073,2024-03-07,2486.62,false
TX-00274,UB-0074,2024-01-29,4358.46,false
TX-00275,UB-0075,2024-09-27,2517.4,false
TX-00276,UB-0076,2023-07-09,543.93,false
TX-00277,UB-0077,2024-04-27,4067.64,false
TX-00278,UB-0078,2024-03-25,3016.1,false
TX-00279,UB-0079,2024-10-12,3658.13,false
TX-00280,UB-0080,2024-08-01,3027.95,false
TX-00281,UB-0081,2023-03-17,3386.81,false
TX-00282,UB-0082,2024-06-15,353.28,false
TX-00283,UB-0083,2024-03-30,4419.22,false
TX-00284,UB-0084,2023-05-17,1351.33,false
TX-00285,UB-0085,2023-12-23,478.17,false
TX-00286,UB-0086,2023-02-06,2412.39,false
TX-00287,UB-0087,2023-07-15,4880.58,false
TX-00288,UB-0088,2023-06-27,1742.14,false
TX-00289,UB-0089,2023-09-10,4680.14,false
TX-00290,UB-0090,2023-03-06,2826.35,false
TX-00291,UB-0091,2024-01-07,3002.99,false
TX-00292,UB-0092,2023-08-12,1673.28,false
TX-00293,UB-0093,2023-09-15,3524.77,false
TX-00294,UB-0094,2024-05-19,2434.69,false
TX-00295,UB-0095,2024-02-11,2134.52,false
TX-00296,UB-0096,2024-03-17,3349.99,false
TX-00297,UB-0097,2023-09-25,1365.81,false
TX-00298,UB-0098,2023-01-03,3868.52,false
TX-00299,UB-0099,2023-03-16,1561.3,false
TX-00300,UB-0100,2024-11-05,2907.25,false
TX-00301,UB-0101,2024-10-25,1858.13,false
TX-00302,UB-0102,2024-09-07,4037.19,false
TX-00303,UB-0103,2024-08-29,4778.45,false
TX-00304,UB-0104,2023-10-02,3260.52,false
TX-00305,UB-0105,2024-07-20,420.23,false
TX-00306,UB-0106,2024-12-28,1953.93,false
TX-00307,UB-0107,2024-10-11,3449.13,false
TX-00308,UB-0108,2024-02-29,2620.86,false
TX-00309,UB-0109,2023-10-25,997.04,false
TX-00310,UB-0110,2023-06-02,4878.32,false
TX-00311,UB-0111,2023-02-22,4185.65,false
TX-00312,UB-0112,2024-12-07,1969.45,false
TX-00313,UB-0113,2024-08-15,2521.74,false
TX-00314,UB-0114,2024-03-03,3567.53,false
TX-00315,UB-0115,2024-05-17,2857.44,false
TX-00316,UB-0116,2024-08-11,1753.71,false
TX-00317,UB-0117,2024-02-10,322.93,false
TX-00318,UB-0118,2023-05-28,3588.96,false
TX-00319,UB-0119,2023-08-20,3283.18,false
TX-00320,UB-0120,2023-04-07,1443.29,false
TX-00321,UB-0121,2024-01-08,655.18,false
TX-00322,UB-0122,2024-05-31,1483.2,false
TX-00323,UB-0123,2023-02-07,2619.27,false
TX-00324,UB-0124,2024-04-30,3248.75,false
TX-00325,UB-0125,2023-01-16,3716.45,false
TX-00326,UB-0126,2024-11-11,1118.9,false
TX-00327,UB-0127,2023-05-23,185.18,false
TX-00328,UB-0128,2023-09-18,1276.09,false
TX-00329,UB-0129,2023-12-19,4444.75,false
TX-00330,UB-0130,2023-05-18,1297.78,false
TX-00331,UB-0131,2023-01-28,4505.47,false
TX-00332,UB-0132,2024-11-07,501.08,false
TX-00333,UB-0133,2023-10-12,356.48,false
TX-00334,UB-0134,2023-08-11,4203.71,false
TX-00335,UB-0135,2024-11-09,3686.6,false
TX-00336,UB-0136,2024-05-13,2993.86,false
TX-00337,UB-0137,2023-04-10,3353.76,false
TX-00338,UB-0138,2023-09-10,3728.03,false
TX-00339,UB-0139,2024-04-02,4261.31,false
TX-00340,UB-0140,2023-10-17,4041.74,false
TX-00341,UB-0141,2023-09-28,4739.99,false
TX-00342,UB-0142,2024-01-06,3590.3,false
TX-00343,UB-0143,2024-06-22,3825.08,false
TX-00344,UB-0144,2023-02-05,379.32,false
TX-00345,UB-0145,2024-12-29,1189.3,false
TX-00346,UB-0146,2023-01-17,1750.85,false
TX-00347,UB-0147,2024-11-10,2498.78,false
TX-00348,UB-0148,2024-08-13,2319.25,false
TX-00349,UB-0149,2023-05-14,1956.78,false
TX-00350,UB-0150,2024-03-05,1907.77,false
TX-00351,UB-0151,2024-03-31,4768.64,false
TX-00352,UB-0152,2024-08-06,288.89,false
TX-00353,UB-0153,2023-08-19,808.5,false
TX-00354,UB-0154,2024-08-22,3664.05,false
TX-00355,UB-0155,2023-06-27,3692.28,false
TX-00356,UB-0156,2024-04-16,2059.3,false
TX-00357,UB-0157,2024-06-01,3049.4,false
TX-00358,UB-0158,2024-07-30,4024.5,false
TX-00359,UB-0159,2024-07-21,2024.64,false
TX-00360,UB-0160,2024-10-22,4030.66,false
TX-00361,UB-0161,2024-02-22,4589.98,false
TX-00362,UB-0162,2024-05-15,2633.58,false
TX-00363,UB-0163,2024-02-12,685.67,false
TX-00364,UB-0164,2024-10-08,3994.37,false
TX-00365,UB-0165,2023-06-28,1134.78,false
TX-00366,UB-0166,2024-12-21,629.44,false
TX-00367,UB-0167,2023-12-20,3923.21,false
TX-00368,UB-0168,2023-07-04,3161.91,false
TX-00369,UB-0169,2024-03-18,4921.33,false
TX-00370,UB-0170,2023-05-14,1964.79,false
TX-00371,UB-0171,2024-11-12,3372.63,false
TX-00372,UB-0172,2023-09-20,363.89,false
TX-00373,UB-0173,2024-02-27,4401.56,false
TX-00374,UB-0174,2024-02-07,3914.6,false
TX-00375,UB-0175,2023-06-05,1256.69,false
TX-00376,UB-0176,2024-01-13,1632.88,false
TX-00377,UB-0177,2023-06-07,3451.82,false
TX-00378,UB-0178,2024-01-07,975.14,false
TX-00379,UB-0179,2023-01-11,1044.27,false
TX-00380,UB-0180,2024-06-19,3298.35,false
TX-00381,UB-0181,2024-03-01,4305.18,false
TX-00382,UB-0182,2024-12-15,484.19,false
TX-00383,UB-0183,2023-04-20,4518.63,false
TX-00384,UB-0184,2023-11-02,2814.07,false
TX-00385,UB-0185,2024-10-06,3615.19,false
TX-00386,UB-0186,2023-03-05,1158.74,false
TX-00387,UB-0187,2023-03-21,3700.79,false
TX-00388,UB-0188,2024-12-30,2985.28,false
TX-00389,UB-0189,2024-10-31,649.19,false
TX-00390,UB-0190,2024-11-17,4439.97,false
TX-00391,UB-0191,2023-06-17,2219.7,false
TX-00392,UB-0192,2024-04-25,4416.98,false
TX-00393,UB-0193,2023-02-07,246.8,false
TX-00394,UB-0194,2024-09-07,3009.63,false
TX-00395,UB-0195,2024-05-04,4909.84,false
TX-00396,UB-0196,2023-08-06,672.48,false
TX-00397,UB-0197,2024-03-06,3116.04,false
TX-00398,UB-0198,2024-01-04,2804.83,false
TX-00399,UB-0199,2023-06-26,69.43,false
TX-00400,UB-0200,2023-03-29,4698.3,false
TX-00401,UB-0001,2024-12-10,1175.86,false
TX-00402,UB-0002,2023-01-27,4721.53,false
TX-00403,UB-0003,2024-12-31,3597.08,false
TX-00404,UB-0004,2024-03-25,3366.11,false
TX-00405,UB-0005,2024-09-04,4443.75,false
TX-00406,UB-0006,2023-11-14,3348.09,false
TX-00407,UB-0007,2023-02-04,3226.05,false
TX-00408,UB-0008,2023-05-06,4778.37,false
TX-00409,UB-0009,2024-07-06,4490.58,false
TX-00410,UB-0010,2023-12-13,4653.75,false
TX-00411,UB-0011,2024-10-19,3716.33,false
TX-00412,UB-0012,2024-03-21,3569.16,false
TX-00413,UB-0013,2024-01-29,3221.25,false
TX-00414,UB-0014,2023-08-28,4533.41,false
TX-00415,UB-0015,2023-07-23,4592.77,false
TX-00416,UB-0016,2024-12-10,739.59,false
TX-00417,UB-0017,2023-07-05,1499.99,false
TX-00418,UB-0018,2023-11-17,4004.58,false
TX-00419,UB-0019,2024-10-10,1337.32,false
TX-00420,UB-0020,2024-10-18,1535.21,false
TX-00421,UB-0021,2024-05-13,1696.45,false
TX-00422,UB-0022,2023-11-21,1333.58,false
TX-00423,UB-0023,2023-08-26,4036.89,false
TX-00424,UB-0024,2023-12-25,1314.62,false
TX-00425,UB-0025,2024-11-01,1075.72,false
TX-00426,UB-0026,2023-09-17,407.97,false
TX-00427,UB-0027,2024-03-21,2195.86,false
TX-00428,UB-0028,2024-05-03,53.01,false
TX-00429,UB-0029,2024-06-03,2963.81,false
TX-00430,UB-0030,2024-09-27,4643.51,false
TX-00431,UB-0031,2024-05-19,140.74,false
TX-00432,UB-0032,2024-08-31,721.7,false
TX-00433,UB-0033,2023-10-21,3434.33,false
TX-00434,UB-0034,2023-10-19,4584.9,false
TX-00435,UB-0035,2023-07-09,4197.76,false
TX-00436,UB-0036,2023-07-12,331.19,false
TX-00437,UB-0037,2023-07-27,3937.82,false
TX-00438,UB-0038,2023-11-18,437.05,false
TX-00439,UB-0039,2023-06-10,3509.59,false
TX-00440,UB-0040,2024-05-15,3619.39,false
TX-00441,UB-0041,2023-05-30,3841.97,false
TX-00442,UB-0042,2024-08-25,3547.1,false
TX-00443,UB-0043,2024-03-23,4746.05,false
TX-00444,UB-0044,2024-05-25,316.82,false
TX-00445,UB-0045,2023-10-27,3637.33,false
TX-00446,UB-0046,2024-02-14,2961.54,false
TX-00447,UB-0047,2024-03-28,1934.52,false
TX-00448,UB-0048,2024-04-04,2067.85,false
TX-00449,UB-0049,2023-11-08,4480.48,false
TX-00450,UB-0050,2023-11-24,4926.2,false
TX-00451,UB-0051,2024-10-14,4708.2,false
TX-00452,UB-0052,2023-02-05,2819.52,false
TX-00453,UB-0053,2023-07-25,3216.07,false
TX-00454,UB-0054,2024-05-03,2373.63,false
TX-00455,UB-0055,2024-04-09,4036.47,false
TX-00456,UB-0056,2024-03-01,1053.43,false
TX-00457,UB-0057,2024-07-14,2794.53,false
TX-00458,UB-0058,2024-06-17,634.39,false
TX-00459,UB-0059,2024-08-10,4358.84,false
TX-00460,UB-0060,2024-03-12,578.3,false
TX-00461,UB-0061,2023-02-04,2760.01,false
TX-00462,UB-0062,2024-03-11,298.05,false
TX-00463,UB-0063,2024-07-02,140.48,false
TX-00464,UB-0064,2024-01-16,2713.56,false
TX-00465,UB-0065,2023-12-01,4293.44,false
TX-00466,UB-0066,2023-05-14,1551.04,false
TX-00467,UB-0067,2024-06-29,2366.81,false
TX-00468,UB-0068,2023-11-24,836.76,false
TX-00469,UB-0069,2023-10-26,478.67,false
TX-00470,UB-0070,2023-10-23,1708.46,false
TX-00471,UB-0071,2024-04-23,3566.43,false
TX-00472,UB-0072,2024-06-19,4203.15,false
TX-00473,UB-0073,2024-01-11,3645.92,false
TX-00474,UB-0074,2024-03-27,3617.0,false
TX-00475,UB-0075,2023-11-05,1361.14,false
TX-00476,UB-0076,2024-02-20,4399.34,false
TX-00477,UB-0077,2024-09-13,2737.62,false
TX-00478,UB-0078,2024-12-13,3313.21,false
TX-00479,UB-0079,2024-07-29,16.06,false
TX-00480,UB-0080,2024-06-06,760.0,false
TX-00481,UB-0081,2023-12-24,3061.27,false
TX-00482,UB-0082,2024-10-13,3868.12,false
TX-00483,UB-0083,2024-11-18,1068.71,false
TX-00484,UB-0084,2024-12-28,3485.92,false
TX-00485,UB-0085,2024-03-03,1681.31,false
TX-00486,UB-0086,2024-08-12,4277.71,false
TX-00487,UB-0087,2023-08-04,2656.92,false
TX-00488,UB-0088,2024-02-21,3533.43,false
TX-00489,UB-0089,2024-07-12,2249.55,false
TX-00490,UB-0090,2023-02-25,4292.2,false
TX-00491,UB-0091,2024-01-14,1626.47,false
TX-00492,UB-0092,2023-05-11,1848.56,false
TX-00493,UB-0093,2023-06-15,2173.84,false
TX-00494,UB-0094,2023-11-13,571.69,false
TX-00495,UB-0095,2024-06-01,2267.14,false
TX-00496,UB-0096,2023-12-11,91.13,false
TX-00497,UB-0097,2023-03-26,4007.86,false
TX-00498,UB-0098,2023-09-29,499.98,false
TX-00499,UB-0099,2023-12-20,3877.16,false
TX-00500,UB-0100,2024-02-29,4161.83,false
TX-00501,UB-0101,2024-11-20,875.51,false
TX-00502,UB-0102,2024-09-01,3252.6,false
TX-00503,UB-0103,2023-07-16,4318.53,false
TX-00504,UB-0104,2023-06-27,2471.57,false
TX-00505,UB-0105,2023-05-04,4921.66,false
TX-00506,UB-0106,2024-03-21,3979.25,false
TX-00507,UB-0107,2023-12-16,4995.85,false
TX-00508,UB-0108,2023-04-01,673.62,false
TX-00509,UB-0109,2023-01-10,4195.79,false
TX-00510,UB-0110,2023-05-25,2665.21,false
TX-00511,UB-0111,2023-03-05,225.56,false
TX-00512,UB-0112,2024-03-25,63.91,false
TX-00513,UB-0113,2024-12-09,1859.88,false
TX-00514,UB-0114,2023-09-12,4348.81,false
TX-00515,UB-0115,2024-02-24,3141.37,false
TX-00516,UB-0116,2024-09-21,4170.11,false
TX-00517,UB-0117,2023-10-27,552.74,false
TX-00518,UB-0118,2023-06-04,363.24,false
TX-00519,UB-0119,2023-07-26,4457.43,false
TX-00520,UB-0120,2024-02-17,2341.75,false
TX-00521,UB-0121,2023-12-05,3212.93,false
TX-00522,UB-0122,2023-02-02,3088.3,false
TX-00523,UB-0123,2024-09-03,1843.5,false
TX-00524,UB-0124,2023-08-15,3704.01,false
TX-00525,UB-0125,2024-02-12,1255.04,false
TX-00526,UB-0126,2024-07-04,3683.94,false
TX-00527,UB-0127,2024-12-10,1095.59,false
TX-00528,UB-0128,2023-12-29,558.1,false
TX-00529,UB-0129,2023-09-09,3453.18,false
TX-00530,UB-0130,2024-01-22,1102.45,false
TX-00531,UB-0131,2023-12-28,556.97,false
TX-00532,UB-0132,2024-10-30,713.9,false
TX-00533,UB-0133,2023-05-15,100.56,false
TX-00534,UB-0134,2024-03-12,3435.42,false
TX-00535,UB-0135,2024-03-01,454.04,false
TX-00536,UB-0136,2024-05-06,2457.87,false
TX-00537,UB-0137,2024-09-21,2687.93,false
TX-00538,UB-0138,2023-07-08,4259.38,false
TX-00539,UB-0139,2024-06-30,1528.28,false
TX-00540,UB-0140,2024-11-20,4695.36,false
TX-00541,UB-0141,2023-07-20,4632.84,false
TX-00542,UB-0142,2023-07-19,4862.29,false
TX-00543,UB-0143,2023-12-16,2573.89,false
TX-00544,UB-0144,2023-07-01,4621.17,false
TX-00545,UB-0145,2024-04-04,2285.86,false
TX-00546,UB-0146,2023-06-22,3420.66,false
TX-00547,UB-0147,2023-08-01,2452.91,false
TX-00548,UB-0148,2023-04-25,1537.87,false
TX-00549,UB-0149,2024-01-12,1471.09,false
TX-00550,UB-0150,2023-10-02,4073.73,false
TX-00551,UB-0151,2023-10-04,4559.64,false
TX-00552,UB-0152,2023-12-25,886.07,false
TX-00553,UB-0153,2024-07-06,997.03,false
TX-00554,UB-0154,2023-02-02,2407.27,false
TX-00555,UB-0155,2023-04-08,4383.14,false
TX-00556,UB-0156,2023-01-03,142.06,false
TX-00557,UB-0157,2024-03-06,2748.2,false
TX-00558,UB-0158,2024-09-24,1833.53,false
TX-00559,UB-0159,2023-06-28,3605.77,false
TX-00560,UB-0160,2024-02-02,2538.64,false
TX-00561,UB-0161,2024-01-24,1397.01,false
TX-00562,UB-0162,2023-03-07,3731.41,false
TX-00563,UB-0163,2023-09-14,3296.98,false
TX-00564,UB-0164,2023-03-17,1127.16,false
TX-00565,UB-0165,2023-08-27,4517.66,false
TX-00566,UB-0166,2023-03-31,3283.4,false
TX-00567,UB-0167,2024-10-29,3609.94,false
TX-00568,UB-0168,2023-04-11,190.95,false
TX-00569,UB-0169,2024-08-18,4847.93,false
TX-00570,UB-0170,2023-03-25,1755.48,false
TX-00571,UB-0171,2023-07-16,3619.2,false
TX-00572,UB-0172,2024-05-20,4312.21,false
TX-00573,UB-0173,2024-06-19,3774.64,false
TX-00574,UB-0174,2024-07-21,1453.96,false
TX-00575,UB-0175,2023-04-27,1325.72,false
TX-00576,UB-0176,2024-12-19,4890.27,false
TX-00577,UB-0177,2023-03-18,2791.45,false
TX-00578,UB-0178,2024-08-10,2822.78,false
TX-00579,UB-0179,2023-11-22,3095.14,false
TX-00580,UB-0180,2023-05-06,2662.25,false
TX-00581,UB-0181,2024-02-01,531.68,false
TX-00582,UB-0182,2023-08-15,3837.6,false
TX-00583,UB-0183,2023-09-08,3288.45,false
TX-00584,UB-0184,2023-02-01,1744.87,false
TX-00585,UB-0185,2024-02-13,4978.75,false
TX-00586,UB-0186,2024-03-07,4915.62,false
TX-00587,UB-0187,2024-12-25,2077.38,false
TX-00588,UB-0188,2023-10-26,3778.61,false
TX-00589,UB-0189,2023-03-05,490.47,false
TX-00590,UB-0190,2024-06-07,2495.24,false
TX-00591,UB-0191,2024-12-19,2652.23,false
TX-00592,UB-0192,2023-03-08,3857.41,false
TX-00593,UB-0193,2023-08-28,1084.77,false
TX-00594,UB-0194,2023-01-10,885.59,false
TX-00595,UB-0195,2023-08-07,1406.77,false
TX-00596,UB-0196,2023-09-05,1979.05,false
TX-00597,UB-0197,2023-02-16,4728.15,false
TX-00598,UB-0198,2023-02-24,1489.43,false
TX-00599,UB-0199,2024-11-20,4023.63,false
TX-00600,UB-0200,2023-09-04,1059.21,false
TX-00601,UB-0001,2024-09-09,4548.91,false
TX-00602,UB-0002,2024-01-07,1398.15,false
TX-00603,UB-0003,2023-01-05,1094.92,false
TX-00604,UB-0004,2023-12-02,4339.24,false
TX-00605,UB-0005,2024-09-27,1455.28,false
TX-00606,UB-0006,2024-05-09,4155.52,false
TX-00607,UB-0007,2023-06-06,4649.01,false
TX-00608,UB-0008,2024-09-12,1042.62,false
TX-00609,UB-0009,2024-09-03,1937.14,false
TX-00610,UB-0010,2024-06-09,712.09,false
TX-00611,UB-0011,2023-02-25,3246.17,false
TX-00612,UB-0012,2023-05-01,4056.69,false
TX-00613,UB-0013,2023-06-14,2395.72,false
TX-00614,UB-0014,2023-12-21,1400.36,false
TX-00615,UB-0015,2023-06-29,3656.75,false
TX-00616,UB-0016,2023-06-28,2991.02,false
TX-00617,UB-0017,2023-08-27,1993.91,false
TX-00618,UB-0018,2023-06-04,2046.96,false
TX-00619,UB-0019,2024-05-07,192.96,false
TX-00620,UB-0020,2024-09-23,1038.97,false
TX-00621,UB-0021,2023-12-04,2369.44,false
TX-00622,UB-0022,2024-12-01,4318.76,false
TX-00623,UB-0023,2024-11-18,542.22,false
TX-00624,UB-0024,2023-08-16,3709.02,false
TX-00625,UB-0025,2023-03-29,4837.77,false
TX-00626,UB-0026,2023-02-21,1099.38,false
TX-00627,UB-0027,2023-09-24,1766.33,false
TX-00628,UB-0028,2023-04-17,1061.0,false
TX-00629,UB-0029,2023-06-24,2616.61,false
TX-00630,UB-0030,2024-12-21,1470.8,false
TX-00631,UB-0031,2023-04-18,3788.11,false
TX-00632,UB-0032,2024-06-15,2927.07,false
TX-00633,UB-0033,2024-07-21,4972.16,false
TX-00634,UB-0034,2024-09-02,4275.38,false
TX-00635,UB-0035,2024-04-04,2723.12,false
TX-00636,UB-0036,2023-09-10,2847.54,false
TX-00637,UB-0037,2023-08-25,1161.62,false
TX-00638,UB-0038,2023-09-14,2264.67,false
TX-00639,UB-0039,2024-03-26,1875.82,false
TX-00640,UB-0040,2024-06-03,2375.56,false
TX-00641,UB-0041,2023-05-08,3952.03,false
TX-00642,UB-0042,2023-08-26,55.89,false
TX-00643,UB-0043,2023-10-15,571.21,false
TX-00644,UB-0044,2023-12-29,3904.14,false
TX-00645,UB-0045,2023-08-29,331.66,false
TX-00646,UB-0046,2024-11-28,22.35,false
TX-00647,UB-0047,2023-08-27,4926.49,false
TX-00648,UB-0048,2023-04-06,618.11,false
TX-00649,UB-0049,2024-05-16,2071.24,false
TX-00650,UB-0050,2024-05-14,200.67,false
TX-00651,UB-0051,2024-10-08,655.52,false
TX-00652,UB-0052,2023-02-22,854.35,false
TX-00653,UB-0053,2024-05-03,4204.76,false
TX-00654,UB-0054,2023-11-02,3482.75,false
TX-00655,UB-0055,2023-11-25,3494.59,false
TX-00656,UB-0056,2023-01-25,2046.18,false
TX-00657,UB-0057,2023-05-13,4867.58,false
TX-00658,UB-0058,2024-07-15,1091.96,false
TX-00659,UB-0059,2024-12-19,3770.69,false
TX-00660,UB-0060,2023-09-27,4845.03,false
TX-00661,UB-0061,2024-07-05,3113.14,false
TX-00662,UB-0062,2023-09-24,3872.03,false
TX-00663,UB-0063,2024-03-05,2026.11,false
TX-00664,UB-0064,2024-02-08,2238.93,false
TX-00665,UB-0065,2023-01-25,1048.43,false
TX-00666,UB-0066,2023-12-24,4755.95,false
TX-00667,UB-0067,2023-09-18,129.16,false
TX-00668,UB-0068,2023-01-06,771.75,false
TX-00669,UB-0069,2024-12-31,1339.39,false
TX-00670,UB-0070,2023-08-05,2935.97,false
TX-00671,UB-0071,2023-01-20,4510.82,false
TX-00672,UB-0072,2023-05-18,3508.3,false
TX-00673,UB-0073,2024-04-26,1161.51,false
TX-00674,UB-0074,2023-04-20,4721.83,false
TX-00675,UB-0075,2023-05-01,2845.38,false
TX-00676,UB-0076,2023-01-23,261.9,false
TX-00677,UB-0077,2024-12-01,3241.76,false
TX-00678,UB-0078,2023-04-14,1539.78,false
TX-00679,UB-0079,2024-08-20,833.76,false
TX-00680,UB-0080,2023-04-13,903.39,false
TX-00681,UB-0081,2023-10-17,825.97,false
TX-00682,UB-0082,2023-03-28,929.7,false
TX-00683,UB-0083,2023-09-05,3704.04,false
TX-00684,UB-0084,2024-09-01,1289.12,false
TX-00685,UB-0085,2024-08-11,529.56,false
TX-00686,UB-0086,2024-08-12,1666.5,false
TX-00687,UB-0087,2023-12-14,3472.7,false
TX-00688,UB-0088,2024-08-16,1597.49,false
TX-00689,UB-0089,2024-10-21,2109.07,false
TX-00690,UB-0090,2024-08-08,4142.65,false
TX-00691,UB-0091,2023-06-01,737.58,false
TX-00692,UB-0092,2023-05-10,3382.14,false
TX-00693,UB-0093,2024-03-18,4842.41,false
TX-00694,UB-0094,2024-09-07,1433.78,false
TX-00695,UB-0095,2024-11-04,505.79,false
TX-00696,UB-0096,2023-01-16,4705.77,false
TX-00697,UB-0097,2023-01-27,195.46,false
TX-00698,UB-0098,2024-11-18,2072.71,false
TX-00699,UB-0099,2024-05-03,2760.01,false
TX-00700,UB-0100,2024-04-24,4216.44,false
TX-00701,UB-0101,2023-03-29,1516.5,false
TX-00702,UB-0102,2024-09-27,1117.86,false
TX-00703,UB-0103,2024-10-07,2702.1,false
TX-00704,UB-0104,2024-01-01,4801.06,false
TX-00705,UB-0105,2024-11-20,2573.74,false
TX-00706,UB-0106,2023-12-08,2993.97,false
TX-00707,UB-0107,2023-06-14,3980.05,false
TX-00708,UB-0108,2023-12-01,1681.73,false
TX-00709,UB-0109,2023-06-11,1664.4,false
TX-00710,UB-0110,2024-03-09,1061.34,false
TX-00711,UB-0111,2023-11-10,902.55,false
TX-00712,UB-0112,2024-01-05,1149.43,false
TX-00713,UB-0113,2023-08-18,1015.32,false
TX-00714,UB-0114,2023-04-19,152.64,false
TX-00715,UB-0115,2023-07-17,4770.15,false
TX-00716,UB-0116,2023-06-27,4538.55,false
TX-00717,UB-0117,2023-12-24,3178.35,false
TX-00718,UB-0118,2023-08-02,3828.21,false
TX-00719,UB-0119,2023-11-12,167.79,false
TX-00720,UB-0120,2023-07-02,1821.35,false
TX-00721,UB-0121,2023-04-11,4540.16,false
TX-00722,UB-0122,2024-09-17,2809.06,false
TX-00723,UB-0123,2024-03-06,1145.14,false
TX-00724,UB-0124,2024-04-18,4495.88,false
TX-00725,UB-0125,2023-03-26,2343.56,false
TX-00726,UB-0126,2023-03-02,3508.85,false
TX-00727,UB-0127,2024-08-16,545.02,false
TX-00728,UB-0128,2023-08-01,4646.06,false
TX-00729,UB-0129,2023-11-04,1130.64,false
TX-00730,UB-0130,2024-10-07,2862.15,false
TX-00731,UB-0131,2024-04-04,2368.51,false
TX-00732,UB-0132,2023-03-18,2312.26,false
TX-00733,UB-0133,2024-03-10,3183.27,false
TX-00734,UB-0134,2024-06-07,3844.79,false
TX-00735,UB-0135,2024-12-25,618.92,false
TX-00736,UB-0136,2024-08-31,1051.6,false
TX-00737,UB-0137,2024-05-14,4182.41,false
TX-00738,UB-0138,2023-10-29,584.67,false
TX-00739,UB-0139,2024-09-27,969.65,false
TX-00740,UB-0140,2024-05-12,4269.36,false
TX-00741,UB-0141,2023-03-21,4641.52,false
TX-00742,UB-0142,2024-09-01,657.46,false
TX-00743,UB-0143,2023-07-04,2952.32,false
TX-00744,UB-0144,2023-08-16,1122.5,false
TX-00745,UB-0145,2023-03-06,3338.11,false
TX-00746,UB-0146,2024-02-10,3241.51,false
TX-00747,UB-0147,2024-12-12,2481.17,false
TX-00748,UB-0148,2023-04-05,174.39,false
TX-00749,UB-0149,2023-01-07,3857.71,false
TX-00750,UB-0150,2023-08-30,2867.4,false
TX-00751,UB-0151,2023-01-06,2684.85,false
TX-00752,UB-0152,2024-07-18,1918.2,false
TX-00753,UB-0153,2023-09-25,1897.08,false
TX-00754,UB-0154,2023-10-04,2364.23,false
TX-00755,UB-0155,2024-10-27,3649.04,false
TX-00756,UB-0156,2023-02-12,4075.9,false
TX-00757,UB-0157,2023-02-03,4883.9,false
TX-00758,UB-0158,2023-03-13,2649.49,false
TX-00759,UB-0159,2023-06-04,3030.76,false
TX-00760,UB-0160,2024-09-13,4414.22,false
TX-00761,UB-0161,2023-12-07,4115.82,false
TX-00762,UB-0162,2023-11-14,395.42,false
TX-00763,UB-0163,2024-11-09,4046.53,false
TX-00764,UB-0164,2023-12-12,3066.87,false
TX-00765,UB-0165,2023-04-22,1340.88,false
TX-00766,UB-0166,2024-07-23,3037.9,false
TX-00767,UB-0167,2023-02-13,42.91,false
TX-00768,UB-0168,2023-11-30,3133.27,false
TX-00769,UB-0169,2023-10-13,1597.64,false
TX-00770,UB-0170,2024-05-20,1777.29,false
TX-00771,UB-0171,2023-02-14,1306.11,false
TX-00772,UB-0172,2023-07-01,1934.94,false
TX-00773,UB-0173,2023-09-18,2897.62,false
TX-00774,UB-0174,2023-01-06,3107.85,false
TX-00775,UB-0175,2023-02-15,3837.16,false
TX-00776,UB-0176,2024-04-28,730.31,false
TX-00777,UB-0177,2023-04-18,2855.43,false
TX-00778,UB-0178,2023-01-30,1726.88,false
TX-00779,UB-0179,2023-04-24,4879.6,false
TX-00780,UB-0180,2024-07-20,936.63,false
TX-00781,UB-0181,2023-04-16,2324.73,false
TX-00782,UB-0182,2024-05-14,4778.01,false
TX-00783,UB-0183,2023-08-27,1149.15,false
TX-00784,UB-0184,2023-06-04,1033.92,false
TX-00785,UB-0185,2024-05-11,2244.09,false
TX-00786,UB-0186,2023-02-25,2465.92,false
TX-00787,UB-0187,2023-10-02,2703.73,false
TX-00788,UB-0188,2024-06-30,4683.08,false
TX-00789,UB-0189,2023-12-17,3937.09,false
TX-00790,UB-0190,2023-01-15,4606.2,false
TX-00791,UB-0191,2023-02-09,3852.54,false
TX-00792,UB-0192,2024-10-31,1519.15,false
TX-00793,UB-0193,2024-09-25,1376.34,false
TX-00794,UB-0194,2024-01-23,3358.65,false
TX-00795,UB-0195,2023-12-22,4200.71,false
TX-00796,UB-0196,2023-02-25,1357.79,false
TX-00797,UB-0197,2023-05-28,76.9,false
TX-00798,UB-0198,2024-07-16,2038.18,false
TX-00799,UB-0199,2024-07-26,3456.36,false
TX-00800,UB-0200,2024-07-02,4400.5,false
TX-00801,UB-0001,2024-03-23,4450.12,false
TX-00802,UB-0002,2024-07-31,1157.37,false
TX-00803,UB-0003,2024-12-19,4700.42,false
TX-00804,UB-0004,2024-10-05,4749.41,false
TX-00805,UB-0005,2024-01-17,951.5,false
TX-00806,UB-0006,2024-10-12,1538.28,false
TX-00807,UB-0007,2023-01-16,45.2,false
TX-00808,UB-0008,2024-01-13,791.02,false
TX-00809,UB-0009,2023-02-21,4814.2,false
TX-00810,UB-0010,2023-12-03,4500.13,false
TX-00811,UB-0011,2023-07-04,1999.67,false
TX-00812,UB-0012,2023-01-03,4120.86,false
TX-00813,UB-0013,2023-05-24,79.19,false
TX-00814,UB-0014,2023-12-04,797.32,false
TX-00815,UB-0015,2024-11-19,2139.32,false
TX-00816,UB-0016,2024-09-29,1467.3,false
TX-00817,UB-0017,2024-01-03,1914.0,false
TX-00818,UB-0018,2023-01-04,173.91,false
TX-00819,UB-0019,2024-08-17,2032.23,false
TX-00820,UB-0020,2024-10-01,4419.72,false
TX-00821,UB-0021,2024-06-07,3438.98,false
TX-00822,UB-0022,2023-07-02,336.21,false
TX-00823,UB-0023,2024-02-26,4640.2,false
TX-00824,UB-0024,2023-07-30,3920.11,false
TX-00825,UB-0025,2023-03-13,3487.25,false
TX-00826,UB-0026,2023-08-01,1332.69,false
TX-00827,UB-0027,2023-11-19,445.77,false
TX-00828,UB-0028,2024-07-19,788.45,false
TX-00829,UB-0029,2023-04-22,4048.09,false
TX-00830,UB-0030,2024-07-17,706.79,false
TX-00831,UB-0031,2023-05-12,4171.28,false
TX-00832,UB-0032,2024-12-09,4872.43,false
TX-00833,UB-0033,2023-05-29,1064.84,false
TX-00834,UB-0034,2023-01-06,784.91,false
TX-00835,UB-0035,2024-03-15,3022.26,false
TX-00836,UB-0036,2023-02-13,1152.56,false
TX-00837,UB-0037,2024-03-12,359.59,false
TX-00838,UB-0038,2023-03-01,2020.99,false
TX-00839,UB-0039,2023-02-14,4065.32,false
TX-00840,UB-0040,2024-04-20,4614.28,false
TX-00841,UB-0041,2023-05-22,3088.19,false
TX-00842,UB-0042,2024-06-24,417.33,false
TX-00843,UB-0043,2024-08-10,998.5,false
TX-00844,UB-0044,2024-06-20,780.72,false
TX-00845,UB-0045,2023-06-17,927.02,false
TX-00846,UB-0046,2023-01-24,2997.79,false
TX-00847,UB-0047,2023-10-20,1498.64,false
TX-00848,UB-0048,2023-08-11,735.69,false
TX-00849,UB-0049,2023-01-05,3464.63,false
TX-00850,UB-0050,2024-04-11,774.87,false
TX-00851,UB-0051,2023-09-19,1281.91,false
TX-00852,UB-0052,2024-02-01,4393.33,false
TX-00853,UB-0053,2024-12-21,2315.18,false
TX-00854,UB-0054,2024-08-14,4808.65,false
TX-00855,UB-0055,2024-07-23,358.86,false
TX-00856,UB-0056,2024-12-23,3783.34,false
TX-00857,UB-0057,2024-06-22,1881.24,false
TX-00858,UB-0058,2023-11-24,2464.83,false
TX-00859,UB-0059,2023-10-18,1525.64,false
TX-00860,UB-0060,2023-10-04,1284.64,false
TX-00861,UB-0061,2023-04-24,880.82,false
TX-00862,UB-0062,2023-12-27,3851.92,false
TX-00863,UB-0063,2023-11-13,3680.37,false
TX-00864,UB-0064,2023-04-28,797.31,false
TX-00865,UB-0065,2024-09-21,2241.47,false
TX-00866,UB-0066,2023-11-20,3293.61,false
TX-00867,UB-0067,2024-02-16,1558.16,false
TX-00868,UB-0068,2023-06-15,887.54,false
TX-00869,UB-0069,2023-01-25,4818.74,false
TX-00870,UB-0070,2023-08-27,4564.77,false
TX-00871,UB-0071,2023-07-27,716.01,false
TX-00872,UB-0072,2023-09-16,2603.17,false
TX-00873,UB-0073,2024-03-17,798.58,false
TX-00874,UB-0074,2024-10-18,4699.42,false
TX-00875,UB-0075,2023-03-23,3144.64,false
TX-00876,UB-0076,2024-01-10,4462.85,false
TX-00877,UB-0077,2024-02-27,1681.43,false
TX-00878,UB-0078,2023-03-19,643.91,false
TX-00879,UB-0079,2023-04-19,4402.21,false
TX-00880,UB-0080,2023-11-15,38.77,false
TX-00881,UB-0081,2023-10-03,4994.4,false
TX-00882,UB-0082,2024-10-28,3317.04,false
TX-00883,UB-0083,2023-05-14,2457.89,false
TX-00884,UB-0084,2023-07-22,3368.04,false
TX-00885,UB-0085,2024-02-14,2361.12,false
TX-00886,UB-0086,2024-11-26,1935.6,false
TX-00887,UB-0087,2023-09-16,1473.12,false
TX-00888,UB-0088,2023-06-01,4655.61,false
TX-00889,UB-0089,2024-08-12,1557.08,false
TX-00890,UB-0090,2023-12-31,1095.28,false
TX-00891,UB-0091,2024-11-19,3015.2,false
TX-00892,UB-0092,2024-01-18,4084.95,false
TX-00893,UB-0093,2023-12-18,195.5,false
TX-00894,UB-0094,2023-07-11,3733.11,false
TX-00895,UB-0095,2024-06-26,3820.57,false
TX-00896,UB-0096,2023-10-08,2567.55,false
TX-00897,UB-0097,2023-05-18,781.93,false
TX-00898,UB-0098,2023-10-22,3198.48,false
TX-00899,UB-0099,2024-06-21,4972.31,false
TX-00900,UB-0100,2024-04-28,776.34,false
TX-00901,UB-0101,2024-09-27,842.8,false
TX-00902,UB-0102,2023-01-11,2011.88,false
TX-00903,UB-0103,2023-10-26,4090.15,false
TX-00904,UB-0104,2023-03-09,2623.31,false
TX-00905,UB-0105,2023-12-31,2529.46,false
TX-00906,UB-0106,2024-08-29,4301.36,false
TX-00907,UB-0107,2023-04-01,4133.11,false
TX-00908,UB-0108,2023-12-26,4955.8,false
TX-00909,UB-0109,2023-09-29,4831.14,false
TX-00910,UB-0110,2024-10-29,1579.66,false
TX-00911,UB-0111,2023-11-27,4742.68,false
TX-00912,UB-0112,2024-04-28,1424.53,false
TX-00913,UB-0113,2023-03-15,3504.64,false
TX-00914,UB-0114,2023-11-24,1472.25,false
TX-00915,UB-0115,2024-04-20,2736.25,false
TX-00916,UB-0116,2024-03-30,1705.85,false
TX-00917,UB-0117,2023-05-14,544.66,false
TX-00918,UB-0118,2024-12-31,2811.33,false
TX-00919,UB-0119,2024-05-22,2981.27,false
TX-00920,UB-0120,2024-09-28,287.68,false
TX-00921,UB-0121,2023-12-03,2087.57,false
TX-00922,UB-0122,2023-07-19,2355.04,false
TX-00923,UB-0123,2023-04-21,4750.9,false
TX-00924,UB-0124,2024-04-08,3745.0,false
TX-00925,UB-0125,2024-09-11,2262.37,false
TX-00926,UB-0126,2024-08-14,2281.96,false
TX-00927,UB-0127,2024-05-20,4724.17,false
TX-00928,UB-0128,2023-03-14,559.14,false
TX-00929,UB-0129,2023-08-07,3124.74,false
TX-00930,UB-0130,2024-03-09,4199.5,false
TX-00931,UB-0131,2023-01-21,1460.78,false
TX-00932,UB-0132,2024-09-17,2779.44,false
TX-00933,UB-0133,2024-04-20,976.65,false
TX-00934,UB-0134,2024-10-29,4134.06,false
TX-00935,UB-0135,2023-08-09,3339.2,false
TX-00936,UB-0136,2024-04-23,4126.43,false
TX-00937,UB-0137,2024-01-30,4992.73,false
TX-00938,UB-0138,2023-11-21,985.03,false
TX-00939,UB-0139,2023-07-31,2120.69,false
TX-00940,UB-0140,2024-09-09,3215.9,false
TX-00941,UB-0141,2023-10-02,4648.9,false
TX-00942,UB-0142,2023-11-20,106.68,false
TX-00943,UB-0143,2024-11-16,805.7,false
TX-00944,UB-0144,2024-05-19,1078.07,false
TX-00945,UB-0145,2024-02-28,3158.51,false
TX-00946,UB-0146,2024-07-08,3010.89,false
TX-00947,UB-0147,2023-04-02,1966.34,false
TX-00948,UB-0148,2023-04-18,1832.39,false
TX-00949,UB-0149,2024-02-17,4294.26,false
TX-00950,UB-0150,2023-10-04,3371.21,false
TX-00951,UB-0151,2024-01-16,1134.92,false
TX-00952,UB-0152,2024-10-19,4927.55,false
TX-00953,UB-0153,2024-08-25,3861.08,false
TX-00954,UB-0154,2024-03-19,4016.97,false
TX-00955,UB-0155,2024-09-18,4108.75,false
TX-00956,UB-0156,2024-05-11,2062.26,false
TX-00957,UB-0157,2024-04-18,2941.63,false
TX-00958,UB-0158,2023-01-01,2166.51,false
TX-00959,UB-0159,2023-03-05,4617.34,false
TX-00960,UB-0160,2023-02-21,3940.81,false
TX-00961,UB-0161,2024-04-15,1073.44,false
TX-00962,UB-0162,2024-08-10,1039.87,false
TX-00963,UB-0163,2024-08-31,2822.44,false
TX-00964,UB-0164,2024-02-01,967.3,false
TX-00965,UB-0165,2023-06-02,3771.87,false
TX-00966,UB-0166,2024-07-08,2363.63,false
TX-00967,UB-0167,2024-05-31,2110.52,false
TX-00968,UB-0168,2024-02-06,2924.38,false
TX-00969,UB-0169,2023-07-11,3567.62,false
TX-00970,UB-0170,2023-03-08,3093.27,false
TX-00971,UB-0171,2023-01-17,3377.59,false
TX-00972,UB-0172,2023-06-05,3428.76,false
TX-00973,UB-0173,2024-06-18,3913.79,false
TX-00974,UB-0174,2023-10-28,2437.35,false
TX-00975,UB-0175,2023-05-02,5.78,false
TX-00976,UB-0176,2024-11-17,1736.28,false
TX-00977,UB-0177,2023-08-30,250.39,false
TX-00978,UB-0178,2024-09-17,2347.19,false
TX-00979,UB-0179,2024-08-17,2669.84,false
TX-00980,UB-0180,2024-03-18,757.57,false
TX-00981,UB-0181,2024-07-13,92.18,false
TX-00982,UB-0182,2023-06-09,3605.24,false
TX-00983,UB-0183,2023-06-14,1528.96,false
TX-00984,UB-0184,2024-03-12,677.64,false
TX-00985,UB-0185,2023-10-26,3291.44,false
TX-00986,UB-0186,2023-04-16,1426.15,false
TX-00987,UB-0187,2023-01-03,1892.83,false
TX-00988,UB-0188,2023-12-19,4239.89,false
TX-00989,UB-0189,2024-05-06,2497.87,false
TX-00990,UB-0190,2023-10-19,2088.81,false
TX-00991,UB-0191,2024-06-16,4795.75,false
TX-00992,UB-0192,2023-07-02,3997.11,false
TX-00993,UB-0193,2023-04-13,621.89,false
TX-00994,UB-0194,2023-07-05,1176.06,false
TX-00995,UB-0195,2024-02-18,1714.83,false
TX-00996,UB-0196,2024-05-12,4032.75,false
TX-00997,UB-0197,2024-11-26,3738.74,false
TX-00998,UB-0198,2024-01-15,2031.86,false
TX-00999,UB-0199,2024-10-10,4081.89,false
TX-01000,UB-0200,2023-10-11,3992.61,false
TX-01001,UB-0001,2024-01-07,3807.4,false
TX-01002,UB-0002,2024-05-31,2715.87,false
TX-01003,UB-0003,2023-06-20,502.37,false
TX-01004,UB-0004,2023-09-15,122.47,false
TX-01005,UB-0005,2024-05-09,3011.41,false
TX-01006,UB-0006,2024-05-17,4464.73,false
TX-01007,UB-0007,2024-12-08,1982.63,false
TX-01008,UB-0008,2023-06-24,1300.35,false
TX-01009,UB-0009,2023-07-11,4954.41,false
TX-01010,UB-0010,2024-04-07,4627.36,false
TX-01011,UB-0011,2024-06-02,3990.95,false
TX-01012,UB-0012,2024-07-05,1883.11,false
TX-01013,UB-0013,2024-02-23,4809.93,false
TX-01014,UB-0014,2023-05-19,1112.59,false
TX-01015,UB-0015,2023-10-20,3102.76,false
TX-01016,UB-0016,2024-07-11,3378.52,false
TX-01017,UB-0017,2024-03-26,410.54,false
TX-01018,UB-0018,2024-12-07,4014.66,false
TX-01019,UB-0019,2024-07-17,4025.25,false
TX-01020,UB-0020,2023-08-17,2781.07,false
TX-01021,UB-0021,2024-01-08,2379.91,false
TX-01022,UB-0022,2023-12-07,3293.92,false
TX-01023,UB-0023,2024-07-08,1121.88,false
TX-01024,UB-0024,2023-05-15,3013.5,false
TX-01025,UB-0025,2024-07-26,2552.92,false
TX-01026,UB-0026,2024-10-29,4188.13,false
TX-01027,UB-0027,2024-11-04,49.06,false
TX-01028,UB-0028,2024-01-26,437.66,false
TX-01029,UB-0029,2023-07-09,307.08,false
TX-01030,UB-0030,2024-10-28,1136.34,false
TX-01031,UB-0031,2024-10-28,4386.3,false
TX-01032,UB-0032,2024-09-20,4613.39,false
TX-01033,UB-0033,2024-09-21,783.06,false
TX-01034,UB-0034,2024-06-15,3497.36,false
TX-01035,UB-0035,2023-10-17,273.05,false
TX-01036,UB-0036,2023-09-08,798.05,false
TX-01037,UB-0037,2024-07-25,1274.01,false
TX-01038,UB-0038,2024-05-14,3711.55,false
TX-01039,UB-0039,2024-12-28,4260.34,false
TX-01040,UB-0040,2023-08-18,671.39,false
TX-01041,UB-0041,2023-02-26,3504.86,false
TX-01042,UB-0042,2024-08-28,329.33,false
TX-01043,UB-0043,2023-09-25,1742.37,false
TX-01044,UB-0044,2024-04-28,1473.14,false
TX-01045,UB-0045,2024-01-31,3541.76,false
TX-01046,UB-0046,2024-12-03,1887.21,false
TX-01047,UB-0047,2023-01-18,2558.73,false
TX-01048,UB-0048,2024-07-18,2762.03,false
TX-01049,UB-0049,2023-08-12,4698.78,false
TX-01050,UB-0050,2023-06-21,998.63,false
TX-01051,UB-0051,2023-12-19,2211.7,false
TX-01052,UB-0052,2023-07-05,1325.69,false
TX-01053,UB-0053,2024-10-29,2321.38,false
TX-01054,UB-0054,2024-08-02,1819.1,false
TX-01055,UB-0055,2023-03-18,933.99,false
TX-01056,UB-0056,2023-08-30,3638.71,false
TX-01057,UB-0057,2023-06-10,3006.77,false
TX-01058,UB-0058,2023-07-29,2152.31,false
TX-01059,UB-0059,2024-02-16,4483.55,false
TX-01060,UB-0060,2024-08-13,4570.87,false
TX-01061,UB-0061,2023-12-13,255.97,false
TX-01062,UB-0062,2023-07-27,1914.57,false
TX-01063,UB-0063,2024-05-04,3451.66,false
TX-01064,UB-0064,2023-08-31,755.35,false
TX-01065,UB-0065,2024-01-06,189.29,false
TX-01066,UB-0066,2024-05-31,82.78,false
TX-01067,UB-0067,2023-05-26,1032.5,false
TX-01068,UB-0068,2024-06-15,3924.57,false
TX-01069,UB-0069,2023-01-19,3547.15,false
TX-01070,UB-0070,2024-11-22,2885.87,false
TX-01071,UB-0071,2023-04-11,4216.3,false
TX-01072,UB-0072,2024-01-20,4946.38,false
TX-01073,UB-0073,2023-01-17,4405.98,false
TX-01074,UB-0074,2023-12-18,268.52,false
TX-01075,UB-0075,2023-12-29,2940.62,false
TX-01076,UB-0076,2023-05-29,4082.19,false
TX-01077,UB-0077,2024-11-21,364.23,false
TX-01078,UB-0078,2023-06-18,703.52,false
TX-01079,UB-0079,2023-01-31,2521.64,false
TX-01080,UB-0080,2024-01-21,70.24,false
TX-01081,UB-0081,2024-04-25,3083.11,false
TX-01082,UB-0082,2023-10-31,2302.86,false
TX-01083,UB-0083,2024-10-05,2649.37,false
TX-01084,UB-0084,2023-07-20,1229.3,false
TX-01085,UB-0085,2024-12-05,941.13,false
TX-01086,UB-0086,2024-09-16,1541.75,false
TX-01087,UB-0087,2024-06-18,4308.11,false
TX-01088,UB-0088,2023-07-22,1251.33,false
TX-01089,UB-0089,2023-01-14,3975.75,false
TX-01090,UB-0090,2023-03-24,4727.26,false
TX-01091,UB-0091,2024-08-12,1300.99,false
TX-01092,UB-0092,2024-02-02,3588.4,false
TX-01093,UB-0093,2023-06-18,3964.32,false
TX-01094,UB-0094,2024-09-17,2624.92,false
TX-01095,UB-0095,2024-07-10,2218.63,false
TX-01096,UB-0096,2023-05-20,1367.22,false
TX-01097,UB-0097,2024-05-06,1697.75,false
TX-01098,UB-0098,2023-02-18,1437.09,false
TX-01099,UB-0099,2023-11-10,3402.29,false
TX-01100,UB-0100,2023-01-16,4320.68,false
TX-01101,UB-0101,2023-05-28,4729.85,false
TX-01102,UB-0102,2024-11-23,3723.36,false
TX-01103,UB-0103,2024-11-19,949.38,false
TX-01104,UB-0104,2023-05-06,4038.66,false
TX-01105,UB-0105,2023-07-10,4235.71,false
TX-01106,UB-0106,2024-03-19,755.77,false
TX-01107,UB-0107,2023-08-21,1277.25,false
TX-01108,UB-0108,2024-05-01,450.07,false
TX-01109,UB-0109,2023-05-06,3389.39,false
TX-01110,UB-0110,2023-02-05,3079.41,false
TX-01111,UB-0111,2023-10-12,235.8,false
TX-01112,UB-0112,2024-04-10,579.96,false
TX-01113,UB-0113,2024-12-09,4159.13,false
TX-01114,UB-0114,2024-09-14,124.88,false
TX-01115,UB-0115,2024-02-23,4250.73,false
TX-01116,UB-0116,2023-02-13,2393.96,false
TX-01117,UB-0117,2023-11-25,819.74,false
TX-01118,UB-0118,2023-11-12,4291.7,false
TX-01119,UB-0119,2024-06-03,1090.05,false
TX-01120,UB-0120,2024-10-04,4125.1,false
TX-01121,UB-0121,2023-07-10,3851.95,false
TX-01122,UB-0122,2023-08-09,1700.91,false
TX-01123,UB-0123,2023-09-27,809.43,false
TX-01124,UB-0124,2024-03-23,3334.39,false
TX-01125,UB-0125,2023-10-21,4578.56,false
TX-01126,UB-0126,2024-05-08,1132.14,false
TX-01127,UB-0127,2023-11-28,4536.56,false
TX-01128,UB-0128,2023-04-11,916.99,false
TX-01129,UB-0129,2023-08-25,1779.84,false
TX-01130,UB-0130,2024-07-15,3284.69,false
TX-01131,UB-0131,2023-04-17,2409.55,false
TX-01132,UB-0132,2023-09-28,1149.93,false
TX-01133,UB-0133,2023-10-19,2510.2,false
TX-01134,UB-0134,2023-07-30,2326.89,false
TX-01135,UB-0135,2024-03-20,1581.72,false
TX-01136,UB-0136,2023-03-29,3668.99,false
TX-01137,UB-0137,2023-01-08,2604.76,false
TX-01138,UB-0138,2023-08-24,2434.71,false
TX-01139,UB-0139,2023-09-19,3468.67,false
TX-01140,UB-0140,2023-07-28,1965.29,false
TX-01141,UB-0141,2024-12-13,747.47,false
TX-01142,UB-0142,2024-11-05,944.12,false
TX-01143,UB-0143,2023-06-29,4341.74,false
TX-01144,UB-0144,2023-09-08,490.21,false
TX-01145,UB-0145,2023-01-14,874.28,false
TX-01146,UB-0146,2024-12-08,2717.68,false
TX-01147,UB-0147,2023-09-12,178.97,false
TX-01148,UB-0148,2024-11-16,3135.62,false
TX-01149,UB-0149,2024-10-11,3327.98,false
TX-01150,UB-0150,2024-10-23,2039.97,false
TX-01151,UB-0151,2023-11-21,4107.34,false
TX-01152,UB-0152,2023-06-28,4712.06,false
TX-01153,UB-0153,2024-11-26,3386.07,false
TX-01154,UB-0154,2024-12-12,4728.79,false
TX-01155,UB-0155,2023-02-08,3725.44,false
TX-01156,UB-0156,2023-01-01,232.08,false
TX-01157,UB-0157,2023-07-26,1206.56,false
TX-01158,UB-0158,2024-02-17,604.72,false
TX-01159,UB-0159,2024-05-06,2299.9,false
TX-01160,UB-0160,2024-03-01,1118.54,false
TX-01161,UB-0161,2023-09-03,1773.15,false
TX-01162,UB-0162,2024-04-30,2111.9,false
TX-01163,UB-0163,2024-03-01,4067.02,false
TX-01164,UB-0164,2024-01-16,734.04,false
TX-01165,UB-0165,2023-12-17,3153.2,false
TX-01166,UB-0166,2024-12-05,4449.97,false
TX-01167,UB-0167,2024-11-28,4789.21,false
TX-01168,UB-0168,2024-07-08,136.76,false
TX-01169,UB-0169,2023-05-14,101.38,false
TX-01170,UB-0170,2023-03-05,88.21,false
TX-01171,UB-0171,2024-08-24,2298.76,false
TX-01172,UB-0172,2023-08-28,3540.83,false
TX-01173,UB-0173,2023-08-17,4884.68,false
TX-01174,UB-0174,2023-09-19,1277.92,false
TX-01175,UB-0175,2024-01-20,2019.88,false
TX-01176,UB-0176,2024-08-30,987.39,false
TX-01177,UB-0177,2023-07-31,4297.55,false
TX-01178,UB-0178,2024-04-27,777.94,false
TX-01179,UB-0179,2024-02-18,4197.53,false
TX-01180,UB-0180,2023-08-06,1098.06,false
TX-01181,UB-0181,2024-05-22,3642.62,false
TX-01182,UB-0182,2023-12-12,3338.08,false
TX-01183,UB-0183,2024-02-19,4987.68,false
TX-01184,UB-0184,2024-11-21,3724.37,false
TX-01185,UB-0185,2023-01-22,3167.09,false
TX-01186,UB-0186,2024-12-20,59.73,false
TX-01187,UB-0187,2024-02-01,680.29,false
TX-01188,UB-0188,2023-01-18,2440.51,false
TX-01189,UB-0189,2023-07-19,3668.92,false
TX-01190,UB-0190,2024-03-21,1932.1,false
TX-01191,UB-0191,2024-12-02,2252.92,false
TX-01192,UB-0192,2023-04-21,1303.57,false
TX-01193,UB-0193,2023-09-24,3298.07,false
TX-01194,UB-0194,2023-09-04,3519.33,false
TX-01195,UB-0195,2024-09-13,1868.69,false
TX-01196,UB-0196,2023-03-13,3710.51,false
TX-01197,UB-0197,2024-03-26,761.75,false
TX-01198,UB-0198,2024-02-15,2290.99,false
TX-01199,UB-0199,2023-08-03,281.96,false
TX-01200,UB-0200,2023-03-17,4534.31,false
TX-01201,UB-0001,2024-02-13,3232.18,false
TX-01202,UB-0002,2024-08-16,1132.18,false
TX-01203,UB-0003,2024-01-28,506.15,false
TX-01204,UB-0004,2024-04-07,3110.88,false
TX-01205,UB-0005,2023-09-28,1554.13,false
TX-01206,UB-0006,2023-11-02,1675.77,false
TX-01207,UB-0007,2023-10-13,2815.9,false
TX-01208,UB-0008,2024-07-13,4530.26,false
TX-01209,UB-0009,2023-01-09,4787.74,false
TX-01210,UB-0010,2023-11-01,4570.18,false
TX-01211,UB-0011,2024-09-30,1229.58,false
TX-01212,UB-0012,2023-07-10,409.51,false
TX-01213,UB-0013,2023-06-04,893.72,false
TX-01214,UB-0014,2024-10-26,3144.55,false
TX-01215,UB-0015,2023-04-03,2152.26,false
TX-01216,UB-0016,2023-09-02,853.32,false
TX-01217,UB-0017,2024-06-19,546.13,false
TX-01218,UB-0018,2024-01-17,2960.49,false
TX-01219,UB-0019,2023-07-15,937.15,false
TX-01220,UB-0020,2023-11-27,4824.74,false
TX-01221,UB-0021,2024-11-23,2316.12,false
TX-01222,UB-0022,2024-02-17,1444.06,false
TX-01223,UB-0023,2023-08-27,745.25,false
TX-01224,UB-0024,2023-07-22,1129.48,false
TX-01225,UB-0025,2023-01-28,1059.7,false
TX-01226,UB-0026,2023-02-01,2223.19,false
TX-01227,UB-0027,2024-07-30,1044.32,false
TX-01228,UB-0028,2023-06-24,4649.59,false
TX-01229,UB-0029,2024-06-27,4043.37,false
TX-01230,UB-0030,2023-01-25,599.62,false
TX-01231,UB-0031,2024-01-30,1457.56,false
TX-01232,UB-0032,2024-03-04,1199.54,false
TX-01233,UB-0033,2023-07-12,1434.55,false
TX-01234,UB-0034,2023-05-06,2792.0,false
TX-01235,UB-0035,2024-04-18,4255.54,false
TX-01236,UB-0036,2024-05-06,4711.88,false
TX-01237,UB-0037,2023-12-03,3732.31,false
TX-01238,UB-0038,2023-10-02,4333.4,false
TX-01239,UB-0039,2024-11-15,3905.99,false
TX-01240,UB-0040,2023-10-16,504.56,false
TX-01241,UB-0041,2024-05-13,4339.62,false
TX-01242,UB-0042,2024-10-11,1661.6,false
TX-01243,UB-0043,2023-03-07,1603.11,false
TX-01244,UB-0044,2024-02-26,4844.93,false
TX-01245,UB-0045,2024-09-08,1194.66,false
TX-01246,UB-0046,2023-11-04,2370.56,false
TX-01247,UB-0047,2023-07-04,3041.27,false
TX-01248,UB-0048,2024-10-24,2741.9,false
TX-01249,UB-0049,2024-12-29,488.85,false
TX-01250,UB-0050,2023-02-14,1539.87,false
TX-01251,UB-0051,2024-01-19,1811.99,false
TX-01252,UB-0052,2023-12-21,622.4,false
TX-01253,UB-0053,2023-05-15,4594.13,false
TX-01254,UB-0054,2023-12-24,3148.46,false
TX-01255,UB-0055,2023-01-02,2719.67,false
TX-01256,UB-0056,2024-09-02,4381.59,false
TX-01257,UB-0057,2023-11-25,1729.13,false
TX-01258,UB-0058,2023-04-21,3140.29,false
TX-01259,UB-0059,2023-12-17,131.53,false
TX-01260,UB-0060,2024-10-11,1531.86,false
TX-01261,UB-0061,2023-05-26,3101.14,false
TX-01262,UB-0062,2024-01-27,1549.5,false
TX-01263,UB-0063,2023-12-20,1868.95,false
TX-01264,UB-0064,2024-09-08,4248.88,false
TX-01265,UB-0065,2023-03-23,1793.95,false
TX-01266,UB-0066,2023-07-11,2081.36,false
TX-01267,UB-0067,2023-12-15,403.11,false
TX-01268,UB-0068,2024-11-29,369.11,false
TX-01269,UB-0069,2024-08-25,2776.57,false
TX-01270,UB-0070,2023-12-16,1084.49,false
TX-01271,UB-0071,2023-08-03,4440.95,false
TX-01272,UB-0072,2024-01-01,4294.33,false
TX-01273,UB-0073,2024-11-11,4585.23,false
TX-01274,UB-0074,2024-08-22,4707.24,false
TX-01275,UB-0075,2024-02-13,4654.71,false
TX-01276,UB-0076,2023-02-12,1602.22,false
TX-01277,UB-0077,2023-08-30,4494.11,false
TX-01278,UB-0078,2024-11-19,701.35,false
TX-01279,UB-0079,2023-07-04,540.41,false
TX-01280,UB-0080,2023-05-09,1524.42,false
TX-01281,UB-0081,2023-10-09,1883.01,false
TX-01282,UB-0082,2024-03-29,2392.27,false
TX-01283,UB-0083,2024-12-02,1240.69,false
TX-01284,UB-0084,2023-03-23,889.68,false
TX-01285,UB-0085,2024-08-05,451.82,false
TX-01286,UB-0086,2024-01-28,2606.03,false
TX-01287,UB-0087,2023-10-31,176.37,false
TX-01288,UB-0088,2023-11-04,811.98,false
TX-01289,UB-0089,2023-02-19,1898.13,false
TX-01290,UB-0090,2024-06-25,302.71,false
TX-01291,UB-0091,2023-02-10,1616.42,false
TX-01292,UB-0092,2024-04-27,246.6,false
TX-01293,UB-0093,2023-03-04,4127.23,false
TX-01294,UB-0094,2024-10-06,4678.16,false
TX-01295,UB-0095,2023-08-19,1930.97,false
TX-01296,UB-0096,2023-10-14,1528.39,false
TX-01297,UB-0097,2024-09-25,4136.18,false
TX-01298,UB-0098,2024-02-16,434.11,false
TX-01299,UB-0099,2023-08-08,3158.4,false
TX-01300,UB-0100,2024-04-19,4467.68,false
TX-01301,UB-0101,2023-09-26,4635.26,false
TX-01302,UB-0102,2024-12-29,4223.9,false
TX-01303,UB-0103,2024-04-27,1329.56,false
TX-01304,UB-0104,2023-12-24,1693.88,false
TX-01305,UB-0105,2024-12-02,2441.67,false
TX-01306,UB-0106,2024-07-20,1813.71,false
TX-01307,UB-0107,2024-12-12,2050.43,false
TX-01308,UB-0108,2024-12-19,1041.86,false
TX-01309,UB-0109,2024-04-20,4240.69,false
TX-01310,UB-0110,2024-02-19,3088.24,false
TX-01311,UB-0111,2024-03-01,4621.06,false
TX-01312,UB-0112,2024-03-04,110.92,false
TX-01313,UB-0113,2024-02-09,2310.94,false
TX-01314,UB-0114,2023-11-11,1989.34,false
TX-01315,UB-0115,2024-03-13,2910.92,false
TX-01316,UB-0116,2023-12-18,1479.23,false
TX-01317,UB-0117,2024-08-06,3659.43,false
TX-01318,UB-0118,2024-01-18,467.33,false
TX-01319,UB-0119,2024-11-03,3946.64,false
TX-01320,UB-0120,2024-10-23,388.94,false
TX-01321,UB-0121,2023-04-10,3296.86,false
TX-01322,UB-0122,2024-10-28,2785.13,false
TX-01323,UB-0123,2023-04-04,1012.95,false
TX-01324,UB-0124,2023-08-24,350.47,false
TX-01325,UB-0125,2024-11-30,3797.28,false
TX-01326,UB-0126,2023-03-31,3164.16,false
TX-01327,UB-0127,2024-08-12,2257.11,false
TX-01328,UB-0128,2023-07-24,1532.38,false
TX-01329,UB-0129,2023-03-04,15.94,false
TX-01330,UB-0130,2023-09-12,3825.09,false
TX-01331,UB-0131,2024-04-19,232.2,false
TX-01332,UB-0132,2023-01-22,1369.71,false
TX-01333,UB-0133,2023-05-24,3747.25,false
TX-01334,UB-0134,2024-10-15,3075.15,false
TX-01335,UB-0135,2023-02-11,1530.47,false
TX-01336,UB-0136,2024-05-03,4394.86,false
TX-01337,UB-0137,2023-05-14,1304.44,false
TX-01338,UB-0138,2023-01-08,2838.29,false
TX-01339,UB-0139,2024-04-23,72.32,false
TX-01340,UB-0140,2024-09-17,4187.27,false
TX-01341,UB-0141,2023-03-10,4319.36,false
TX-01342,UB-0142,2023-05-28,4416.07,false
TX-01343,UB-0143,2023-12-01,2702.71,false
TX-01344,UB-0144,2024-12-27,2128.22,false
TX-01345,UB-0145,2024-06-14,1921.02,false
TX-01346,UB-0146,2024-03-22,1160.99,false
TX-01347,UB-0147,2024-07-07,357.51,false
TX-01348,UB-0148,2024-07-08,863.28,false
TX-01349,UB-0149,2023-11-13,3411.77,false
TX-01350,UB-0150,2023-09-26,96.36,false
TX-01351,UB-0151,2024-11-20,279.62,false
TX-01352,UB-0152,2024-08-13,4153.22,false
TX-01353,UB-0153,2024-07-27,940.1,false
TX-01354,UB-0154,2023-05-19,393.7,false
TX-01355,UB-0155,2023-12-13,1790.48,false
TX-01356,UB-0156,2023-10-16,4958.55,false
TX-01357,UB-0157,2023-01-03,3250.71,false
TX-01358,UB-0158,2023-06-20,3788.38,false
TX-01359,UB-0159,2024-02-03,2032.38,false
TX-01360,UB-0160,2023-09-15,1960.51,false
TX-01361,UB-0161,2024-06-21,3683.33,false
TX-01362,UB-0162,2024-02-28,1678.81,false
TX-01363,UB-0163,2024-11-16,725.24,false
TX-01364,UB-0164,2023-09-11,770.86,false
TX-01365,UB-0165,2024-02-11,264.92,false
TX-01366,UB-0166,2023-07-15,1520.05,false
TX-01367,UB-0167,2024-03-10,4399.71,false
TX-01368,UB-0168,2024-01-23,3036.64,false
TX-01369,UB-0169,2024-12-14,1002.19,false
TX-01370,UB-0170,2024-11-26,406.71,false
TX-01371,UB-0171,2024-12-12,2736.19,false
TX-01372,UB-0172,2023-09-01,4278.57,false
TX-01373,UB-0173,2024-10-14,2588.64,false
TX-01374,UB-0174,2024-09-15,3846.45,false
TX-01375,UB-0175,2024-06-21,3804.66,false
TX-01376,UB-0176,2023-09-26,4302.61,false
TX-01377,UB-0177,2023-03-25,1645.71,false
TX-01378,UB-0178,2023-01-19,503.52,false
TX-01379,UB-0179,2024-09-07,4882.37,false
TX-01380,UB-0180,2024-04-24,2596.61,false
TX-01381,UB-0181,2024-06-04,4541.43,false
TX-01382,UB-0182,2023-03-14,2111.36,false
TX-01383,UB-0183,2023-10-14,4406.21,false
TX-01384,UB-0184,2023-02-13,2152.06,false
TX-01385,UB-0185,2024-06-13,3657.37,false
TX-01386,UB-0186,2023-01-22,1006.53,false
TX-01387,UB-0187,2023-01-22,729.77,false
TX-01388,UB-0188,2023-11-26,3059.81,false
TX-01389,UB-0189,2024-12-15,4306.51,false
TX-01390,UB-0190,2024-09-06,3332.39,false
TX-01391,UB-0191,2023-08-05,3925.74,false
TX-01392,UB-0192,2024-11-30,528.43,false
TX-01393,UB-0193,2023-12-20,1902.6,false
TX-01394,UB-0194,2023-10-03,998.53,false
TX-01395,UB-0195,2023-06-13,583.66,false
TX-01396,UB-0196,2023-02-25,4321.89,false
TX-01397,UB-0197,2024-09-09,3294.26,false
TX-01398,UB-0198,2024-03-03,1452.12,false
TX-01399,UB-0199,2023-09-28,4938.69,false
TX-01400,UB-0200,2023-11-20,4820.92,false
TX-01401,UB-0001,2024-03-19,981.87,false
TX-01402,UB-0002,2024-04-05,2939.06,false
TX-01403,UB-0003,2023-11-28,4065.84,false
TX-01404,UB-0004,2024-05-27,2319.91,false
TX-01405,UB-0005,2023-08-18,2735.07,false
TX-01406,UB-0006,2023-09-29,3128.22,false
TX-01407,UB-0007,2023-05-20,870.73,false
TX-01408,UB-0008,2023-05-02,221.2,false
TX-01409,UB-0009,2023-08-06,1477.47,false
TX-01410,UB-0010,2023-03-09,4122.07,false
TX-01411,UB-0011,2024-03-27,1980.64,false
TX-01412,UB-0012,2023-06-17,721.06,false
TX-01413,UB-0013,2024-10-25,1747.71,false
TX-01414,UB-0014,2024-04-18,1015.21,false
TX-01415,UB-0015,2024-03-28,4286.47,false
TX-01416,UB-0016,2023-09-28,996.4,false
TX-01417,UB-0017,2024-03-25,4009.66,false
TX-01418,UB-0018,2024-04-26,1843.01,false
TX-01419,UB-0019,2024-06-13,1819.08,false
TX-01420,UB-0020,2023-04-03,1202.53,false
TX-01421,UB-0021,2023-11-20,3876.42,false
TX-01422,UB-0022,2024-02-29,4740.91,false
TX-01423,UB-0023,2024-10-17,19.92,false
TX-01424,UB-0024,2023-01-21,2818.34,false
TX-01425,UB-0025,2024-06-28,2210.67,false
TX-01426,UB-0026,2024-03-28,2894.67,false
TX-01427,UB-0027,2024-06-12,678.13,false
TX-01428,UB-0028,2023-04-22,4550.51,false
TX-01429,UB-0029,2023-08-30,2259.9,false
TX-01430,UB-0030,2024-01-14,178.57,false
TX-01431,UB-0031,2024-05-26,7.68,false
TX-01432,UB-0032,2023-08-01,4945.4,false
TX-01433,UB-0033,2024-05-22,13.52,false
TX-01434,UB-0034,2023-02-04,2380.46,false
TX-01435,UB-0035,2024-05-11,840.99,false
TX-01436,UB-0036,2023-01-03,864.44,false
TX-01437,UB-0037,2024-02-12,436.34,false
TX-01438,UB-0038,2024-05-22,4056.25,false
TX-01439,UB-0039,2023-04-01,1074.0,false
TX-01440,UB-0040,2023-07-22,4084.27,false
TX-01441,UB-0041,2024-11-05,4114.79,false
TX-01442,UB-0042,2023-05-26,2484.55,false
TX-01443,UB-0043,2023-09-20,3459.12,false
TX-01444,UB-0044,2024-02-20,1185.88,false
TX-01445,UB-0045,2024-01-10,4573.34,false
TX-01446,UB-0046,2023-10-02,2706.15,false
TX-01447,UB-0047,2024-11-11,4662.17,false
TX-01448,UB-0048,2024-01-15,124.55,false
TX-01449,UB-0049,2023-08-03,2470.36,false
TX-01450,UB-0050,2023-02-14,2592.22,false
TX-01451,UB-0051,2023-01-04,4799.73,false
TX-01452,UB-0052,2023-10-23,2081.48,false
TX-01453,UB-0053,2023-11-19,4400.31,false
TX-01454,UB-0054,2024-06-12,3954.49,false
TX-01455,UB-0055,2024-07-01,825.41,false
TX-01456,UB-0056,2023-10-24,2037.82,false
TX-01457,UB-0057,2023-03-07,3482.73,false
TX-01458,UB-0058,2023-04-14,1463.52,false
TX-01459,UB-0059,2024-11-18,4091.03,false
TX-01460,UB-0060,2023-06-07,4572.91,false
TX-01461,UB-0061,2024-02-26,4561.51,false
TX-01462,UB-0062,2023-12-04,417.06,false
TX-01463,UB-0063,2023-09-03,784.85,false
TX-01464,UB-0064,2023-07-15,4249.58,false
TX-01465,UB-0065,2023-06-14,506.15,false
TX-01466,UB-0066,2023-08-27,1986.12,false
TX-01467,UB-0067,2024-05-11,2922.35,false
TX-01468,UB-0068,2024-05-14,2043.52,false
TX-01469,UB-0069,2024-04-14,2805.02,false
TX-01470,UB-0070,2023-07-13,92.8,false
TX-01471,UB-0071,2023-09-01,347.16,false
TX-01472,UB-0072,2023-12-09,173.87,false
TX-01473,UB-0073,2023-07-22,1284.32,false
TX-01474,UB-0074,2024-08-08,21.13,false
TX-01475,UB-0075,2023-07-06,1426.94,false
TX-01476,UB-0076,2023-06-20,3539.92,false
TX-01477,UB-0077,2023-07-21,1385.39,false
TX-01478,UB-0078,2023-08-11,4018.89,false
TX-01479,UB-0079,2024-08-17,2624.03,false
TX-01480,UB-0080,2023-10-12,2170.56,false
TX-01481,UB-0081,2023-06-08,1946.51,false
TX-01482,UB-0082,2024-10-22,1408.27,false
TX-01483,UB-0083,2023-06-10,366.5,false
TX-01484,UB-0084,2023-10-13,2181.71,false
TX-01485,UB-0085,2023-08-28,3491.64,false
TX-01486,UB-0086,2023-03-23,722.95,false
TX-01487,UB-0087,2023-10-02,123.68,false
TX-01488,UB-0088,2023-07-09,4317.27,false
TX-01489,UB-0089,2023-07-15,2987.67,false
TX-01490,UB-0090,2024-09-09,286.53,false
TX-01491,UB-0091,2024-04-22,864.73,false
TX-01492,UB-0092,2023-09-13,3636.06,false
TX-01493,UB-0093,2024-01-26,283.79,false
TX-01494,UB-0094,2023-05-14,641.01,false
TX-01495,UB-0095,2023-04-24,2225.48,false
TX-01496,UB-0096,2023-07-02,3621.54,false
TX-01497,UB-0097,2024-10-22,141.41,false
TX-01498,UB-0098,2024-02-16,4112.17,false
TX-01499,UB-0099,2023-10-23,1110.47,false
TX-01500,UB-0100,2023-10-05,2144.62,false
TX-01501,UB-0101,2023-08-14,3017.59,false
TX-01502,UB-0102,2023-06-02,4203.47,false
TX-01503,UB-0103,2023-12-10,1928.32,false
TX-01504,UB-0104,2024-01-09,4743.41,false
TX-01505,UB-0105,2023-06-17,3098.03,false
TX-01506,UB-0106,2024-04-19,2302.91,false
TX-01507,UB-0107,2024-06-02,3299.6,false
TX-01508,UB-0108,2023-02-10,4677.53,false
TX-01509,UB-0109,2023-01-10,1098.7,false
TX-01510,UB-0110,2024-06-05,4584.46,false
TX-01511,UB-0111,2023-03-13,4547.7,false
TX-01512,UB-0112,2023-10-28,3893.77,false
TX-01513,UB-0113,2023-01-17,4968.5,false
TX-01514,UB-0114,2023-03-02,3508.71,false
TX-01515,UB-0115,2023-12-23,4989.95,false
TX-01516,UB-0116,2024-04-11,1530.82,false
TX-01517,UB-0117,2024-01-02,1420.27,false
TX-01518,UB-0118,2023-03-15,4721.71,false
TX-01519,UB-0119,2024-04-13,4213.94,false
TX-01520,UB-0120,2023-04-18,2112.34,false
TX-01521,UB-0121,2024-04-27,2906.28,false
TX-01522,UB-0122,2023-04-25,2684.65,false
TX-01523,UB-0123,2023-09-18,1022.53,false
TX-01524,UB-0124,2024-12-16,181.83,false
TX-01525,UB-0125,2024-03-25,3828.04,false
TX-01526,UB-0126,2023-07-01,247.19,false
TX-01527,UB-0127,2024-09-16,4508.92,false
TX-01528,UB-0128,2023-04-12,4666.33,false
TX-01529,UB-0129,2023-03-18,4514.43,false
TX-01530,UB-0130,2024-09-01,4553.77,false
TX-01531,UB-0131,2023-04-24,3626.37,false
TX-01532,UB-0132,2023-11-10,4843.28,false
TX-01533,UB-0133,2023-12-31,3326.34,false
TX-01534,UB-0134,2024-03-12,1606.58,false
TX-01535,UB-0135,2024-09-01,724.53,false
TX-01536,UB-0136,2023-02-08,1799.38,false
TX-01537,UB-0137,2023-06-01,3071.08,false
TX-01538,UB-0138,2024-09-24,3876.73,false
TX-01539,UB-0139,2023-01-04,3472.52,false
TX-01540,UB-0140,2023-08-17,1613.27,false
TX-01541,UB-0141,2023-04-10,230.35,false
TX-01542,UB-0142,2023-09-12,3229.45,false
TX-01543,UB-0143,2023-03-26,649.18,false
TX-01544,UB-0144,2023-05-24,3469.35,false
TX-01545,UB-0145,2024-03-09,354.01,false
TX-01546,UB-0146,2024-11-20,4132.57,false
TX-01547,UB-0147,2024-05-03,2897.72,false
TX-01548,UB-0148,2024-03-03,366.29,false
TX-01549,UB-0149,2023-12-21,315.99,false
TX-01550,UB-0150,2023-12-15,2765.19,false
TX-01551,UB-0151,2023-02-19,591.08,false
TX-01552,UB-0152,2023-07-11,610.57,false
TX-01553,UB-0153,2024-01-15,1750.48,false
TX-01554,UB-0154,2023-10-22,3135.33,false
TX-01555,UB-0155,2024-01-16,2306.83,false
TX-01556,UB-0156,2024-03-26,536.3,false
TX-01557,UB-0157,2023-11-14,4309.36,false
TX-01558,UB-0158,2023-01-15,3612.12,false
TX-01559,UB-0159,2024-12-13,1275.74,false
TX-01560,UB-0160,2023-01-24,3485.69,false
TX-01561,UB-0161,2023-07-23,4800.08,false
TX-01562,UB-0162,2024-11-11,391.35,false
TX-01563,UB-0163,2024-07-26,72.34,false
TX-01564,UB-0164,2023-10-26,4197.9,false
TX-01565,UB-0165,2023-07-28,3477.75,false
TX-01566,UB-0166,2024-12-16,4926.96,false
TX-01567,UB-0167,2024-06-14,1288.93,false
TX-01568,UB-0168,2024-05-19,3095.4,false
TX-01569,UB-0169,2023-01-06,2397.66,false
TX-01570,UB-0170,2024-12-02,1010.39,false
TX-01571,UB-0171,2023-12-29,1177.83,false
TX-01572,UB-0172,2024-02-10,2143.15,false
TX-01573,UB-0173,2024-08-27,4355.14,false
TX-01574,UB-0174,2024-12-07,146.97,false
TX-01575,UB-0175,2023-01-20,1932.61,false
TX-01576,UB-0176,2023-07-04,4793.01,false
TX-01577,UB-0177,2024-08-21,2531.33,false
TX-01578,UB-0178,2024-06-03,441.1,false
TX-01579,UB-0179,2023-07-16,3836.42,false
TX-01580,UB-0180,2023-03-06,22.66,false
TX-01581,UB-0181,2023-03-28,3688.22,false
TX-01582,UB-0182,2023-08-18,2828.11,false
TX-01583,UB-0183,2024-09-27,1931.83,false
TX-01584,UB-0184,2024-04-24,2019.14,false
TX-01585,UB-0185,2023-08-12,4612.65,false
TX-01586,UB-0186,2024-08-30,3743.08,false
TX-01587,UB-0187,2023-10-30,1021.28,false
TX-01588,UB-0188,2024-03-12,2446.94,false
TX-01589,UB-0189,2023-01-21,417.54,false
TX-01590,UB-0190,2024-11-24,3039.48,false
TX-01591,UB-0191,2023-05-14,3089.98,false
TX-01592,UB-0192,2023-02-12,4494.59,false
TX-01593,UB-0193,2024-08-11,4554.04,false
TX-01594,UB-0194,2024-02-04,3842.27,false
TX-01595,UB-0195,2024-02-05,3124.61,false
TX-01596,UB-0196,2023-07-07,268.8,false
TX-01597,UB-0197,2023-01-23,1525.15,false
TX-01598,UB-0198,2023-10-26,1402.9,false
TX-01599,UB-0199,2024-06-11,1686.09,false
TX-01600,UB-0200,2023-03-14,3089.49,false
TX-01601,UB-0001,2023-03-31,4325.25,false
TX-01602,UB-0002,2024-10-28,4451.73,false
TX-01603,UB-0003,2023-11-12,2731.51,false
TX-01604,UB-0004,2024-11-20,2959.67,false
TX-01605,UB-0005,2023-12-07,132.55,false
TX-01606,UB-0006,2024-10-14,2111.38,false
TX-01607,UB-0007,2023-08-02,3100.93,false
TX-01608,UB-0008,2023-03-28,1478.36,false
TX-01609,UB-0009,2024-03-23,1393.05,false
TX-01610,UB-0010,2024-12-17,3583.12,false
TX-01611,UB-0011,2024-06-24,3318.81,false
TX-01612,UB-0012,2024-02-01,2521.95,false
TX-01613,UB-0013,2023-03-30,914.87,false
TX-01614,UB-0014,2024-08-25,4630.65,false
TX-01615,UB-0015,2024-09-06,3030.57,false
TX-01616,UB-0016,2024-07-24,4855.25,false
TX-01617,UB-0017,2023-11-01,2303.03,false
TX-01618,UB-0018,2023-07-17,3021.42,false
TX-01619,UB-0019,2024-03-04,3745.14,false
TX-01620,UB-0020,2024-11-14,3617.88,false
TX-01621,UB-0021,2023-12-16,3396.21,false
TX-01622,UB-0022,2024-06-06,482.33,false
TX-01623,UB-0023,2023-12-04,4314.21,false
TX-01624,UB-0024,2024-08-15,3986.74,false
TX-01625,UB-0025,2024-01-02,2782.96,false
TX-01626,UB-0026,2024-11-01,2957.61,false
TX-01627,UB-0027,2023-09-03,3246.03,false
TX-01628,UB-0028,2023-12-28,3413.51,false
TX-01629,UB-0029,2024-08-19,1311.86,false
TX-01630,UB-0030,2023-10-04,2210.85,false
TX-01631,UB-0031,2023-09-23,1323.16,false
TX-01632,UB-0032,2024-06-21,4881.8,false
TX-01633,UB-0033,2024-07-06,579.44,false
TX-01634,UB-0034,2023-06-19,4513.19,false
TX-01635,UB-0035,2023-07-18,4053.99,false
TX-01636,UB-0036,2024-02-18,1957.68,false
TX-01637,UB-0037,2024-06-24,3917.79,false
TX-01638,UB-0038,2023-08-09,2293.57,false
TX-01639,UB-0039,2023-05-04,4316.93,false
TX-01640,UB-0040,2024-06-19,3440.2,false
TX-01641,UB-0041,2023-03-19,3930.6,false
TX-01642,UB-0042,2023-05-09,4782.28,false
TX-01643,UB-0043,2024-12-04,4892.29,false
TX-01644,UB-0044,2024-11-12,4866.62,false
TX-01645,UB-0045,2024-12-09,4932.54,false
TX-01646,UB-0046,2023-01-27,3112.23,false
TX-01647,UB-0047,2023-09-02,3510.75,false
TX-01648,UB-0048,2023-04-09,156.49,false
TX-01649,UB-0049,2023-03-09,868.76,false
TX-01650,UB-0050,2023-01-02,316.99,false
TX-01651,UB-0051,2024-11-14,3877.46,false
TX-01652,UB-0052,2024-07-20,847.5,false
TX-01653,UB-0053,2023-01-09,3933.54,false
TX-01654,UB-0054,2023-04-13,2926.43,false
TX-01655,UB-0055,2024-09-02,2801.52,false
TX-01656,UB-0056,2024-04-04,680.26,false
TX-01657,UB-0057,2024-06-29,3643.51,false
TX-01658,UB-0058,2023-09-30,4666.85,false
TX-01659,UB-0059,2023-07-17,3002.02,false
TX-01660,UB-0060,2023-08-24,2239.66,false
TX-01661,UB-0061,2023-11-13,2279.75,false
TX-01662,UB-0062,2023-07-18,730.59,false
TX-01663,UB-0063,2023-01-28,371.38,false
TX-01664,UB-0064,2024-09-16,4831.67,false
TX-01665,UB-0065,2023-08-06,3974.52,false
TX-01666,UB-0066,2023-06-23,4419.4,false
TX-01667,UB-0067,2023-05-02,4268.31,false
TX-01668,UB-0068,2024-06-01,1739.67,false
TX-01669,UB-0069,2023-01-03,1349.74,false
TX-01670,UB-0070,2023-03-22,2484.11,false
TX-01671,UB-0071,2023-09-01,3214.74,false
TX-01672,UB-0072,2023-10-04,4778.92,false
TX-01673,UB-0073,2023-10-08,637.37,false
TX-01674,UB-0074,2023-07-10,3404.17,false
TX-01675,UB-0075,2024-09-26,4539.33,false
TX-01676,UB-0076,2023-04-21,4836.37,false
TX-01677,UB-0077,2023-08-29,1660.0,false
TX-01678,UB-0078,2024-08-05,2534.19,false
TX-01679,UB-0079,2024-02-12,2230.59,false
TX-01680,UB-0080,2023-01-14,2086.56,false
TX-01681,UB-0081,2024-10-01,1470.57,false
TX-01682,UB-0082,2023-07-20,4021.16,false
TX-01683,UB-0083,2024-08-20,1178.02,false
TX-01684,UB-0084,2023-01-30,3357.63,false
TX-01685,UB-0085,2023-11-12,1693.48,false
TX-01686,UB-0086,2024-07-06,2136.2,false
TX-01687,UB-0087,2023-10-10,4009.24,false
TX-01688,UB-0088,2023-08-04,3200.68,false
TX-01689,UB-0089,2024-11-19,3999.08,false
TX-01690,UB-0090,2024-08-03,1624.29,false
TX-01691,UB-0091,2024-02-14,4172.46,false
TX-01692,UB-0092,2024-06-03,4738.09,false
TX-01693,UB-0093,2023-02-13,269.16,false
TX-01694,UB-0094,2024-06-11,1145.51,false
TX-01695,UB-0095,2024-07-06,2972.57,false
TX-01696,UB-0096,2024-07-11,3842.08,false
TX-01697,UB-0097,2023-03-26,1761.83,false
TX-01698,UB-0098,2024-12-05,3778.08,false
TX-01699,UB-0099,2024-04-14,3960.68,false
TX-01700,UB-0100,2023-12-24,145.77,false
TX-01701,UB-0101,2023-03-15,2441.19,false
TX-01702,UB-0102,2023-02-04,4038.94,false
TX-01703,UB-0103,2023-04-22,1920.21,false
TX-01704,UB-0104,2023-01-09,3584.51,false
TX-01705,UB-0105,2023-09-12,139.89,false
TX-01706,UB-0106,2023-10-03,1145.56,false
TX-01707,UB-0107,2023-03-06,4138.57,false
TX-01708,UB-0108,2024-08-25,1469.59,false
TX-01709,UB-0109,2023-11-12,3101.5,false
TX-01710,UB-0110,2023-12-18,2580.79,false
TX-01711,UB-0111,2024-02-02,1606.39,false
TX-01712,UB-0112,2024-12-20,4321.03,false
TX-01713,UB-0113,2023-08-13,4511.2,false
TX-01714,UB-0114,2023-12-12,1451.53,false
TX-01715,UB-0115,2024-10-24,1240.78,false
TX-01716,UB-0116,2023-11-11,4392.42,false
TX-01717,UB-0117,2023-09-28,3660.06,false
TX-01718,UB-0118,2024-08-08,4109.7,false
TX-01719,UB-0119,2023-10-04,1639.71,false
TX-01720,UB-0120,2024-04-01,1199.32,false
TX-01721,UB-0121,2023-10-21,3939.29,false
TX-01722,UB-0122,2023-12-25,134.49,false
TX-01723,UB-0123,2023-04-04,1625.22,false
TX-01724,UB-0124,2023-09-20,2195.38,false
TX-01725,UB-0125,2024-07-18,3097.55,false
TX-01726,UB-0126,2024-08-03,1652.0,false
TX-01727,UB-0127,2024-04-14,3160.7,false
TX-01728,UB-0128,2023-09-27,4093.58,false
TX-01729,UB-0129,2023-09-08,3083.95,false
TX-01730,UB-0130,2023-08-21,1644.4,false
TX-01731,UB-0131,2023-01-16,2980.44,false
TX-01732,UB-0132,2023-07-09,4028.27,false
TX-01733,UB-0133,2024-11-24,2401.57,false
TX-01734,UB-0134,2024-05-04,4980.67,false
TX-01735,UB-0135,2023-11-10,4603.32,false
TX-01736,UB-0136,2024-06-14,2780.8,false
TX-01737,UB-0137,2023-11-10,2538.28,false
TX-01738,UB-0138,2023-10-24,157.88,false
TX-01739,UB-0139,2023-08-11,3475.37,false
TX-01740,UB-0140,2023-04-19,2640.18,false
TX-01741,UB-0141,2023-12-31,1424.43,false
TX-01742,UB-0142,2024-05-10,1385.79,false
TX-01743,UB-0143,2024-01-14,4286.07,false
TX-01744,UB-0144,2023-03-29,1745.57,false
TX-01745,UB-0145,2024-02-20,4866.18,false
TX-01746,UB-0146,2024-02-28,3401.46,false
TX-01747,UB-0147,2024-08-16,4405.58,false
TX-01748,UB-0148,2024-04-09,3632.21,false
TX-01749,UB-0149,2024-10-24,1768.0,false
TX-01750,UB-0150,2023-08-04,354.28,false
TX-01751,UB-0151,2024-07-04,1500.22,false
TX-01752,UB-0152,2023-10-15,4389.74,false
TX-01753,UB-0153,2024-01-01,2665.58,false
TX-01754,UB-0154,2024-10-09,3210.76,false
TX-01755,UB-0155,2024-09-08,1541.5,false
TX-01756,UB-0156,2023-07-29,800.51,false
TX-01757,UB-0157,2024-02-11,4710.5,false
TX-01758,UB-0158,2023-03-11,390.91,false
TX-01759,UB-0159,2024-04-19,1158.22,false
TX-01760,UB-0160,2024-12-18,3611.17,false
TX-01761,UB-0161,2023-04-15,715.62,false
TX-01762,UB-0162,2023-10-19,2954.33,false
TX-01763,UB-0163,2024-10-10,2237.71,false
TX-01764,UB-0164,2023-03-04,487.05,false
TX-01765,UB-0165,2023-12-12,3451.75,false
TX-01766,UB-0166,2023-09-26,4290.22,false
TX-01767,UB-0167,2024-10-15,1650.99,false
TX-01768,UB-0168,2023-02-23,3473.13,false
TX-01769,UB-0169,2023-04-18,2873.01,false
TX-01770,UB-0170,2024-10-27,1324.02,false
TX-01771,UB-0171,2023-06-08,671.74,false
TX-01772,UB-0172,2023-10-09,520.5,false
TX-01773,UB-0173,2023-06-15,3782.78,false
TX-01774,UB-0174,2024-04-17,1888.91,false
TX-01775,UB-0175,2023-02-04,1620.81,false
TX-01776,UB-0176,2024-02-04,4460.12,false
TX-01777,UB-0177,2023-01-02,4970.53,false
TX-01778,UB-0178,2023-04-27,1842.73,false
TX-01779,UB-0179,2023-12-26,2031.44,false
TX-01780,UB-0180,2023-01-28,3576.32,false
TX-01781,UB-0181,2023-02-04,2937.85,false
TX-01782,UB-0182,2023-05-03,4093.52,false
TX-01783,UB-0183,2023-07-03,2739.17,false
TX-01784,UB-0184,2023-03-24,3762.74,false
TX-01785,UB-0185,2023-02-17,2749.19,false
TX-01786,UB-0186,2023-06-19,579.34,false
TX-01787,UB-0187,2024-08-03,899.42,false
TX-01788,UB-0188,2024-02-12,2612.29,false
TX-01789,UB-0189,2024-04-06,1144.26,false
TX-01790,UB-0190,2023-03-07,3268.62,false
TX-01791,UB-0191,2023-06-04,2710.84,false
TX-01792,UB-0192,2024-05-20,1970.65,false
TX-01793,UB-0193,2023-09-05,4986.81,false
TX-01794,UB-0194,2024-02-24,4920.05,false
TX-01795,UB-0195,2024-01-11,943.08,false
TX-01796,UB-0196,2024-08-25,632.38,false
TX-01797,UB-0197,2024-01-30,1498.25,false
TX-01798,UB-0198,2024-09-17,2081.5,false
TX-01799,UB-0199,2023-09-29,1560.96,false
TX-01800,UB-0200,2024-04-14,4282.42,false
TX-01801,UB-0001,2023-06-22,4984.71,false
TX-01802,UB-0002,2023-11-30,458.67,false
TX-01803,UB-0003,2023-03-29,3839.92,false
TX-01804,UB-0004,2023-06-30,274.85,false
TX-01805,UB-0005,2024-05-18,2203.16,false
TX-01806,UB-0006,2024-04-10,4180.56,false
TX-01807,UB-0007,2023-05-30,625.1,false
TX-01808,UB-0008,2023-03-14,2128.43,false
TX-01809,UB-0009,2024-02-19,1874.53,false
TX-01810,UB-0010,2024-06-16,3468.41,false
TX-01811,UB-0011,2023-08-10,2967.46,false
TX-01812,UB-0012,2023-07-19,3136.63,false
TX-01813,UB-0013,2024-08-13,2194.69,false
TX-01814,UB-0014,2023-01-25,4754.74,false
TX-01815,UB-0015,2023-02-22,89.13,false
TX-01816,UB-0016,2023-07-26,4356.27,false
TX-01817,UB-0017,2023-02-06,4172.96,false
TX-01818,UB-0018,2023-04-25,4653.55,false
TX-01819,UB-0019,2023-08-22,1575.52,false
TX-01820,UB-0020,2024-08-07,4868.95,false
TX-01821,UB-0021,2024-09-17,224.04,false
TX-01822,UB-0022,2023-11-13,3794.32,false
TX-01823,UB-0023,2024-09-23,1456.05,false
TX-01824,UB-0024,2023-01-27,2183.38,false
TX-01825,UB-0025,2023-03-05,4795.66,false
TX-01826,UB-0026,2023-05-31,708.81,false
TX-01827,UB-0027,2024-09-08,2351.67,false
TX-01828,UB-0028,2024-12-24,4290.44,false
TX-01829,UB-0029,2023-09-01,701.59,false
TX-01830,UB-0030,2023-07-12,1276.37,false
TX-01831,UB-0031,2023-03-29,2313.02,false
TX-01832,UB-0032,2024-02-13,3329.53,false
TX-01833,UB-0033,2024-08-18,2925.11,false
TX-01834,UB-0034,2023-06-02,2771.91,false
TX-01835,UB-0035,2024-11-27,4215.53,false
TX-01836,UB-0036,2023-06-08,4419.5,false
TX-01837,UB-0037,2024-02-14,2835.54,false
TX-01838,UB-0038,2024-12-12,4763.33,false
TX-01839,UB-0039,2024-03-06,38.23,false
TX-01840,UB-0040,2024-09-03,4678.12,false
TX-01841,UB-0041,2023-05-22,4590.92,false
TX-01842,UB-0042,2023-12-22,2142.64,false
TX-01843,UB-0043,2024-11-27,317.82,false
TX-01844,UB-0044,2023-07-22,2863.43,false
TX-01845,UB-0045,2023-06-01,3964.82,false
TX-01846,UB-0046,2023-04-21,3578.29,false
TX-01847,UB-0047,2024-11-29,1621.15,false
TX-01848,UB-0048,2023-04-14,1494.7,false
TX-01849,UB-0049,2024-07-26,2807.16,false
TX-01850,UB-0050,2023-01-25,284.61,false
TX-01851,UB-0051,2023-11-22,3761.41,false
TX-01852,UB-0052,2024-03-26,374.02,false
TX-01853,UB-0053,2023-07-20,830.3,false
TX-01854,UB-0054,2023-09-24,4375.05,false
TX-01855,UB-0055,2023-04-21,652.16,false
TX-01856,UB-0056,2023-02-03,3569.88,false
TX-01857,UB-0057,2024-07-18,3971.37,false
TX-01858,UB-0058,2024-11-21,2731.58,false
TX-01859,UB-0059,2024-06-10,3414.36,false
TX-01860,UB-0060,2023-07-20,4083.8,false
TX-01861,UB-0061,2023-08-11,4736.11,false
TX-01862,UB-0062,2023-10-25,1837.49,false
TX-01863,UB-0063,2023-09-04,3217.21,false
TX-01864,UB-0064,2023-05-11,1849.7,false
TX-01865,UB-0065,2024-01-19,3045.12,false
TX-01866,UB-0066,2024-09-01,2476.4,false
TX-01867,UB-0067,2023-05-24,966.63,false
TX-01868,UB-0068,2024-07-21,3659.74,false
TX-01869,UB-0069,2024-03-30,4586.94,false
TX-01870,UB-0070,2024-05-18,4792.58,false
TX-01871,UB-0071,2024-10-15,845.35,false
TX-01872,UB-0072,2023-01-02,1296.28,false
TX-01873,UB-0073,2023-10-06,739.51,false
TX-01874,UB-0074,2023-10-16,4283.82,false
TX-01875,UB-0075,2023-09-22,948.87,false
TX-01876,UB-0076,2023-02-27,1738.93,false
TX-01877,UB-0077,2023-07-10,539.46,false
TX-01878,UB-0078,2023-08-10,2463.24,false
TX-01879,UB-0079,2024-11-18,2346.87,false
TX-01880,UB-0080,2024-04-22,3712.33,false
TX-01881,UB-0081,2024-08-12,3630.38,false
TX-01882,UB-0082,2024-02-21,382.03,false
TX-01883,UB-0083,2023-04-29,2582.8,false
TX-01884,UB-0084,2023-12-07,3313.2,false
TX-01885,UB-0085,2024-08-04,4425.38,false
TX-01886,UB-0086,2024-02-27,3262.91,false
TX-01887,UB-0087,2023-12-08,4027.13,false
TX-01888,UB-0088,2024-09-23,3224.17,false
TX-01889,UB-0089,2023-06-12,4109.67,false
TX-01890,UB-0090,2024-02-03,4292.1,false
TX-01891,UB-0091,2023-11-13,2819.01,false
TX-01892,UB-0092,2023-01-21,2728.0,false
TX-01893,UB-0093,2023-08-26,3822.14,false
TX-01894,UB-0094,2024-05-15,896.18,false
TX-01895,UB-0095,2023-04-11,4713.06,false
TX-01896,UB-0096,2024-02-22,1811.71,false
TX-01897,UB-0097,2023-06-06,2429.89,false
TX-01898,UB-0098,2024-12-17,2286.39,false
TX-01899,UB-0099,2023-03-07,891.95,false
TX-01900,UB-0100,2024-04-01,792.53,false
TX-01901,UB-0101,2023-09-04,1358.96,false
TX-01902,UB-0102,2024-05-21,3627.85,false
TX-01903,UB-0103,2024-01-27,146.41,false
TX-01904,UB-0104,2023-11-11,4536.15,false
TX-01905,UB-0105,2023-10-25,4632.64,false
TX-01906,UB-0106,2023-05-01,2914.22,false
TX-01907,UB-0107,2023-09-27,2318.18,false
TX-01908,UB-0108,2023-10-25,4124.2,false
TX-01909,UB-0109,2023-07-19,1679.34,false
TX-01910,UB-0110,2024-04-09,3823.15,false
TX-01911,UB-0111,2023-06-13,1365.77,false
TX-01912,UB-0112,2023-06-18,1355.89,false
TX-01913,UB-0113,2024-11-12,1621.82,false
TX-01914,UB-0114,2023-03-04,3259.59,false
TX-01915,UB-0115,2024-08-14,1089.17,false
TX-01916,UB-0116,2024-04-05,2533.99,false
TX-01917,UB-0117,2024-11-06,2369.75,false
TX-01918,UB-0118,2024-04-07,4026.0,false
TX-01919,UB-0119,2023-06-16,3299.68,false
TX-01920,UB-0120,2024-09-29,3337.13,false
TX-01921,UB-0121,2023-11-25,3468.23,false
TX-01922,UB-0122,2024-11-22,614.46,false
TX-01923,UB-0123,2023-12-15,581.8,false
TX-01924,UB-0124,2024-06-16,833.77,false
TX-01925,UB-0125,2023-10-30,4471.64,false
TX-01926,UB-0126,2024-06-17,4608.45,false
TX-01927,UB-0127,2023-12-06,1759.57,false
TX-01928,UB-0128,2024-12-10,114.45,false
TX-01929,UB-0129,2023-11-14,1072.37,false
TX-01930,UB-0130,2024-12-08,2670.41,false
TX-01931,UB-0131,2023-04-16,3599.52,false
TX-01932,UB-0132,2023-12-19,1421.1,false
TX-01933,UB-0133,2023-01-27,2013.28,false
TX-01934,UB-0134,2023-08-24,3979.45,false
TX-01935,UB-0135,2024-09-03,3176.62,false
TX-01936,UB-0136,2023-04-28,4715.47,false
TX-01937,UB-0137,2024-03-12,1103.76,false
TX-01938,UB-0138,2023-04-16,2325.77,false
TX-01939,UB-0139,2023-05-01,1075.18,false
TX-01940,UB-0140,2023-08-08,268.43,false
TX-01941,UB-0141,2024-09-29,148.61,false
TX-01942,UB-0142,2023-06-25,1033.0,false
TX-01943,UB-0143,2024-08-03,4439.6,false
TX-01944,UB-0144,2023-08-02,3625.79,false
TX-01945,UB-0145,2023-06-29,3111.98,false
TX-01946,UB-0146,2023-11-16,2504.93,false
TX-01947,UB-0147,2024-05-23,3724.96,false
TX-01948,UB-0148,2023-02-23,4471.76,false
TX-01949,UB-0149,2023-12-12,1658.44,false
TX-01950,UB-0150,2023-12-06,1905.57,false
TX-01951,UB-0151,2024-09-17,418.72,false
TX-01952,UB-0152,2023-11-03,2348.44,false
TX-01953,UB-0153,2023-07-07,2094.0,false
TX-01954,UB-0154,2024-04-20,1451.9,false
TX-01955,UB-0155,2023-06-28,451.47,false
TX-01956,UB-0156,2023-10-16,2553.61,false
TX-01957,UB-0157,2023-11-28,1134.29,false
TX-01958,UB-0158,2024-08-27,3902.32,false
TX-01959,UB-0159,2023-12-03,2826.12,false
TX-01960,UB-0160,2024-10-09,540.36,false
TX-01961,UB-0161,2024-09-09,2315.85,false
TX-01962,UB-0162,2024-10-22,4508.13,false
TX-01963,UB-0163,2024-11-26,3750.36,false
TX-01964,UB-0164,2024-07-15,847.67,false
TX-01965,UB-0165,2023-05-06,2334.43,false
TX-01966,UB-0166,2024-08-01,1049.62,false
TX-01967,UB-0167,2023-10-16,1165.07,false
TX-01968,UB-0168,2024-09-25,3183.96,false
TX-01969,UB-0169,2024-06-16,4953.98,false
TX-01970,UB-0170,2023-11-03,1427.78,false
TX-01971,UB-0171,2024-10-04,4170.02,false
TX-01972,UB-0172,2024-07-14,1320.63,false
TX-01973,UB-0173,2023-05-04,619.64,false
TX-01974,UB-0174,2023-01-03,2210.99,false
TX-01975,UB-0175,2023-01-31,2119.79,false
TX-01976,UB-0176,2023-08-05,725.09,false
TX-01977,UB-0177,2024-07-23,1351.77,false
TX-01978,UB-0178,2024-07-05,1097.13,false
TX-01979,UB-0179,2024-09-26,2260.42,false
TX-01980,UB-0180,2024-11-19,3390.02,false
TX-01981,UB-0181,2024-10-22,4586.58,false
TX-01982,UB-0182,2023-12-29,418.97,false
TX-01983,UB-0183,2024-08-23,754.24,false
TX-01984,UB-0184,2023-09-25,1992.42,false
TX-01985,UB-0185,2024-01-03,2258.79,false
TX-01986,UB-0186,2023-09-06,1300.17,false
TX-01987,UB-0187,2023-04-26,4214.44,false
TX-01988,UB-0188,2023-08-28,4026.7,false
TX-01989,UB-0189,2023-09-30,2953.22,false
TX-01990,UB-0190,2023-04-11,2037.02,false
TX-01991,UB-0191,2024-06-06,2856.6,false
TX-01992,UB-0192,2024-11-22,3435.73,false
TX-01993,UB-0193,2023-02-25,2907.27,false
TX-01994,UB-0194,2024-05-17,4617.74,false
TX-01995,UB-0195,2023-04-25,3191.37,false
TX-01996,UB-0196,2024-09-29,2907.86,false
TX-01997,UB-0197,2023-05-17,4250.85,false
TX-01998,UB-0198,2024-10-31,4065.8,false
TX-01999,UB-0199,2024-11-23,4732.81,false
TX-02000,UB-0200,2024-04-29,351.66,false
TX-02001,UB-0001,2023-09-09,3785.7,false
TX-02002,UB-0002,2023-06-16,27.31,false
TX-02003,UB-0003,2024-03-04,3047.73,false
TX-02004,UB-0004,2024-04-07,4834.24,false
TX-02005,UB-0005,2023-04-19,1976.29,false
TX-02006,UB-0006,2024-10-13,2055.84,false
TX-02007,UB-0007,2024-12-13,722.74,false
TX-02008,UB-0008,2023-09-20,112.33,false
TX-02009,UB-0009,2023-05-16,3682.94,false
TX-02010,UB-0010,2024-08-22,2504.25,false
TX-02011,UB-0011,2024-03-25,3760.15,false
TX-02012,UB-0012,2023-02-26,2395.75,false
TX-02013,UB-0013,2024-04-03,638.04,false
TX-02014,UB-0014,2023-09-27,1518.9,false
TX-02015,UB-0015,2024-03-06,4843.38,false
TX-02016,UB-0016,2023-11-22,962.61,false
TX-02017,UB-0017,2024-02-08,3944.72,false
TX-02018,UB-0018,2023-01-26,4330.07,false
TX-02019,UB-0019,2023-09-01,2677.2,false
TX-02020,UB-0020,2024-05-26,3034.62,false
TX-02021,UB-0021,2023-05-16,1114.43,false
TX-02022,UB-0022,2023-06-17,3136.74,false
TX-02023,UB-0023,2024-06-23,879.02,false
TX-02024,UB-0024,2023-07-04,685.71,false
TX-02025,UB-0025,2023-03-12,1649.81,false
TX-02026,UB-0026,2023-02-23,919.46,false
TX-02027,UB-0027,2024-10-04,1154.59,false
TX-02028,UB-0028,2023-06-13,1184.05,false
TX-02029,UB-0029,2024-04-16,2672.37,false
TX-02030,UB-0030,2023-06-12,2687.16,false
TX-02031,UB-0031,2024-07-24,1388.79,false
TX-02032,UB-0032,2024-11-15,2801.83,false
TX-02033,UB-0033,2024-07-28,196.55,false
TX-02034,UB-0034,2023-09-19,3899.82,false
TX-02035,UB-0035,2023-11-13,3444.12,false
TX-02036,UB-0036,2024-09-02,4006.28,false
TX-02037,UB-0037,2023-07-09,3931.59,false
TX-02038,UB-0038,2023-03-24,197.58,false
TX-02039,UB-0039,2023-10-28,2558.86,false
TX-02040,UB-0040,2024-05-06,273.68,false
TX-02041,UB-0041,2023-03-27,1273.22,false
TX-02042,UB-0042,2024-03-18,4884.88,false
TX-02043,UB-0043,2024-05-30,2546.32,false
TX-02044,UB-0044,2024-09-30,563.45,false
TX-02045,UB-0045,2023-03-20,3724.73,false
TX-02046,UB-0046,2024-06-02,389.56,false
TX-02047,UB-0047,2024-07-01,973.5,false
TX-02048,UB-0048,2024-02-04,4858.14,false
TX-02049,UB-0049,2024-04-27,2888.31,false
TX-02050,UB-0050,2024-02-25,3583.64,false
TX-02051,UB-0051,2024-05-01,1415.61,false
TX-02052,UB-0052,2023-04-04,181.11,false
TX-02053,UB-0053,2024-02-02,1343.92,false
TX-02054,UB-0054,2023-03-21,4240.71,false
TX-02055,UB-0055,2023-04-26,2998.57,false
TX-02056,UB-0056,2023-03-30,3412.77,false
TX-02057,UB-0057,2024-01-28,3053.43,false
TX-02058,UB-0058,2023-06-06,4065.34,false
TX-02059,UB-0059,2024-12-21,4661.12,false
TX-02060,UB-0060,2023-11-01,3558.48,false
TX-02061,UB-0061,2023-08-19,3124.19,false
TX-02062,UB-0062,2023-09-19,2427.56,false
TX-02063,UB-0063,2024-12-15,530.53,false
TX-02064,UB-0064,2023-12-31,540.13,false
TX-02065,UB-0065,2023-06-24,3658.08,false
TX-02066,UB-0066,2023-05-31,391.77,false
TX-02067,UB-0067,2024-05-08,4621.57,false
TX-02068,UB-0068,2024-06-07,4075.69,false
TX-02069,UB-0069,2024-01-25,1739.68,false
TX-02070,UB-0070,2023-04-05,3148.85,false
TX-02071,UB-0071,2023-12-22,3527.68,false
TX-02072,UB-0072,2023-03-04,725.44,false
TX-02073,UB-0073,2023-09-04,3049.51,false
TX-02074,UB-0074,2023-08-18,3190.44,false
TX-02075,UB-0075,2024-09-19,3716.38,false
TX-02076,UB-0076,2023-10-27,1753.86,false
TX-02077,UB-0077,2023-11-07,4401.76,false
TX-02078,UB-0078,2023-09-19,4467.75,false
TX-02079,UB-0079,2024-12-10,4019.51,false
TX-02080,UB-0080,2023-11-22,1141.4,false
TX-02081,UB-0081,2024-02-18,653.0,false
TX-02082,UB-0082,2023-04-21,3736.05,false
TX-02083,UB-0083,2023-03-14,4029.14,false
TX-02084,UB-0084,2023-08-10,1980.2,false
TX-02085,UB-0085,2024-09-29,4820.55,false
TX-02086,UB-0086,2024-07-26,4709.64,false
TX-02087,UB-0087,2023-02-12,4096.17,false
TX-02088,UB-0088,2023-03-08,1444.57,false
TX-02089,UB-0089,2023-06-11,2016.8,false
TX-02090,UB-0090,2023-12-02,3928.15,false
TX-02091,UB-0091,2024-06-20,3430.03,false
TX-02092,UB-0092,2023-07-14,2158.97,false
TX-02093,UB-0093,2023-04-14,1712.27,false
TX-02094,UB-0094,2024-05-02,575.12,false
TX-02095,UB-0095,2023-05-27,65.73,false
TX-02096,UB-0096,2023-03-28,3532.39,false
TX-02097,UB-0097,2023-01-02,4501.59,false
TX-02098,UB-0098,2024-10-06,3711.75,false
TX-02099,UB-0099,2023-04-07,3386.03,false
TX-02100,UB-0100,2023-03-05,619.27,false
TX-02101,UB-0101,2023-04-30,1568.08,false
TX-02102,UB-0102,2023-04-09,4772.3,false
TX-02103,UB-0103,2024-01-23,2722.16,false
TX-02104,UB-0104,2024-04-19,3184.25,false
TX-02105,UB-0105,2023-04-23,1046.8,false
TX-02106,UB-0106,2024-07-26,4548.05,false
TX-02107,UB-0107,2023-05-19,216.44,false
TX-02108,UB-0108,2024-03-19,3071.81,false
TX-02109,UB-0109,2023-06-09,1277.27,false
TX-02110,UB-0110,2023-02-06,2185.57,false
TX-02111,UB-0111,2024-06-14,394.87,false
TX-02112,UB-0112,2023-12-06,3881.29,false
TX-02113,UB-0113,2023-06-24,173.68,false
TX-02114,UB-0114,2024-01-19,4334.27,false
TX-02115,UB-0115,2024-05-24,3774.67,false
TX-02116,UB-0116,2024-12-07,1600.88,false
TX-02117,UB-0117,2024-03-11,912.89,false
TX-02118,UB-0118,2024-05-15,4173.56,false
TX-02119,UB-0119,2023-11-03,4645.4,false
TX-02120,UB-0120,2024-04-04,1349.42,false
TX-02121,UB-0121,2024-12-27,2568.3,false
TX-02122,UB-0122,2024-10-14,3336.0,false
TX-02123,UB-0123,2024-09-01,776.42,false
TX-02124,UB-0124,2023-09-29,3707.11,false
TX-02125,UB-0125,2023-09-09,4117.89,false
TX-02126,UB-0126,2024-05-29,4828.32,false
TX-02127,UB-0127,2024-04-20,3550.8,false
TX-02128,UB-0128,2024-03-12,2731.66,false
TX-02129,UB-0129,2024-05-26,66.97,false
TX-02130,UB-0130,2023-12-17,1738.7,false
TX-02131,UB-0131,2024-10-20,4355.21,false
TX-02132,UB-0132,2024-07-30,1905.71,false
TX-02133,UB-0133,2023-08-09,2170.33,false
TX-02134,UB-0134,2023-12-24,4489.57,false
TX-02135,UB-0135,2024-03-01,4454.83,false
TX-02136,UB-0136,2023-06-02,241.81,false
TX-02137,UB-0137,2023-07-26,3395.99,false
TX-02138,UB-0138,2024-01-10,2904.81,false
TX-02139,UB-0139,2023-04-28,1982.17,false
TX-02140,UB-0140,2023-06-07,3331.52,false
TX-02141,UB-0141,2023-04-26,4917.18,false
TX-02142,UB-0142,2023-03-07,4246.63,false
TX-02143,UB-0143,2024-03-25,4987.69,false
TX-02144,UB-0144,2024-01-15,3450.69,false
TX-02145,UB-0145,2024-08-15,4059.92,false
TX-02146,UB-0146,2023-08-19,1310.25,false
TX-02147,UB-0147,2023-05-30,4036.78,false
TX-02148,UB-0148,2024-06-22,2080.85,false
TX-02149,UB-0149,2023-08-20,2009.98,false
TX-02150,UB-0150,2024-04-14,1218.08,false
TX-02151,UB-0151,2023-09-30,1960.15,false
TX-02152,UB-0152,2023-02-01,278.39,false
TX-02153,UB-0153,2024-06-02,2853.98,false
TX-02154,UB-0154,2024-12-26,4426.85,false
TX-02155,UB-0155,2023-12-31,2923.21,false
TX-02156,UB-0156,2023-12-11,1555.99,false
TX-02157,UB-0157,2023-12-08,2516.22,false
TX-02158,UB-0158,2023-07-11,2077.81,false
TX-02159,UB-0159,2023-10-14,2992.46,false
TX-02160,UB-0160,2024-02-14,346.03,false
TX-02161,UB-0161,2024-08-02,3497.38,false
TX-02162,UB-0162,2024-01-25,578.86,false
TX-02163,UB-0163,2023-08-09,2389.33,false
TX-02164,UB-0164,2024-10-05,1073.6,false
TX-02165,UB-0165,2024-11-05,1024.54,false
TX-02166,UB-0166,2024-05-14,2141.02,false
TX-02167,UB-0167,2024-06-27,4603.08,false
TX-02168,UB-0168,2023-04-30,3138.31,false
TX-02169,UB-0169,2024-07-24,4230.29,false
TX-02170,UB-0170,2023-12-11,3942.14,false
TX-02171,UB-0171,2024-07-14,4827.7,false
TX-02172,UB-0172,2024-09-15,4508.39,false
TX-02173,UB-0173,2023-10-13,1018.56,false
TX-02174,UB-0174,2023-08-07,3306.14,false
TX-02175,UB-0175,2023-06-07,3900.39,false
TX-02176,UB-0176,2024-11-08,2496.62,false
TX-02177,UB-0177,2024-05-07,435.92,false
TX-02178,UB-0178,2024-08-27,4899.42,false
TX-02179,UB-0179,2023-04-17,1889.31,false
TX-02180,UB-0180,2024-02-10,4657.46,false
TX-02181,UB-0181,2024-08-08,3788.82,false
TX-02182,UB-0182,2024-10-14,1867.31,false
TX-02183,UB-0183,2023-05-09,2297.69,false
TX-02184,UB-0184,2024-02-23,3143.63,false
TX-02185,UB-0185,2023-06-25,4489.55,false
TX-02186,UB-0186,2024-12-12,4733.35,false
TX-02187,UB-0187,2024-03-24,4088.44,false
TX-02188,UB-0188,2023-07-23,4072.33,false
TX-02189,UB-0189,2024-04-06,1333.33,false
TX-02190,UB-0190,2024-03-06,2277.02,false
TX-02191,UB-0191,2023-09-08,2113.43,false
TX-02192,UB-0192,2023-07-21,128.97,false
TX-02193,UB-0193,2024-01-24,4591.46,false
TX-02194,UB-0194,2023-12-11,4818.78,false
TX-02195,UB-0195,2024-11-20,3189.03,false
TX-02196,UB-0196,2023-02-18,1105.46,false
TX-02197,UB-0197,2024-01-30,1968.75,false
TX-02198,UB-0198,2023-03-07,1700.91,false
TX-02199,UB-0199,2024-06-16,2663.97,false
TX-02200,UB-0200,2023-03-10,2677.81,false
TX-02201,UB-0001,2024-10-09,1986.58,false
TX-02202,UB-0002,2024-10-08,4971.67,false
TX-02203,UB-0003,2023-08-14,2083.47,false
TX-02204,UB-0004,2023-05-12,214.56,false
TX-02205,UB-0005,2024-01-06,2712.67,false
TX-02206,UB-0006,2024-03-26,2639.59,false
TX-02207,UB-0007,2024-09-03,4666.18,false
TX-02208,UB-0008,2024-06-06,488.34,false
TX-02209,UB-0009,2024-05-15,2028.84,false
TX-02210,UB-0010,2024-08-06,1006.05,false
TX-02211,UB-0011,2023-07-06,1639.39,false
TX-02212,UB-0012,2024-01-14,2867.06,false
TX-02213,UB-0013,2024-03-10,4044.76,false
TX-02214,UB-0014,2023-06-23,2574.67,false
TX-02215,UB-0015,2023-04-06,1572.41,false
TX-02216,UB-0016,2023-07-26,4977.39,false
TX-02217,UB-0017,2024-10-11,1801.09,false
TX-02218,UB-0018,2024-03-14,846.31,false
TX-02219,UB-0019,2024-05-15,333.23,false
TX-02220,UB-0020,2023-11-30,2292.29,false
TX-02221,UB-0021,2023-12-26,3347.08,false
TX-02222,UB-0022,2024-01-24,3431.37,false
TX-02223,UB-0023,2024-09-26,1709.62,false
TX-02224,UB-0024,2023-09-30,3260.02,false
TX-02225,UB-0025,2023-09-02,661.14,false
TX-02226,UB-0026,2023-03-31,3966.23,false
TX-02227,UB-0027,2024-09-27,4149.99,false
TX-02228,UB-0028,2024-12-31,2123.0,false
TX-02229,UB-0029,2023-08-27,1793.57,false
TX-02230,UB-0030,2023-04-08,2056.06,false
TX-02231,UB-0031,2023-04-25,1142.9,false
TX-02232,UB-0032,2023-10-09,983.93,false
TX-02233,UB-0033,2024-12-01,1979.97,false
TX-02234,UB-0034,2024-11-11,2855.55,false
TX-02235,UB-0035,2024-05-28,198.25,false
TX-02236,UB-0036,2024-10-19,3966.64,false
TX-02237,UB-0037,2024-10-02,1352.35,false
TX-02238,UB-0038,2024-05-03,767.82,false
TX-02239,UB-0039,2024-09-08,1608.66,false
TX-02240,UB-0040,2024-08-26,1193.09,false
TX-02241,UB-0041,2024-07-05,4793.22,false
TX-02242,UB-0042,2024-02-12,82.92,false
TX-02243,UB-0043,2023-05-30,4100.63,false
TX-02244,UB-0044,2023-08-22,13.03,false
TX-02245,UB-0045,2023-06-22,3056.71,false
TX-02246,UB-0046,2023-08-17,3334.66,false
TX-02247,UB-0047,2024-03-23,4915.04,false
TX-02248,UB-0048,2024-10-09,4403.58,false
TX-02249,UB-0049,2023-11-21,2352.08,false
TX-02250,UB-0050,2024-08-04,2388.13,false
TX-02251,UB-0051,2023-07-20,203.41,false
TX-02252,UB-0052,2023-05-04,1319.44,false
TX-02253,UB-0053,2023-11-08,1388.78,false
TX-02254,UB-0054,2023-03-09,2032.46,false
TX-02255,UB-0055,2023-11-16,4303.33,false
TX-02256,UB-0056,2024-04-06,1033.43,false
TX-02257,UB-0057,2023-09-12,3394.49,false
TX-02258,UB-0058,2024-10-03,3481.78,false
TX-02259,UB-0059,2023-03-18,1065.26,false
TX-02260,UB-0060,2024-10-19,1140.03,false
TX-02261,UB-0061,2023-10-01,2518.72,false
TX-02262,UB-0062,2023-12-12,4926.68,false
TX-02263,UB-0063,2023-05-28,2973.23,false
TX-02264,UB-0064,2023-03-24,143.24,false
TX-02265,UB-0065,2024-02-06,219.39,false
TX-02266,UB-0066,2023-11-21,3651.89,false
TX-02267,UB-0067,2023-08-08,683.18,false
TX-02268,UB-0068,2024-04-19,4863.61,false
TX-02269,UB-0069,2024-11-02,2627.01,false
TX-02270,UB-0070,2024-05-16,364.8,false
TX-02271,UB-0071,2023-06-14,3165.68,false
TX-02272,UB-0072,2023-10-25,1168.55,false
TX-02273,UB-0073,2024-05-23,1933.59,false
TX-02274,UB-0074,2023-12-15,2654.84,false
TX-02275,UB-0075,2024-07-07,4963.22,false
TX-02276,UB-0076,2024-09-08,73.1,false
TX-02277,UB-0077,2024-07-20,1453.18,false
TX-02278,UB-0078,2024-04-26,1161.04,false
TX-02279,UB-0079,2024-12-11,2624.07,false
TX-02280,UB-0080,2024-03-04,2254.79,false
TX-02281,UB-0081,2023-06-27,3674.78,false
TX-02282,UB-0082,2024-03-07,818.87,false
TX-02283,UB-0083,2024-08-08,2559.37,false
TX-02284,UB-0084,2024-08-06,487.38,false
TX-02285,UB-0085,2024-03-24,4286.98,false
TX-02286,UB-0086,2023-03-02,1407.49,false
TX-02287,UB-0087,2024-06-24,3724.62,false
TX-02288,UB-0088,2024-09-04,4385.85,false
TX-02289,UB-0089,2024-10-17,4112.3,false
TX-02290,UB-0090,2023-07-20,3577.47,false
TX-02291,UB-0091,2024-02-13,4998.77,false
TX-02292,UB-0092,2023-08-04,3832.31,false
TX-02293,UB-0093,2023-05-26,3917.49,false
TX-02294,UB-0094,2023-08-30,906.89,false
TX-02295,UB-0095,2024-09-10,3011.4,false
TX-02296,UB-0096,2024-11-13,1458.43,false
TX-02297,UB-0097,2024-09-23,3159.6,false
TX-02298,UB-0098,2023-06-07,4574.7,false
TX-02299,UB-0099,2024-03-26,4489.54,false
TX-02300,UB-0100,2024-11-17,3950.49,false
TX-02301,UB-0101,2023-02-16,4991.49,false
TX-02302,UB-0102,2024-08-10,1288.4,false
TX-02303,UB-0103,2023-10-15,3259.62,false
TX-02304,UB-0104,2023-02-26,3150.96,false
TX-02305,UB-0105,2023-07-12,1740.13,false
TX-02306,UB-0106,2024-07-03,2573.35,false
TX-02307,UB-0107,2024-02-14,2731.88,false
TX-02308,UB-0108,2023-07-28,2859.06,false
TX-02309,UB-0109,2024-06-19,488.83,false
TX-02310,UB-0110,2023-08-21,2606.3,false
TX-02311,UB-0111,2024-08-25,2602.76,false
TX-02312,UB-0112,2023-10-02,327.59,false
TX-02313,UB-0113,2024-09-23,1611.51,false
TX-02314,UB-0114,2024-05-14,518.59,false
TX-02315,UB-0115,2023-10-28,3814.66,false
TX-02316,UB-0116,2024-08-10,149.55,false
TX-02317,UB-0117,2024-03-15,2057.82,false
TX-02318,UB-0118,2023-08-31,1090.57,false
TX-02319,UB-0119,2024-01-08,3839.28,false
TX-02320,UB-0120,2024-12-10,2714.17,false
TX-02321,UB-0121,2023-11-23,1163.56,false
TX-02322,UB-0122,2024-11-24,1955.45,false
TX-02323,UB-0123,2023-02-08,1094.6,false
TX-02324,UB-0124,2024-09-24,3191.89,false
TX-02325,UB-0125,2024-08-22,1607.71,false
TX-02326,UB-0126,2024-03-22,4399.34,false
TX-02327,UB-0127,2024-07-02,4494.75,false
TX-02328,UB-0128,2024-08-08,331.63,false
TX-02329,UB-0129,2023-08-02,3452.63,false
TX-02330,UB-0130,2024-08-24,3947.92,false
TX-02331,UB-0131,2023-03-08,2555.23,false
TX-02332,UB-0132,2024-10-28,1868.57,false
TX-02333,UB-0133,2024-05-29,822.03,false
TX-02334,UB-0134,2024-08-14,1382.17,false
TX-02335,UB-0135,2023-05-16,4619.88,false
TX-02336,UB-0136,2024-06-01,950.58,false
TX-02337,UB-0137,2024-01-05,4800.3,false
TX-02338,UB-0138,2024-07-27,513.1,false
TX-02339,UB-0139,2023-09-26,1952.76,false
TX-02340,UB-0140,2023-09-27,4706.77,false
TX-02341,UB-0141,2024-08-31,595.06,false
TX-02342,UB-0142,2024-04-15,2207.79,false
TX-02343,UB-0143,2023-09-17,581.51,false
TX-02344,UB-0144,2023-06-06,2618.06,false
TX-02345,UB-0145,2023-11-13,3253.46,false
TX-02346,UB-0146,2023-05-22,4402.43,false
TX-02347,UB-0147,2024-01-19,3735.66,false
TX-02348,UB-0148,2024-09-24,3431.45,false
TX-02349,UB-0149,2023-12-04,183.32,false
TX-02350,UB-0150,2023-09-12,3340.75,false
TX-02351,UB-0151,2024-08-03,2776.18,false
TX-02352,UB-0152,2024-08-03,1410.46,false
TX-02353,UB-0153,2023-05-22,3227.83,false
TX-02354,UB-0154,2024-10-29,3874.81,false
TX-02355,UB-0155,2024-10-25,4236.07,false
TX-02356,UB-0156,2024-07-19,3142.66,false
TX-02357,UB-0157,2024-07-04,2476.81,false
TX-02358,UB-0158,2023-01-14,2256.19,false
TX-02359,UB-0159,2024-06-11,2044.99,false
TX-02360,UB-0160,2024-07-19,4847.15,false
TX-02361,UB-0161,2023-02-20,2958.44,false
TX-02362,UB-0162,2024-07-11,4925.15,false
TX-02363,UB-0163,2023-10-04,2442.13,false
TX-02364,UB-0164,2024-07-27,3293.91,false
TX-02365,UB-0165,2023-04-20,1550.7,false
TX-02366,UB-0166,2024-10-11,3839.66,false
TX-02367,UB-0167,2024-09-02,1483.22,false
TX-02368,UB-0168,2024-02-21,3050.92,false
TX-02369,UB-0169,2024-07-20,465.36,false
TX-02370,UB-0170,2023-08-14,4085.62,false
TX-02371,UB-0171,2023-12-27,2818.01,false
TX-02372,UB-0172,2023-05-16,838.64,false
TX-02373,UB-0173,2024-03-15,4427.15,false
TX-02374,UB-0174,2024-10-25,601.02,false
TX-02375,UB-0175,2024-02-18,4946.98,false
TX-02376,UB-0176,2023-07-31,760.95,false
TX-02377,UB-0177,2023-07-21,4357.68,false
TX-02378,UB-0178,2024-06-02,1452.14,false
TX-02379,UB-0179,2024-04-01,4191.81,false
TX-02380,UB-0180,2024-01-25,2119.21,false
TX-02381,UB-0181,2023-12-16,4586.53,false
TX-02382,UB-0182,2023-08-09,3912.77,false
TX-02383,UB-0183,2024-04-03,4856.21,false
TX-02384,UB-0184,2023-06-05,4125.85,false
TX-02385,UB-0185,2024-03-25,4858.24,false
TX-02386,UB-0186,2023-09-06,1168.21,false
TX-02387,UB-0187,2024-09-03,4916.69,false
TX-02388,UB-0188,2023-04-17,3438.89,false
TX-02389,UB-0189,2023-09-15,514.12,false
TX-02390,UB-0190,2024-10-27,4268.6,false
TX-02391,UB-0191,2023-08-06,3440.61,false
TX-02392,UB-0192,2024-01-04,2506.16,false
TX-02393,UB-0193,2023-11-02,1797.11,false
TX-02394,UB-0194,2024-06-14,695.03,false
TX-02395,UB-0195,2024-06-02,2591.74,false
TX-02396,UB-0196,2024-10-19,338.34,false
TX-02397,UB-0197,2023-04-12,4290.13,false
TX-02398,UB-0198,2023-08-06,4764.39,false
TX-02399,UB-0199,2024-03-12,2435.89,false
TX-02400,UB-0200,2024-06-15,222.8,false
TX-02401,UB-0001,2024-04-24,2166.57,false
TX-02402,UB-0002,2024-04-11,4049.91,false
TX-02403,UB-0003,2023-01-04,4443.81,false
TX-02404,UB-0004,2023-05-08,4631.23,false
TX-02405,UB-0005,2023-08-05,2945.35,false
TX-02406,UB-0006,2023-05-23,4302.69,false
TX-02407,UB-0007,2024-03-12,1086.17,false
TX-02408,UB-0008,2024-01-31,4927.0,false
TX-02409,UB-0009,2023-08-04,1185.01,false
TX-02410,UB-0010,2023-02-23,2358.54,false
TX-02411,UB-0011,2023-11-09,3427.05,false
TX-02412,UB-0012,2023-10-31,2034.48,false
TX-02413,UB-0013,2024-07-29,4990.9,false
TX-02414,UB-0014,2023-04-02,4473.43,false
TX-02415,UB-0015,2023-03-12,4927.02,false
TX-02416,UB-0016,2023-02-20,4343.08,false
TX-02417,UB-0017,2023-02-13,2185.7,false
TX-02418,UB-0018,2023-07-13,2960.73,false
TX-02419,UB-0019,2023-07-12,405.32,false
TX-02420,UB-0020,2024-07-29,2940.41,false
TX-02421,UB-0021,2023-11-26,960.47,false
TX-02422,UB-0022,2023-11-19,3700.21,false
TX-02423,UB-0023,2024-11-18,2141.35,false
TX-02424,UB-0024,2024-03-09,2233.1,false
TX-02425,UB-0025,2023-06-21,1485.08,false
TX-02426,UB-0026,2023-08-04,3039.19,false
TX-02427,UB-0027,2023-08-08,1066.76,false
TX-02428,UB-0028,2024-06-02,988.44,false
TX-02429,UB-0029,2023-05-11,3215.46,false
TX-02430,UB-0030,2023-07-16,1598.19,false
TX-02431,UB-0031,2023-12-27,247.74,false
TX-02432,UB-0032,2023-01-22,1407.3,false
TX-02433,UB-0033,2024-12-30,1614.81,false
TX-02434,UB-0034,2024-01-02,4900.84,false
TX-02435,UB-0035,2024-11-11,4062.26,false
TX-02436,UB-0036,2023-04-16,3624.0,false
TX-02437,UB-0037,2024-03-03,1387.11,false
TX-02438,UB-0038,2023-09-23,2348.64,false
TX-02439,UB-0039,2024-02-27,2571.06,false
TX-02440,UB-0040,2024-05-01,3698.22,false
TX-02441,UB-0041,2024-07-10,51.55,false
TX-02442,UB-0042,2024-10-16,3754.31,false
TX-02443,UB-0043,2023-07-10,3033.06,false
TX-02444,UB-0044,2023-10-03,1151.2,false
TX-02445,UB-0045,2023-07-12,4513.79,false
TX-02446,UB-0046,2023-07-25,1005.6,false
TX-02447,UB-0047,2024-07-26,1369.88,false
TX-02448,UB-0048,2023-07-06,817.13,false
TX-02449,UB-0049,2023-01-15,2957.89,false
TX-02450,UB-0050,2024-09-06,4438.14,false
TX-02451,UB-0051,2024-08-05,4622.63,false
TX-02452,UB-0052,2023-04-21,481.99,false
TX-02453,UB-0053,2024-11-29,1178.66,false
TX-02454,UB-0054,2024-12-13,672.1,false
TX-02455,UB-0055,2024-05-21,1180.4,false
TX-02456,UB-0056,2024-04-08,4694.75,false
TX-02457,UB-0057,2024-08-30,383.03,false
TX-02458,UB-0058,2024-06-29,2873.66,false
TX-02459,UB-0059,2024-01-30,2142.31,false
TX-02460,UB-0060,2023-03-28,3042.99,false
TX-02461,UB-0061,2024-02-17,31.42,false
TX-02462,UB-0062,2024-03-25,558.4,false
TX-02463,UB-0063,2024-04-17,1500.58,false
TX-02464,UB-0064,2024-07-15,1637.97,false
TX-02465,UB-0065,2023-09-19,3921.21,false
TX-02466,UB-0066,2023-06-21,2045.71,false
TX-02467,UB-0067,2023-05-23,1650.48,false
TX-02468,UB-0068,2024-11-29,2306.51,false
TX-02469,UB-0069,2023-05-08,88.69,false
TX-02470,UB-0070,2023-03-03,4943.01,false
TX-02471,UB-0071,2024-10-06,4030.65,false
TX-02472,UB-0072,2023-09-18,2204.17,false
TX-02473,UB-0073,2023-11-24,2414.64,false
TX-02474,UB-0074,2024-09-06,2789.97,false
TX-02475,UB-0075,2024-07-03,2887.21,false
TX-02476,UB-0076,2023-08-31,3917.92,false
TX-02477,UB-0077,2024-03-18,3687.69,false
TX-02478,UB-0078,2023-04-15,4935.1,false
TX-02479,UB-0079,2023-09-23,3727.36,false
TX-02480,UB-0080,2024-09-14,2597.72,false
TX-02481,UB-0081,2023-09-10,3949.37,false
TX-02482,UB-0082,2024-04-25,2965.57,false
TX-02483,UB-0083,2023-12-25,2757.2,false
TX-02484,UB-0084,2023-02-22,3651.48,false
TX-02485,UB-0085,2023-07-04,4114.87,false
TX-02486,UB-0086,2023-04-28,259.92,false
TX-02487,UB-0087,2023-07-10,4623.34,false
TX-02488,UB-0088,2023-09-15,4133.09,false
TX-02489,UB-0089,2024-01-01,4298.72,false
TX-02490,UB-0090,2024-12-09,3999.26,false
TX-02491,UB-0091,2023-11-06,4234.78,false
TX-02492,UB-0092,2024-10-19,108.73,false
TX-02493,UB-0093,2024-01-26,2100.24,false
TX-02494,UB-0094,2023-08-01,2083.7,false
TX-02495,UB-0095,2023-11-05,3567.28,false
TX-02496,UB-0096,2023-11-29,4286.27,false
TX-02497,UB-0097,2024-09-01,2983.57,false
TX-02498,UB-0098,2023-12-30,883.21,false
TX-02499,UB-0099,2023-06-30,4166.53,false
TX-02500,UB-0100,2024-03-19,372.64,false
