transaccionId,cuentaId,monto,fecha,autorizado
TX-00001,CU-0001,40057.15,2024-10-18,true
TX-00002,CU-0002,1912.99,2024-04-02,false
TX-00003,CU-0003,22942.78,2023-08-17,false
TX-00004,CU-0004,46025.04,2023-06-08,true
TX-00005,CU-0005,27544.96,2023-10-25,true
TX-00006,CU-0006,32986.98,2023-11-29,false
TX-00007,CU-0007,45389.87,2024-09-28,false
TX-00008,CU-0008,39329.04,2024-02-11,true
TX-00009,CU-0009,2646.24,2023-03-03,false
TX-00010,CU-0010,56.06,2024-07-27,true
TX-00011,CU-0011,14150.6,2024-02-29,true
TX-00012,CU-0012,41859.46,2024-07-10,true
TX-00013,CU-0013,18762.05,2023-09-11,true
TX-00014,CU-0014,6550.74,2024-03-20,true
TX-00015,CU-0015,7045.46,2024-02-12,true
TX-00016,CU-0016,3456.7,2024-09-05,true
TX-00017,CU-0017,8986.11,2024-01-27,true
TX-00018,CU-0018,10933.42,2024-06-03,false
TX-00019,CU-0019,24053.35,2024-01-29,true
TX-00020,CU-0020,25235.12,2024-01-18,true
TX-00021,CU-0021,20987.76,2024-03-16,true
TX-00022,CU-0022,4367.22,2024-04-27,true
TX-00023,CU-0023,45426.16,2023-02-02,true
TX-00024,CU-0024,46977.73,2024-04-19,true
TX-00025,CU-0025,15564.48,2023-12-23,true
TX-00026,CU-0026,44976.72,2024-05-31,false
TX-00027,CU-0027,17917.83,2023-04-24,false
TX-00028,CU-0028,28714.17,2024-01-16,true
TX-00029,CU-0029,34560.46,2023-07-13,true
TX-00030,CU-0030,48690.5,2024-06-16,true
TX-00031,CU-0031,12527.45,2024-03-18,true
TX-00032,CU-0032,35867.89,2023-11-24,true
TX-00033,CU-0033,40750.17,2024-05-03,true
TX-00034,CU-0034,28128.73,2023-09-08,false
TX-00035,CU-0035,43938.73,2024-08-15,true
TX-00036,CU-0036,21844.75,2023-12-02,true
TX-00037,CU-0037,11452.2,2024-01-05,true
TX-00038,CU-0038,18718.23,2023-07-05,true
TX-00039,CU-0039,44701.64,2024-08-28,false
TX-00040,CU-0040,17918.24,2023-03-26,false
TX-00041,CU-0041,35346.39,2024-08-20,true
TX-00042,CU-0042,21633.62,2023-11-26,true
TX-00043,CU-0043,48427.05,2023-06-23,true
TX-00044,CU-0044,24780.8,2024-01-10,false
TX-00045,CU-0045,29400.24,2024-05-14,false
TX-00046,CU-0046,15070.05,2024-04-07,false
TX-00047,CU-0047,24509.73,2024-10-19,true
TX-00048,CU-0048,1402.66,2024-12-08,true
TX-00049,CU-0049,24769.4,2023-10-04,true
TX-00050,CU-0050,20686.13,2023-08-15,true
TX-00051,CU-0051,6383.86,2024-12-02,true
TX-00052,CU-0052,16187.45,2023-07-01,false
TX-00053,CU-0053,46080.25,2023-07-26,true
TX-00054,CU-0054,44956.66,2023-12-13,false
TX-00055,CU-0055,26058.22,2024-06-04,true
TX-00056,CU-0056,16261.81,2024-03-01,true
TX-00057,CU-0057,49288.33,2023-11-05,false
TX-00058,CU-0058,12551.7,2024-10-16,true
TX-00059,CU-0059,34783.17,2023-04-30,false
TX-00060,CU-0060,20772.15,2023-07-12,true
TX-00061,CU-0061,7438.05,2024-02-09,false
TX-00062,CU-0062,32065.54,2024-03-15,true
TX-00063,CU-0063,41976.93,2024-12-17,false
TX-00064,CU-0064,24091.93,2024-06-03,true
TX-00065,CU-0065,21248.62,2023-08-18,true
TX-00066,CU-0066,35433.98,2024-02-03,true
TX-00067,CU-0067,36591.42,2024-03-08,true
TX-00068,CU-0068,24139.02,2024-02-20,true
TX-00069,CU-0069,48651.6,2024-09-12,true
TX-00070,CU-0070,49809.8,2024-10-29,false
TX-00071,CU-0071,40617.07,2023-01-05,true
TX-00072,CU-0072,9436.27,2024-03-03,true
TX-00073,CU-0073,31020.88,2023-10-24,true
TX-00074,CU-0074,39964.97,2023-01-09,true
TX-00075,CU-0075,10169.94,2023-08-12,true
TX-00076,CU-0076,22230.02,2024-12-12,false
TX-00077,CU-0077,34178.7,2023-08-23,true
TX-00078,CU-0078,34528.19,2023-06-04,true
TX-00079,CU-0079,34339.75,2024-03-15,false
TX-00080,CU-0080,33069.2,2024-07-29,true
TX-00081,CU-0081,46506.58,2024-05-29,true
TX-00082,CU-0082,40478.87,2023-08-03,true
TX-00083,CU-0083,32550.07,2024-09-23,true
TX-00084,CU-0084,20713.15,2023-12-01,true
TX-00085,CU-0085,48859.12,2024-05-18,true
TX-00086,CU-0086,49394.58,2023-02-01,true
TX-00087,CU-0087,34427.87,2024-11-13,true
TX-00088,CU-0088,17154.07,2024-12-06,true
TX-00089,CU-0089,31571.66,2023-02-18,true
TX-00090,CU-0090,22744.19,2023-03-05,true
TX-00091,CU-0091,7596.62,2024-09-29,true
TX-00092,CU-0092,8007.08,2024-09-05,true
TX-00093,CU-0093,45347.67,2023-03-17,true
TX-00094,CU-0094,20688.66,2024-08-11,true
TX-00095,CU-0095,22028.77,2023-12-21,true
TX-00096,CU-0096,41985.66,2024-11-02,false
TX-00097,CU-0097,40732.1,2023-05-15,true
TX-00098,CU-0098,9493.7,2023-09-20,false
TX-00099,CU-0099,3850.44,2023-09-01,true
TX-00100,CU-0100,17003.42,2023-02-04,false
TX-00101,CU-0101,17340.47,2024-02-14,false
TX-00102,CU-0102,34851.33,2024-01-09,true
TX-00103,CU-0103,46184.89,2024-08-16,false
TX-00104,CU-0104,20759.27,2023-04-19,true
TX-00105,CU-0105,35276.61,2024-05-19,true
TX-00106,CU-0106,45120.04,2023-08-17,true
TX-00107,CU-0107,47175.71,2023-06-11,true
TX-00108,CU-0108,21436.23,2023-08-14,true
TX-00109,CU-0109,14768.95,2023-09-14,true
TX-00110,CU-0110,23005.43,2023-04-14,true
TX-00111,CU-0111,40278.39,2023-07-18,true
TX-00112,CU-0112,19560.76,2024-04-06,true
TX-00113,CU-0113,29853.65,2024-08-27,true
TX-00114,CU-0114,32693.58,2024-05-22,true
TX-00115,CU-0115,25879.03,2024-05-29,true
TX-00116,CU-0116,10625.14,2023-04-07,true
TX-00117,CU-0117,6397.72,2023-10-06,false
TX-00118,CU-0118,16395.68,2023-02-22,false
TX-00119,CU-0119,41600.82,2024-09-14,false
TX-00120,CU-0120,33579.42,2023-02-05,true
TX-00121,CU-0121,19630.49,2024-12-27,true
TX-00122,CU-0122,42229.02,2024-08-09,true
TX-00123,CU-0123,30223.08,2023-04-18,true
TX-00124,CU-0124,24895.56,2024-06-20,true
TX-00125,CU-0125,14696.71,2024-11-07,true
TX-00126,CU-0126,31516.63,2023-04-17,true
TX-00127,CU-0127,30062.17,2023-01-15,true
TX-00128,CU-0128,41286.32,2023-11-18,true
TX-00129,CU-0129,36437.61,2023-08-22,true
TX-00130,CU-0130,22388.44,2024-03-04,true
TX-00131,CU-0131,19368.25,2023-06-19,false
TX-00132,CU-0132,44713.24,2023-11-14,true
TX-00133,CU-0133,10901.2,2024-04-17,true
TX-00134,CU-0134,9835.68,2023-09-02,true
TX-00135,CU-0135,40949.05,2024-12-23,true
TX-00136,CU-0136,8350.54,2023-01-05,false
TX-00137,CU-0137,27551.06,2023-05-01,false
TX-00138,CU-0138,20753.92,2023-12-16,true
TX-00139,CU-0139,3583.08,2023-05-20,true
TX-00140,CU-0140,43729.85,2023-03-02,true
TX-00141,CU-0141,40193.32,2023-10-04,false
TX-00142,CU-0142,33981.98,2023-01-14,true
TX-00143,CU-0143,24113.9,2024-08-31,true
TX-00144,CU-0144,33122.89,2023-06-29,true
TX-00145,CU-0145,9475.25,2024-02-19,false
TX-00146,CU-0146,18180.78,2024-12-12,true
TX-00147,CU-0147,17778.65,2023-11-04,true
TX-00148,CU-0148,7319.37,2023-11-27,true
TX-00149,CU-0149,48357.39,2024-12-25,true
TX-00150,CU-0150,40948.54,2023-11-19,true
TX-00151,CU-0151,43231.41,2023-03-18,false
TX-00152,CU-0152,49659.41,2024-10-26,true
TX-00153,CU-0153,48528.05,2024-07-11,false
TX-00154,CU-0154,12966.25,2023-11-28,false
TX-00155,CU-0155,47654.02,2023-02-22,false
TX-00156,CU-0156,10145.5,2023-09-04,true
TX-00157,CU-0157,31187.16,2024-01-04,true
TX-00158,CU-0158,15846.45,2023-12-12,true
TX-00159,CU-0159,9627.0,2024-07-10,false
TX-00160,CU-0160,36951.89,2023-05-29,false
TX-00161,CU-0161,33589.22,2023-06-14,true
TX-00162,CU-0162,46776.89,2023-09-14,false
TX-00163,CU-0163,23474.95,2023-08-03,false
TX-00164,CU-0164,28017.72,2024-03-30,true
TX-00165,CU-0165,49543.94,2023-07-13,true
TX-00166,CU-0166,4522.92,2024-12-30,true
TX-00167,CU-0167,9279.64,2023-09-04,true
TX-00168,CU-0168,18032.93,2023-12-16,false
TX-00169,CU-0169,15921.7,2024-06-26,false
TX-00170,CU-0170,44528.11,2023-12-22,true
TX-00171,CU-0171,7541.62,2024-05-01,true
TX-00172,CU-0172,49192.86,2024-08-16,false
TX-00173,CU-0173,5022.08,2024-05-30,false
TX-00174,CU-0174,7396.48,2024-01-11,true
TX-00175,CU-0175,45362.08,2023-11-18,true
TX-00176,CU-0176,34264.27,2024-06-20,true
TX-00177,CU-0177,8508.22,2024-01-06,true
TX-00178,CU-0178,23346.87,2024-11-11,true
TX-00179,CU-0179,832.15,2024-07-21,true
TX-00180,CU-0180,19712.64,2023-06-05,true
TX-00181,CU-0181,44528.6,2023-11-16,true
TX-00182,CU-0182,24985.49,2024-08-07,false
TX-00183,CU-0183,42663.14,2024-12-25,true
TX-00184,CU-0184,35669.35,2024-12-07,true
TX-00185,CU-0185,8954.4,2023-05-28,true
TX-00186,CU-0186,14512.31,2023-01-03,false
TX-00187,CU-0187,8150.44,2024-08-11,true
TX-00188,CU-0188,26357.16,2023-03-23,true
TX-00189,CU-0189,43316.59,2023-01-07,true
TX-00190,CU-0190,13099.72,2024-11-06,true
TX-00191,CU-0191,45451.62,2024-01-24,false
TX-00192,CU-0192,48220.55,2024-03-02,false
TX-00193,CU-0193,49337.69,2023-08-15,true
TX-00194,CU-0194,2808.36,2023-07-01,false
TX-00195,CU-0195,28616.05,2023-12-21,true
TX-00196,CU-0196,3822.47,2023-03-11,false
TX-00197,CU-0197,25795.33,2023-01-25,true
TX-00198,CU-0198,21691.72,2023-04-07,false
TX-00199,CU-0199,9968.03,2023-05-05,true
TX-00200,CU-0200,17848.02,2023-03-09,true
TX-00201,CU-0201,8896.88,2023-01-06,true
TX-00202,CU-0202,17833.33,2024-10-31,true
TX-00203,CU-0203,5542.03,2024-03-27,true
TX-00204,CU-0204,30367.79,2023-06-20,true
TX-00205,CU-0205,36836.12,2024-12-30,false
TX-00206,CU-0206,11938.1,2023-09-10,true
TX-00207,CU-0207,12537.62,2024-02-11,true
TX-00208,CU-0208,14791.43,2024-11-26,true
TX-00209,CU-0209,10532.23,2024-08-21,true
TX-00210,CU-0210,36871.49,2023-01-20,false
TX-00211,CU-0211,14381.24,2024-02-26,true
TX-00212,CU-0212,15972.98,2023-01-21,true
TX-00213,CU-0213,25562.77,2024-05-22,false
TX-00214,CU-0214,27859.12,2023-08-05,true
TX-00215,CU-0215,24170.29,2023-10-23,true
TX-00216,CU-0216,34593.83,2024-04-27,true
TX-00217,CU-0217,10028.46,2023-09-20,false
TX-00218,CU-0218,13859.28,2024-06-26,true
TX-00219,CU-0219,39038.84,2024-09-05,false
TX-00220,CU-0220,10963.91,2024-01-23,false
TX-00221,CU-0221,5185.81,2023-01-07,false
TX-00222,CU-0222,29714.66,2024-05-28,true
TX-00223,CU-0223,33922.25,2024-08-22,false
TX-00224,CU-0224,38688.01,2023-04-30,true
TX-00225,CU-0225,48713.93,2024-01-18,true
TX-00226,CU-0226,46766.71,2023-08-11,true
TX-00227,CU-0227,26166.76,2024-04-15,true
TX-00228,CU-0228,12432.19,2023-09-07,false
TX-00229,CU-0229,37795.73,2023-08-14,true
TX-00230,CU-0230,29974.79,2023-05-19,false
TX-00231,CU-0231,9418.42,2024-09-06,true
TX-00232,CU-0232,43255.16,2023-04-06,false
TX-00233,CU-0233,15235.97,2023-12-03,false
TX-00234,CU-0234,1856.68,2024-08-25,true
TX-00235,CU-0235,26705.13,2024-09-09,true
TX-00236,CU-0236,23968.95,2024-04-06,false
TX-00237,CU-0237,10036.53,2024-12-04,true
TX-00238,CU-0238,45197.88,2024-08-17,true
TX-00239,CU-0239,40519.8,2024-12-23,true
TX-00240,CU-0240,1594.53,2024-12-31,true
TX-00241,CU-0241,39651.66,2024-04-12,false
TX-00242,CU-0242,29413.8,2024-02-01,true
TX-00243,CU-0243,15417.06,2023-03-13,true
TX-00244,CU-0244,49836.46,2024-03-05,true
TX-00245,CU-0245,40462.75,2024-12-11,false
TX-00246,CU-0246,42004.92,2023-06-20,true
TX-00247,CU-0247,18357.91,2024-10-26,true
TX-00248,CU-0248,31229.79,2024-02-19,false
TX-00249,CU-0249,49969.44,2023-12-09,true
TX-00250,CU-0250,35310.8,2023-10-12,true
TX-00251,CU-0251,18426.82,2024-02-18,true
TX-00252,CU-0252,37571.29,2023-09-19,true
TX-00253,CU-0253,248.85,2023-10-06,true
TX-00254,CU-0254,11929.7,2023-05-06,true
TX-00255,CU-0255,38438.87,2024-09-13,true
TX-00256,CU-0256,36651.49,2024-05-30,true
TX-00257,CU-0257,22678.07,2023-07-31,true
TX-00258,CU-0258,41143.43,2024-09-05,false
TX-00259,CU-0259,34485.78,2024-02-25,true
TX-00260,CU-0260,46983.03,2024-06-04,false
TX-00261,CU-0261,24220.9,2023-03-10,false
TX-00262,CU-0262,34795.94,2023-12-30,true
TX-00263,CU-0263,40331.15,2024-04-15,true
TX-00264,CU-0264,38394.85,2023-04-20,true
TX-00265,CU-0265,48151.01,2023-06-11,true
TX-00266,CU-0266,45019.99,2024-02-23,true
TX-00267,CU-0267,38822.79,2023-01-01,true
TX-00268,CU-0268,36751.75,2024-04-24,false
TX-00269,CU-0269,20527.64,2023-10-30,true
TX-00270,CU-0270,34380.83,2023-08-04,true
TX-00271,CU-0271,19887.99,2023-06-21,true
TX-00272,CU-0272,12336.27,2023-03-15,true
TX-00273,CU-0273,15455.94,2024-03-07,true
TX-00274,CU-0274,41309.8,2024-01-29,true
TX-00275,CU-0275,10216.18,2024-09-27,true
TX-00276,CU-0276,33159.55,2023-07-09,true
TX-00277,CU-0277,31195.4,2024-04-27,true
TX-00278,CU-0278,21603.66,2024-03-25,true
TX-00279,CU-0279,11723.24,2024-10-12,true
TX-00280,CU-0280,43123.13,2024-08-01,true
TX-00281,CU-0281,37273.25,2023-03-17,true
TX-00282,CU-0282,48800.13,2024-06-15,true
TX-00283,CU-0283,11186.67,2024-03-30,true
TX-00284,CU-0284,41609.62,2023-05-17,true
TX-00285,CU-0285,49645.24,2023-12-23,true
TX-00286,CU-0286,47313.85,2023-02-06,true
TX-00287,CU-0287,4639.57,2023-07-15,true
TX-00288,CU-0288,21706.6,2023-06-27,true
TX-00289,CU-0289,43714.06,2023-09-10,true
TX-00290,CU-0290,33278.95,2023-03-06,true
TX-00291,CU-0291,34742.41,2024-01-07,false
TX-00292,CU-0292,29402.2,2023-08-12,true
TX-00293,CU-0293,38263.91,2023-09-15,true
TX-00294,CU-0294,3316.21,2024-05-19,true
TX-00295,CU-0295,38167.08,2024-02-11,true
TX-00296,CU-0296,40228.57,2024-03-17,true
TX-00297,CU-0297,42344.17,2023-09-25,true
TX-00298,CU-0298,49011.44,2023-01-03,true
TX-00299,CU-0299,36029.86,2023-03-16,true
TX-00300,CU-0300,43987.29,2024-11-05,true
TX-00301,CU-0301,33304.65,2024-10-25,false
TX-00302,CU-0302,5507.18,2024-09-07,false
TX-00303,CU-0303,25754.1,2024-08-29,true
TX-00304,CU-0304,27329.84,2023-10-02,true
TX-00305,CU-0305,49698.52,2024-07-20,true
TX-00306,CU-0306,18838.98,2024-12-28,true
TX-00307,CU-0307,29519.04,2024-10-11,true
TX-00308,CU-0308,20552.5,2024-02-29,false
TX-00309,CU-0309,3763.57,2023-10-25,true
TX-00310,CU-0310,25290.95,2023-06-02,false
TX-00311,CU-0311,38868.51,2023-02-22,true
TX-00312,CU-0312,29243.55,2024-12-07,true
TX-00313,CU-0313,234.95,2024-08-15,true
TX-00314,CU-0314,21642.45,2024-03-03,true
TX-00315,CU-0315,19543.25,2024-05-17,true
TX-00316,CU-0316,14277.62,2024-08-11,true
TX-00317,CU-0317,33773.86,2024-02-10,true
TX-00318,CU-0318,26422.88,2023-05-28,true
TX-00319,CU-0319,38445.48,2023-08-20,false
TX-00320,CU-0320,19283.55,2023-04-07,false
TX-00321,CU-0321,43321.69,2024-01-08,true
TX-00322,CU-0322,19849.07,2024-05-31,true
TX-00323,CU-0323,12277.55,2023-02-07,false
TX-00324,CU-0324,33769.69,2024-04-30,true
TX-00325,CU-0325,29479.66,2023-01-16,true
TX-00326,CU-0326,8897.22,2024-11-11,true
TX-00327,CU-0327,34420.09,2023-05-23,false
TX-00328,CU-0328,17029.41,2023-09-18,true
TX-00329,CU-0329,37632.16,2023-12-19,true
TX-00330,CU-0330,45255.21,2023-05-18,false
TX-00331,CU-0331,4042.48,2023-01-28,true
TX-00332,CU-0332,37447.53,2024-11-07,true
TX-00333,CU-0333,33350.63,2023-10-12,true
TX-00334,CU-0334,1542.23,2023-08-11,true
TX-00335,CU-0335,21564.87,2024-11-09,true
TX-00336,CU-0336,21107.22,2024-05-13,false
TX-00337,CU-0337,35624.4,2023-04-10,true
TX-00338,CU-0338,25469.75,2023-09-10,true
TX-00339,CU-0339,32124.12,2024-04-02,true
TX-00340,CU-0340,11092.22,2023-10-17,false
TX-00341,CU-0341,6492.29,2023-09-28,true
TX-00342,CU-0342,22814.83,2024-01-06,true
TX-00343,CU-0343,40228.22,2024-06-22,true
TX-00344,CU-0344,15457.5,2023-02-05,true
TX-00345,CU-0345,41356.96,2024-12-29,true
TX-00346,CU-0346,8825.54,2023-01-17,true
TX-00347,CU-0347,12336.74,2024-11-10,true
TX-00348,CU-0348,44024.2,2024-08-13,true
TX-00349,CU-0349,17023.25,2023-05-14,true
TX-00350,CU-0350,20371.04,2024-03-05,true
TX-00351,CU-0351,37309.06,2024-03-31,true
TX-00352,CU-0352,49683.27,2024-08-06,true
TX-00353,CU-0353,45976.21,2023-08-19,true
TX-00354,CU-0354,16408.2,2024-08-22,true
TX-00355,CU-0355,37418.64,2023-06-27,true
TX-00356,CU-0356,30942.45,2024-04-16,false
TX-00357,CU-0357,33737.44,2024-06-01,true
TX-00358,CU-0358,38291.85,2024-07-30,true
TX-00359,CU-0359,35402.92,2024-07-21,true
TX-00360,CU-0360,2209.18,2024-10-22,false
TX-00361,CU-0361,25235.44,2024-02-22,true
TX-00362,CU-0362,4299.47,2024-05-15,true
TX-00363,CU-0363,28257.47,2024-02-12,true
TX-00364,CU-0364,35661.5,2024-10-08,true
TX-00365,CU-0365,7839.76,2023-06-28,true
TX-00366,CU-0366,21182.72,2024-12-21,false
TX-00367,CU-0367,42675.51,2023-12-20,true
TX-00368,CU-0368,16601.05,2023-07-04,true
TX-00369,CU-0369,11608.37,2024-03-18,true
TX-00370,CU-0370,10641.67,2023-05-14,true
TX-00371,CU-0371,2413.93,2024-11-12,true
TX-00372,CU-0372,29967.28,2023-09-20,true
TX-00373,CU-0373,1502.01,2024-02-27,true
TX-00374,CU-0374,49822.47,2024-02-07,true
TX-00375,CU-0375,13654.73,2023-06-05,true
TX-00376,CU-0376,38404.65,2024-01-13,true
TX-00377,CU-0377,2530.39,2023-06-07,true
TX-00378,CU-0378,35759.28,2024-01-07,true
TX-00379,CU-0379,10351.95,2023-01-11,true
TX-00380,CU-0380,24965.96,2024-06-19,false
TX-00381,CU-0381,13408.79,2024-03-01,true
TX-00382,CU-0382,13022.8,2024-12-15,true
TX-00383,CU-0383,46602.46,2023-04-20,true
TX-00384,CU-0384,19729.19,2023-11-02,true
TX-00385,CU-0385,15924.98,2024-10-06,false
TX-00386,CU-0386,49941.87,2023-03-05,true
TX-00387,CU-0387,17941.56,2023-03-21,true
TX-00388,CU-0388,48253.06,2024-12-30,true
TX-00389,CU-0389,4529.39,2024-10-31,false
TX-00390,CU-0390,31593.28,2024-11-17,false
TX-00391,CU-0391,46096.46,2023-06-17,true
TX-00392,CU-0392,22038.93,2024-04-25,true
TX-00393,CU-0393,29242.67,2023-02-07,true
TX-00394,CU-0394,30453.11,2024-09-07,true
TX-00395,CU-0395,48697.95,2024-05-04,true
TX-00396,CU-0396,41270.5,2023-08-06,true
TX-00397,CU-0397,40770.39,2024-03-06,true
TX-00398,CU-0398,14363.5,2024-01-04,true
TX-00399,CU-0399,26319.77,2023-06-26,true
TX-00400,CU-0400,39826.89,2023-03-29,true
TX-00401,CU-0401,7765.38,2024-12-10,true
TX-00402,CU-0402,24517.41,2023-01-27,true
TX-00403,CU-0403,27351.43,2024-12-31,true
TX-00404,CU-0404,27162.96,2024-03-25,false
TX-00405,CU-0405,40143.49,2024-09-04,true
TX-00406,CU-0406,26317.14,2023-11-14,true
TX-00407,CU-0407,18003.21,2023-02-04,true
TX-00408,CU-0408,37911.98,2023-05-06,false
TX-00409,CU-0409,27321.08,2024-07-06,true
TX-00410,CU-0410,37361.23,2023-12-13,true
TX-00411,CU-0411,85.41,2024-10-19,true
TX-00412,CU-0412,12689.4,2024-03-21,true
TX-00413,CU-0413,18852.62,2024-01-29,true
TX-00414,CU-0414,46801.77,2023-08-28,true
TX-00415,CU-0415,48703.6,2023-07-23,true
TX-00416,CU-0416,39662.76,2024-12-10,false
TX-00417,CU-0417,17252.96,2023-07-05,true
TX-00418,CU-0418,14422.09,2023-11-17,true
TX-00419,CU-0419,15981.36,2024-10-10,true
TX-00420,CU-0420,31219.44,2024-10-18,true
TX-00421,CU-0421,47474.27,2024-05-13,true
TX-00422,CU-0422,37556.22,2023-11-21,true
TX-00423,CU-0423,24239.62,2023-08-26,true
TX-00424,CU-0424,26440.69,2023-12-25,true
TX-00425,CU-0425,34001.74,2024-11-01,true
TX-00426,CU-0426,30607.58,2023-09-17,true
TX-00427,CU-0427,3235.36,2024-03-21,false
TX-00428,CU-0428,12556.21,2024-05-03,true
TX-00429,CU-0429,7088.75,2024-06-03,true
TX-00430,CU-0430,39274.64,2024-09-27,true
TX-00431,CU-0431,16612.19,2024-05-19,false
TX-00432,CU-0432,36526.27,2024-08-31,false
TX-00433,CU-0433,624.64,2023-10-21,false
TX-00434,CU-0434,27530.95,2023-10-19,true
TX-00435,CU-0435,15152.81,2023-07-09,true
TX-00436,CU-0436,49033.97,2023-07-12,false
TX-00437,CU-0437,16818.37,2023-07-27,false
TX-00438,CU-0438,47245.01,2023-11-18,false
TX-00439,CU-0439,19803.61,2023-06-10,true
TX-00440,CU-0440,24509.44,2024-05-15,true
TX-00441,CU-0441,42979.61,2023-05-30,true
TX-00442,CU-0442,12385.07,2024-08-25,false
TX-00443,CU-0443,12370.48,2024-03-23,true
TX-00444,CU-0444,28473.44,2024-05-25,true
TX-00445,CU-0445,34309.04,2023-10-27,false
TX-00446,CU-0446,7033.41,2024-02-14,true
TX-00447,CU-0447,4093.68,2024-03-28,false
TX-00448,CU-0448,17791.06,2024-04-04,true
TX-00449,CU-0449,16634.99,2023-11-08,true
TX-00450,CU-0450,22946.05,2023-11-24,true
TX-00451,CU-0451,13905.26,2024-10-14,false
TX-00452,CU-0452,23023.05,2023-02-05,true
TX-00453,CU-0453,35594.88,2023-07-25,true
TX-00454,CU-0454,30933.2,2024-05-03,true
TX-00455,CU-0455,1671.51,2024-04-09,true
TX-00456,CU-0456,20443.21,2024-03-01,true
TX-00457,CU-0457,15885.43,2024-07-14,false
TX-00458,CU-0458,43253.98,2024-06-17,false
TX-00459,CU-0459,5590.84,2024-08-10,true
TX-00460,CU-0460,12074.28,2024-03-12,true
TX-00461,CU-0461,26539.44,2023-02-04,true
TX-00462,CU-0462,48889.1,2024-03-11,true
TX-00463,CU-0463,8102.54,2024-07-02,false
TX-00464,CU-0464,23745.42,2024-01-16,true
TX-00465,CU-0465,36753.31,2023-12-01,true
TX-00466,CU-0466,45011.15,2023-05-14,true
TX-00467,CU-0467,34425.4,2024-06-29,true
TX-00468,CU-0468,27033.57,2023-11-24,true
TX-00469,CU-0469,24226.7,2023-10-26,true
TX-00470,CU-0470,1073.79,2023-10-23,true
TX-00471,CU-0471,2972.77,2024-04-23,false
TX-00472,CU-0472,18954.97,2024-06-19,true
TX-00473,CU-0473,17170.39,2024-01-11,false
TX-00474,CU-0474,35234.36,2024-03-27,true
TX-00475,CU-0475,16792.4,2023-11-05,true
TX-00476,CU-0476,23883.11,2024-02-20,true
TX-00477,CU-0477,19227.5,2024-09-13,true
TX-00478,CU-0478,17420.73,2024-12-13,true
TX-00479,CU-0479,19693.14,2024-07-29,false
TX-00480,CU-0480,18147.37,2024-06-06,true
TX-00481,CU-0481,11054.35,2023-12-24,true
TX-00482,CU-0482,13614.63,2024-10-13,false
TX-00483,CU-0483,35120.38,2024-11-18,true
TX-00484,CU-0484,10593.83,2024-12-28,true
TX-00485,CU-0485,39953.63,2024-03-03,true
TX-00486,CU-0486,522.18,2024-08-12,false
TX-00487,CU-0487,47261.6,2023-08-04,true
TX-00488,CU-0488,44378.12,2024-02-21,false
TX-00489,CU-0489,42897.96,2024-07-12,true
TX-00490,CU-0490,4805.55,2023-02-25,true
TX-00491,CU-0491,49766.45,2024-01-14,true
TX-00492,CU-0492,21090.97,2023-05-11,true
TX-00493,CU-0493,38516.14,2023-06-15,true
TX-00494,CU-0494,31947.39,2023-11-13,true
TX-00495,CU-0495,28207.81,2024-06-01,true
TX-00496,CU-0496,11031.34,2023-12-11,true
TX-00497,CU-0497,8632.76,2023-03-26,false
TX-00498,CU-0498,1854.22,2023-09-29,true
TX-00499,CU-0499,14203.6,2023-12-20,true
TX-00500,CU-0500,45147.27,2024-02-29,true
TX-00501,CU-0501,4324.69,2024-11-20,true
TX-00502,CU-0502,2236.39,2024-09-01,false
TX-00503,CU-0503,40531.12,2023-07-16,true
TX-00504,CU-0504,8247.41,2023-06-27,true
TX-00505,CU-0505,32998.19,2023-05-04,true
TX-00506,CU-0506,39839.91,2024-03-21,false
TX-00507,CU-0507,16284.24,2023-12-16,true
TX-00508,CU-0508,7630.27,2023-04-01,true
TX-00509,CU-0509,3628.98,2023-01-10,false
TX-00510,CU-0510,18107.77,2023-05-25,true
TX-00511,CU-0511,25170.86,2023-03-05,true
TX-00512,CU-0512,34859.22,2024-03-25,true
TX-00513,CU-0513,15349.58,2024-12-09,true
TX-00514,CU-0514,36667.82,2023-09-12,true
TX-00515,CU-0515,7741.0,2024-02-24,true
TX-00516,CU-0516,14578.11,2024-09-21,false
TX-00517,CU-0517,31731.59,2023-10-27,false
TX-00518,CU-0518,29182.66,2023-06-04,false
TX-00519,CU-0519,39370.39,2023-07-26,true
TX-00520,CU-0520,49409.6,2024-02-17,true
TX-00521,CU-0521,45492.14,2023-12-05,true
TX-00522,CU-0522,38165.19,2023-02-02,false
TX-00523,CU-0523,24188.33,2024-09-03,true
TX-00524,CU-0524,34032.61,2023-08-15,true
TX-00525,CU-0525,796.05,2024-02-12,true
TX-00526,CU-0526,21174.5,2024-07-04,false
TX-00527,CU-0527,26430.01,2024-12-10,false
TX-00528,CU-0528,3607.42,2023-12-29,true
TX-00529,CU-0529,17980.38,2023-09-09,true
TX-00530,CU-0530,1084.22,2024-01-22,false
TX-00531,CU-0531,35789.06,2023-12-28,true
TX-00532,CU-0532,45643.33,2024-10-30,true
TX-00533,CU-0533,31958.48,2023-05-15,true
TX-00534,CU-0534,7329.38,2024-03-12,true
TX-00535,CU-0535,2165.17,2024-03-01,false
TX-00536,CU-0536,16160.68,2024-05-06,true
TX-00537,CU-0537,6806.05,2024-09-21,true
TX-00538,CU-0538,32131.94,2023-07-08,true
TX-00539,CU-0539,2490.38,2024-06-30,true
TX-00540,CU-0540,46500.14,2024-11-20,true
TX-00541,CU-0541,23557.51,2023-07-20,true
TX-00542,CU-0542,28932.41,2023-07-19,true
TX-00543,CU-0543,45671.41,2023-12-16,false
TX-00544,CU-0544,373.53,2023-07-01,true
TX-00545,CU-0545,44641.7,2024-04-04,true
TX-00546,CU-0546,3164.92,2023-06-22,false
TX-00547,CU-0547,7642.28,2023-08-01,true
TX-00548,CU-0548,12803.55,2023-04-25,true
TX-00549,CU-0549,38545.09,2024-01-12,true
TX-00550,CU-0550,18056.77,2023-10-02,true
TX-00551,CU-0551,36824.92,2023-10-04,true
TX-00552,CU-0552,12116.68,2023-12-25,true
TX-00553,CU-0553,27212.29,2024-07-06,true
TX-00554,CU-0554,23244.04,2023-02-02,true
TX-00555,CU-0555,39479.31,2023-04-08,true
TX-00556,CU-0556,35333.6,2023-01-03,false
TX-00557,CU-0557,21036.58,2024-03-06,true
TX-00558,CU-0558,1559.4,2024-09-24,true
TX-00559,CU-0559,8327.39,2023-06-28,true
TX-00560,CU-0560,3872.32,2024-02-02,true
TX-00561,CU-0561,11562.83,2024-01-24,false
TX-00562,CU-0562,5279.14,2023-03-07,false
TX-00563,CU-0563,15828.62,2023-09-14,true
TX-00564,CU-0564,1451.78,2023-03-17,true
TX-00565,CU-0565,38569.95,2023-08-27,true
TX-00566,CU-0566,29909.06,2023-03-31,false
TX-00567,CU-0567,5480.27,2024-10-29,true
TX-00568,CU-0568,23952.07,2023-04-11,true
TX-00569,CU-0569,8434.89,2024-08-18,true
TX-00570,CU-0570,22195.3,2023-03-25,true
TX-00571,CU-0571,24923.8,2023-07-16,true
TX-00572,CU-0572,42353.53,2024-05-20,false
TX-00573,CU-0573,26350.9,2024-06-19,true
TX-00574,CU-0574,40785.43,2024-07-21,true
TX-00575,CU-0575,43289.8,2023-04-27,true
TX-00576,CU-0576,7869.13,2024-12-19,true
TX-00577,CU-0577,21985.63,2023-03-18,false
TX-00578,CU-0578,13192.25,2024-08-10,true
TX-00579,CU-0579,16065.61,2023-11-22,true
TX-00580,CU-0580,12715.77,2023-05-06,true
TX-00581,CU-0581,23080.71,2024-02-01,false
TX-00582,CU-0582,10668.73,2023-08-15,true
TX-00583,CU-0583,8125.02,2023-09-08,true
TX-00584,CU-0584,12983.82,2023-02-01,true
TX-00585,CU-0585,42790.83,2024-02-13,true
TX-00586,CU-0586,3765.28,2024-03-07,true
TX-00587,CU-0587,48020.09,2024-12-25,true
TX-00588,CU-0588,15862.01,2023-10-26,false
TX-00589,CU-0589,6355.21,2023-03-05,true
TX-00590,CU-0590,21142.23,2024-06-07,true
TX-00591,CU-0591,4898.84,2024-12-19,true
TX-00592,CU-0592,15936.92,2023-03-08,true
TX-00593,CU-0593,9424.36,2023-08-28,true
TX-00594,CU-0594,39627.6,2023-01-10,false
TX-00595,CU-0595,4815.46,2023-08-07,true
TX-00596,CU-0596,21270.34,2023-09-05,false
TX-00597,CU-0597,42393.01,2023-02-16,false
TX-00598,CU-0598,37387.12,2023-02-24,true
TX-00599,CU-0599,5332.82,2024-11-20,true
TX-00600,CU-0600,41892.31,2023-09-04,true
TX-00601,CU-0601,12437.98,2024-09-09,true
TX-00602,CU-0602,7820.27,2024-01-07,true
TX-00603,CU-0603,2448.58,2023-01-05,true
TX-00604,CU-0604,5787.61,2023-12-02,true
TX-00605,CU-0605,32216.74,2024-09-27,true
TX-00606,CU-0606,29952.16,2024-05-09,true
TX-00607,CU-0607,22351.16,2023-06-06,true
TX-00608,CU-0608,43939.4,2024-09-12,true
TX-00609,CU-0609,4751.51,2024-09-03,true
TX-00610,CU-0610,36986.28,2024-06-09,true
TX-00611,CU-0611,37258.93,2023-02-25,true
TX-00612,CU-0612,48001.73,2023-05-01,true
TX-00613,CU-0613,7434.52,2023-06-14,true
TX-00614,CU-0614,24923.48,2023-12-21,true
TX-00615,CU-0615,6173.09,2023-06-29,true
TX-00616,CU-0616,9482.08,2023-06-28,false
TX-00617,CU-0617,32531.4,2023-08-27,true
TX-00618,CU-0618,44795.61,2023-06-04,true
TX-00619,CU-0619,11930.61,2024-05-07,true
TX-00620,CU-0620,30884.5,2024-09-23,true
TX-00621,CU-0621,6805.72,2023-12-04,true
TX-00622,CU-0622,17951.11,2024-12-01,false
TX-00623,CU-0623,19775.11,2024-11-18,true
TX-00624,CU-0624,22697.04,2023-08-16,true
TX-00625,CU-0625,29153.94,2023-03-29,true
TX-00626,CU-0626,32783.58,2023-02-21,true
TX-00627,CU-0627,2227.12,2023-09-24,true
TX-00628,CU-0628,35576.18,2023-04-17,true
TX-00629,CU-0629,11415.08,2023-06-24,false
TX-00630,CU-0630,37632.93,2024-12-21,true
TX-00631,CU-0631,10367.91,2023-04-18,true
TX-00632,CU-0632,43900.04,2024-06-15,false
TX-00633,CU-0633,21218.3,2024-07-21,true
TX-00634,CU-0634,30867.37,2024-09-02,true
TX-00635,CU-0635,3734.91,2024-04-04,true
TX-00636,CU-0636,27960.01,2023-09-10,true
TX-00637,CU-0637,21889.17,2023-08-25,true
TX-00638,CU-0638,3069.39,2023-09-14,true
TX-00639,CU-0639,15436.23,2024-03-26,true
TX-00640,CU-0640,16102.25,2024-06-03,true
TX-00641,CU-0641,5064.87,2023-05-08,false
TX-00642,CU-0642,32598.97,2023-08-26,true
TX-00643,CU-0643,45535.76,2023-10-15,true
TX-00644,CU-0644,25777.11,2023-12-29,false
TX-00645,CU-0645,5024.74,2023-08-29,false
TX-00646,CU-0646,20554.16,2024-11-28,true
TX-00647,CU-0647,38279.88,2023-08-27,true
TX-00648,CU-0648,21543.14,2023-04-06,false
TX-00649,CU-0649,29752.55,2024-05-16,true
TX-00650,CU-0650,2863.04,2024-05-14,false
TX-00651,CU-0651,24287.41,2024-10-08,false
TX-00652,CU-0652,6864.95,2023-02-22,true
TX-00653,CU-0653,6488.22,2024-05-03,false
TX-00654,CU-0654,48688.97,2023-11-02,true
TX-00655,CU-0655,7380.09,2023-11-25,true
TX-00656,CU-0656,33031.91,2023-01-25,false
TX-00657,CU-0657,31790.43,2023-05-13,true
TX-00658,CU-0658,17285.73,2024-07-15,false
TX-00659,CU-0659,34769.22,2024-12-19,true
TX-00660,CU-0660,26984.95,2023-09-27,true
TX-00661,CU-0661,34854.16,2024-07-05,true
TX-00662,CU-0662,48486.95,2023-09-24,true
TX-00663,CU-0663,33302.4,2024-03-05,false
TX-00664,CU-0664,5860.99,2024-02-08,true
TX-00665,CU-0665,12144.29,2023-01-25,true
TX-00666,CU-0666,43657.62,2023-12-24,false
TX-00667,CU-0667,28549.85,2023-09-18,true
TX-00668,CU-0668,25962.17,2023-01-06,false
TX-00669,CU-0669,1134.7,2024-12-31,true
TX-00670,CU-0670,26425.87,2023-08-05,true
TX-00671,CU-0671,18070.47,2023-01-20,false
TX-00672,CU-0672,19821.81,2023-05-18,true
TX-00673,CU-0673,1985.74,2024-04-26,true
TX-00674,CU-0674,8540.21,2023-04-20,true
TX-00675,CU-0675,27848.07,2023-05-01,true
TX-00676,CU-0676,5451.39,2023-01-23,true
TX-00677,CU-0677,31601.36,2024-12-01,false
TX-00678,CU-0678,40929.74,2023-04-14,false
TX-00679,CU-0679,12382.77,2024-08-20,false
TX-00680,CU-0680,48170.81,2023-04-13,true
TX-00681,CU-0681,29689.78,2023-10-17,false
TX-00682,CU-0682,34162.36,2023-03-28,true
TX-00683,CU-0683,43341.89,2023-09-05,true
TX-00684,CU-0684,46677.55,2024-09-01,true
TX-00685,CU-0685,35854.81,2024-08-11,false
TX-00686,CU-0686,45475.35,2024-08-12,false
TX-00687,CU-0687,15483.71,2023-12-14,false
TX-00688,CU-0688,44099.65,2024-08-16,true
TX-00689,CU-0689,28011.89,2024-10-21,true
TX-00690,CU-0690,40142.28,2024-08-08,true
TX-00691,CU-0691,12419.09,2023-06-01,true
TX-00692,CU-0692,6139.74,2023-05-10,true
TX-00693,CU-0693,40338.5,2024-03-18,true
TX-00694,CU-0694,29420.49,2024-09-07,false
TX-00695,CU-0695,17132.15,2024-11-04,true
TX-00696,CU-0696,24815.91,2023-01-16,true
TX-00697,CU-0697,28762.34,2023-01-27,true
TX-00698,CU-0698,29564.8,2024-11-18,true
TX-00699,CU-0699,39257.0,2024-05-03,true
TX-00700,CU-0700,42295.06,2024-04-24,true
TX-00701,CU-0701,923.4,2023-03-29,true
TX-00702,CU-0702,31998.58,2024-09-27,true
TX-00703,CU-0703,18516.41,2024-10-07,true
TX-00704,CU-0704,27483.23,2024-01-01,false
TX-00705,CU-0705,47112.24,2024-11-20,true
TX-00706,CU-0706,171.17,2023-12-08,false
TX-00707,CU-0707,34294.43,2023-06-14,false
TX-00708,CU-0708,19459.78,2023-12-01,true
TX-00709,CU-0709,49548.97,2023-06-11,true
TX-00710,CU-0710,20493.32,2024-03-09,false
TX-00711,CU-0711,21764.59,2023-11-10,true
TX-00712,CU-0712,9835.33,2024-01-05,true
TX-00713,CU-0713,21623.28,2023-08-18,true
TX-00714,CU-0714,13916.89,2023-04-19,true
TX-00715,CU-0715,5593.7,2023-07-17,true
TX-00716,CU-0716,23542.1,2023-06-27,true
TX-00717,CU-0717,30325.84,2023-12-24,true
TX-00718,CU-0718,25486.14,2023-08-02,true
TX-00719,CU-0719,10795.79,2023-11-12,true
TX-00720,CU-0720,14989.59,2023-07-02,true
TX-00721,CU-0721,31179.65,2023-04-11,true
TX-00722,CU-0722,17629.39,2024-09-17,true
TX-00723,CU-0723,42354.03,2024-03-06,true
TX-00724,CU-0724,7792.93,2024-04-18,true
TX-00725,CU-0725,17450.43,2023-03-26,true
TX-00726,CU-0726,40681.93,2023-03-02,false
TX-00727,CU-0727,21641.34,2024-08-16,false
TX-00728,CU-0728,27885.64,2023-08-01,true
TX-00729,CU-0729,26499.76,2023-11-04,false
TX-00730,CU-0730,31394.14,2024-10-07,true
TX-00731,CU-0731,8973.74,2024-04-04,true
TX-00732,CU-0732,28776.99,2023-03-18,true
TX-00733,CU-0733,9901.41,2024-03-10,true
TX-00734,CU-0734,38703.53,2024-06-07,true
TX-00735,CU-0735,23073.74,2024-12-25,true
TX-00736,CU-0736,41607.39,2024-08-31,true
TX-00737,CU-0737,8295.42,2024-05-14,false
TX-00738,CU-0738,4182.42,2023-10-29,false
TX-00739,CU-0739,18863.95,2024-09-27,true
TX-00740,CU-0740,37185.35,2024-05-12,true
TX-00741,CU-0741,1019.18,2023-03-21,true
TX-00742,CU-0742,3462.37,2024-09-01,true
TX-00743,CU-0743,2820.89,2023-07-04,true
TX-00744,CU-0744,31019.99,2023-08-16,true
TX-00745,CU-0745,18507.88,2023-03-06,true
TX-00746,CU-0746,15114.12,2024-02-10,false
TX-00747,CU-0747,23862.71,2024-12-12,false
TX-00748,CU-0748,28365.69,2023-04-05,false
TX-00749,CU-0749,49946.31,2023-01-07,true
TX-00750,CU-0750,22662.68,2023-08-30,true
TX-00751,CU-0751,42074.56,2023-01-06,false
TX-00752,CU-0752,3846.69,2024-07-18,true
TX-00753,CU-0753,33866.59,2023-09-25,false
TX-00754,CU-0754,19069.59,2023-10-04,true
TX-00755,CU-0755,8561.83,2024-10-27,true
TX-00756,CU-0756,17076.16,2023-02-12,false
TX-00757,CU-0757,42672.33,2023-02-03,true
TX-00758,CU-0758,12128.74,2023-03-13,true
TX-00759,CU-0759,20328.16,2023-06-04,false
TX-00760,CU-0760,49834.53,2024-09-13,false
TX-00761,CU-0761,42135.55,2023-12-07,false
TX-00762,CU-0762,8465.36,2023-11-14,true
TX-00763,CU-0763,43837.6,2024-11-09,false
TX-00764,CU-0764,38006.47,2023-12-12,true
TX-00765,CU-0765,38861.01,2023-04-22,true
TX-00766,CU-0766,2785.28,2024-07-23,true
TX-00767,CU-0767,45525.3,2023-02-13,true
TX-00768,CU-0768,42515.39,2023-11-30,true
TX-00769,CU-0769,45116.4,2023-10-13,true
TX-00770,CU-0770,37438.51,2024-05-20,false
TX-00771,CU-0771,17333.96,2023-02-14,true
TX-00772,CU-0772,20758.4,2023-07-01,true
TX-00773,CU-0773,14672.78,2023-09-18,false
TX-00774,CU-0774,7501.88,2023-01-06,true
TX-00775,CU-0775,32672.53,2023-02-15,true
TX-00776,CU-0776,18003.76,2024-04-28,false
TX-00777,CU-0777,20561.71,2023-04-18,true
TX-00778,CU-0778,16129.08,2023-01-30,true
TX-00779,CU-0779,37891.07,2023-04-24,true
TX-00780,CU-0780,45630.35,2024-07-20,false
TX-00781,CU-0781,22833.11,2023-04-16,true
TX-00782,CU-0782,21679.1,2024-05-14,false
TX-00783,CU-0783,27666.15,2023-08-27,true
TX-00784,CU-0784,29597.58,2023-06-04,true
TX-00785,CU-0785,18183.55,2024-05-11,true
TX-00786,CU-0786,39259.43,2023-02-25,true
TX-00787,CU-0787,29654.5,2023-10-02,true
TX-00788,CU-0788,36728.37,2024-06-30,true
TX-00789,CU-0789,38712.67,2023-12-17,true
TX-00790,CU-0790,4810.87,2023-01-15,true
TX-00791,CU-0791,41191.89,2023-02-09,true
TX-00792,CU-0792,2372.8,2024-10-31,false
TX-00793,CU-0793,46354.63,2024-09-25,true
TX-00794,CU-0794,21911.2,2024-01-23,true
TX-00795,CU-0795,20299.41,2023-12-22,true
TX-00796,CU-0796,42795.48,2023-02-25,false
TX-00797,CU-0797,24413.95,2023-05-28,true
TX-00798,CU-0798,17985.75,2024-07-16,true
TX-00799,CU-0799,30630.47,2024-07-26,true
TX-00800,CU-0800,45569.05,2024-07-02,false
TX-00801,CU-0801,31989.7,2024-03-23,false
TX-00802,CU-0802,42583.99,2024-07-31,true
TX-00803,CU-0803,3108.26,2024-12-19,false
TX-00804,CU-0804,34818.68,2024-10-05,true
TX-00805,CU-0805,12256.36,2024-01-17,true
TX-00806,CU-0806,48876.59,2024-10-12,true
TX-00807,CU-0807,13147.6,2023-01-16,true
TX-00808,CU-0808,21278.39,2024-01-13,true
TX-00809,CU-0809,46057.4,2023-02-21,true
TX-00810,CU-0810,45778.69,2023-12-03,false
TX-00811,CU-0811,27101.54,2023-07-04,false
TX-00812,CU-0812,25073.66,2023-01-03,true
TX-00813,CU-0813,18528.86,2023-05-24,true
TX-00814,CU-0814,5862.15,2023-12-04,true
TX-00815,CU-0815,25512.14,2024-11-19,true
TX-00816,CU-0816,10421.12,2024-09-29,true
TX-00817,CU-0817,25648.97,2024-01-03,false
TX-00818,CU-0818,46816.71,2023-01-04,true
TX-00819,CU-0819,16567.72,2024-08-17,false
TX-00820,CU-0820,20364.22,2024-10-01,true
TX-00821,CU-0821,22409.19,2024-06-07,true
TX-00822,CU-0822,33722.52,2023-07-02,true
TX-00823,CU-0823,20644.68,2024-02-26,true
TX-00824,CU-0824,10187.25,2023-07-30,true
TX-00825,CU-0825,15653.76,2023-03-13,true
TX-00826,CU-0826,21539.66,2023-08-01,true
TX-00827,CU-0827,32892.79,2023-11-19,true
TX-00828,CU-0828,47616.76,2024-07-19,false
TX-00829,CU-0829,15987.53,2023-04-22,true
TX-00830,CU-0830,22392.84,2024-07-17,true
TX-00831,CU-0831,37985.14,2023-05-12,false
TX-00832,CU-0832,40648.7,2024-12-09,true
TX-00833,CU-0833,213.33,2023-05-29,true
TX-00834,CU-0834,817.57,2023-01-06,true
TX-00835,CU-0835,46444.57,2024-03-15,true
TX-00836,CU-0836,7650.07,2023-02-13,true
TX-00837,CU-0837,20929.06,2024-03-12,true
TX-00838,CU-0838,9684.67,2023-03-01,true
TX-00839,CU-0839,9503.46,2023-02-14,false
TX-00840,CU-0840,8494.59,2024-04-20,true
TX-00841,CU-0841,46110.38,2023-05-22,true
TX-00842,CU-0842,20194.21,2024-06-24,true
TX-00843,CU-0843,27226.7,2024-08-10,true
TX-00844,CU-0844,34049.82,2024-06-20,true
TX-00845,CU-0845,36348.34,2023-06-17,true
TX-00846,CU-0846,25183.99,2023-01-24,true
TX-00847,CU-0847,7847.57,2023-10-20,true
TX-00848,CU-0848,22148.86,2023-08-11,true
TX-00849,CU-0849,27942.65,2023-01-05,true
TX-00850,CU-0850,45417.35,2024-04-11,false
TX-00851,CU-0851,12341.71,2023-09-19,false
TX-00852,CU-0852,31723.73,2024-02-01,true
TX-00853,CU-0853,1487.33,2024-12-21,true
TX-00854,CU-0854,30295.97,2024-08-14,true
TX-00855,CU-0855,24940.01,2024-07-23,true
TX-00856,CU-0856,38799.31,2024-12-23,true
TX-00857,CU-0857,36750.29,2024-06-22,true
TX-00858,CU-0858,39328.11,2023-11-24,true
TX-00859,CU-0859,35723.12,2023-10-18,true
TX-00860,CU-0860,49109.42,2023-10-04,false
TX-00861,CU-0861,9827.7,2023-04-24,true
TX-00862,CU-0862,40361.94,2023-12-27,true
TX-00863,CU-0863,1610.98,2023-11-13,true
TX-00864,CU-0864,44845.0,2023-04-28,true
TX-00865,CU-0865,5851.04,2024-09-21,true
TX-00866,CU-0866,31560.05,2023-11-20,true
TX-00867,CU-0867,39414.54,2024-02-16,true
TX-00868,CU-0868,49698.85,2023-06-15,true
TX-00869,CU-0869,21678.4,2023-01-25,true
TX-00870,CU-0870,21920.27,2023-08-27,true
TX-00871,CU-0871,6756.58,2023-07-27,true
TX-00872,CU-0872,17913.99,2023-09-16,true
TX-00873,CU-0873,20619.87,2024-03-17,true
TX-00874,CU-0874,24866.91,2024-10-18,true
TX-00875,CU-0875,32594.64,2023-03-23,false
TX-00876,CU-0876,11598.41,2024-01-10,true
TX-00877,CU-0877,41097.91,2024-02-27,true
TX-00878,CU-0878,39970.84,2023-03-19,true
TX-00879,CU-0879,2357.37,2023-04-19,true
TX-00880,CU-0880,15452.19,2023-11-15,false
TX-00881,CU-0881,44255.42,2023-10-03,true
TX-00882,CU-0882,14912.81,2024-10-28,true
TX-00883,CU-0883,41069.01,2023-05-14,false
TX-00884,CU-0884,46533.2,2023-07-22,true
TX-00885,CU-0885,18682.08,2024-02-14,true
TX-00886,CU-0886,31363.64,2024-11-26,true
TX-00887,CU-0887,10677.82,2023-09-16,false
TX-00888,CU-0888,13494.03,2023-06-01,true
TX-00889,CU-0889,15512.47,2024-08-12,false
TX-00890,CU-0890,34293.89,2023-12-31,true
TX-00891,CU-0891,44439.34,2024-11-19,false
TX-00892,CU-0892,7856.55,2024-01-18,true
TX-00893,CU-0893,36061.68,2023-12-18,true
TX-00894,CU-0894,46600.35,2023-07-11,true
TX-00895,CU-0895,48113.41,2024-06-26,true
TX-00896,CU-0896,19974.32,2023-10-08,false
TX-00897,CU-0897,48310.26,2023-05-18,false
TX-00898,CU-0898,32171.95,2023-10-22,true
TX-00899,CU-0899,33958.47,2024-06-21,true
TX-00900,CU-0900,2699.09,2024-04-28,true
TX-00901,CU-0901,13704.65,2024-09-27,true
TX-00902,CU-0902,28150.39,2023-01-11,true
TX-00903,CU-0903,22120.2,2023-10-26,true
TX-00904,CU-0904,28500.23,2023-03-09,true
TX-00905,CU-0905,6341.1,2023-12-31,true
TX-00906,CU-0906,14216.45,2024-08-29,true
TX-00907,CU-0907,28653.08,2023-04-01,true
TX-00908,CU-0908,33930.55,2023-12-26,true
TX-00909,CU-0909,14348.2,2023-09-29,false
TX-00910,CU-0910,20726.05,2024-10-29,true
TX-00911,CU-0911,14630.05,2023-11-27,true
TX-00912,CU-0912,30972.68,2024-04-28,true
TX-00913,CU-0913,31862.38,2023-03-15,true
TX-00914,CU-0914,25548.17,2023-11-24,true
TX-00915,CU-0915,10878.3,2024-04-20,false
TX-00916,CU-0916,42788.14,2024-03-30,true
TX-00917,CU-0917,20115.01,2023-05-14,false
TX-00918,CU-0918,46584.43,2024-12-31,true
TX-00919,CU-0919,7654.6,2024-05-22,true
TX-00920,CU-0920,24068.36,2024-09-28,true
TX-00921,CU-0921,24736.65,2023-12-03,true
TX-00922,CU-0922,41791.78,2023-07-19,true
TX-00923,CU-0923,13862.76,2023-04-21,false
TX-00924,CU-0924,45724.88,2024-04-08,true
TX-00925,CU-0925,40430.58,2024-09-11,true
TX-00926,CU-0926,15790.82,2024-08-14,false
TX-00927,CU-0927,41560.41,2024-05-20,false
TX-00928,CU-0928,48059.63,2023-03-14,true
TX-00929,CU-0929,39651.01,2023-08-07,true
TX-00930,CU-0930,30816.88,2024-03-09,true
TX-00931,CU-0931,5636.85,2023-01-21,true
TX-00932,CU-0932,15391.53,2024-09-17,true
TX-00933,CU-0933,45763.16,2024-04-20,false
TX-00934,CU-0934,11372.97,2024-10-29,true
TX-00935,CU-0935,149.79,2023-08-09,true
TX-00936,CU-0936,36511.93,2024-04-23,false
TX-00937,CU-0937,33779.4,2024-01-30,true
TX-00938,CU-0938,30554.97,2023-11-21,true
TX-00939,CU-0939,33420.0,2023-07-31,true
TX-00940,CU-0940,16265.33,2024-09-09,false
TX-00941,CU-0941,32710.43,2023-10-02,true
TX-00942,CU-0942,32991.38,2023-11-20,true
TX-00943,CU-0943,31653.42,2024-11-16,false
TX-00944,CU-0944,41435.65,2024-05-19,true
TX-00945,CU-0945,33291.53,2024-02-28,false
TX-00946,CU-0946,33698.58,2024-07-08,true
TX-00947,CU-0947,46885.57,2023-04-02,true
TX-00948,CU-0948,17762.86,2023-04-18,true
TX-00949,CU-0949,20415.02,2024-02-17,true
TX-00950,CU-0950,16651.38,2023-10-04,false
TX-00951,CU-0951,19616.65,2024-01-16,false
TX-00952,CU-0952,20968.47,2024-10-19,true
TX-00953,CU-0953,36258.62,2024-08-25,true
TX-00954,CU-0954,16884.74,2024-03-19,false
TX-00955,CU-0955,12190.7,2024-09-18,true
TX-00956,CU-0956,15537.83,2024-05-11,false
TX-00957,CU-0957,11022.86,2024-04-18,false
TX-00958,CU-0958,27163.18,2023-01-01,true
TX-00959,CU-0959,28943.28,2023-03-05,true
TX-00960,CU-0960,5586.54,2023-02-21,true
TX-00961,CU-0961,21678.92,2024-04-15,true
TX-00962,CU-0962,23011.46,2024-08-10,true
TX-00963,CU-0963,10144.56,2024-08-31,true
TX-00964,CU-0964,46505.0,2024-02-01,true
TX-00965,CU-0965,41371.59,2023-06-02,true
TX-00966,CU-0966,37550.45,2024-07-08,true
TX-00967,CU-0967,25426.95,2024-05-31,true
TX-00968,CU-0968,49310.62,2024-02-06,true
TX-00969,CU-0969,46030.63,2023-07-11,false
TX-00970,CU-0970,35654.35,2023-03-08,true
TX-00971,CU-0971,49399.62,2023-01-17,true
TX-00972,CU-0972,22621.86,2023-06-05,false
TX-00973,CU-0973,22309.43,2024-06-18,true
TX-00974,CU-0974,9133.72,2023-10-28,true
TX-00975,CU-0975,41494.54,2023-05-02,true
TX-00976,CU-0976,28399.26,2024-11-17,true
TX-00977,CU-0977,20421.58,2023-08-30,true
TX-00978,CU-0978,44100.51,2024-09-17,true
TX-00979,CU-0979,12073.03,2024-08-17,true
TX-00980,CU-0980,2417.47,2024-03-18,true
TX-00981,CU-0981,34120.87,2024-07-13,true
TX-00982,CU-0982,12755.41,2023-06-09,true
TX-00983,CU-0983,48870.15,2023-06-14,false
TX-00984,CU-0984,25031.64,2024-03-12,true
TX-00985,CU-0985,44628.03,2023-10-26,true
TX-00986,CU-0986,19443.07,2023-04-16,true
TX-00987,CU-0987,8167.98,2023-01-03,true
TX-00988,CU-0988,37021.56,2023-12-19,true
TX-00989,CU-0989,31157.58,2024-05-06,false
TX-00990,CU-0990,24213.29,2023-10-19,false
TX-00991,CU-0991,18281.36,2024-06-16,true
TX-00992,CU-0992,30446.98,2023-07-02,true
TX-00993,CU-0993,13205.78,2023-04-13,true
TX-00994,CU-0994,46610.86,2023-07-05,false
TX-00995,CU-0995,511.02,2024-02-18,true
TX-00996,CU-0996,22158.9,2024-05-12,false
TX-00997,CU-0997,15304.14,2024-11-26,true
TX-00998,CU-0998,37179.42,2024-01-15,true
TX-00999,CU-0999,12059.68,2024-10-10,true
TX-01000,CU-1000,20275.94,2023-10-11,true
TX-01001,CU-1001,31131.99,2024-01-07,false
TX-01002,CU-1002,18087.18,2024-05-31,true
TX-01003,CU-1003,15987.63,2023-06-20,true
TX-01004,CU-1004,13945.21,2023-09-15,true
TX-01005,CU-1005,39886.06,2024-05-09,true
TX-01006,CU-1006,27589.88,2024-05-17,true
TX-01007,CU-1007,35475.79,2024-12-08,true
TX-01008,CU-1008,39098.46,2023-06-24,true
TX-01009,CU-1009,25974.4,2023-07-11,true
TX-01010,CU-1010,9471.84,2024-04-07,true
TX-01011,CU-1011,31993.33,2024-06-02,false
TX-01012,CU-1012,18365.84,2024-07-05,true
TX-01013,CU-1013,33223.0,2024-02-23,true
TX-01014,CU-1014,18510.92,2023-05-19,false
TX-01015,CU-1015,38351.21,2023-10-20,true
TX-01016,CU-1016,42560.69,2024-07-11,true
TX-01017,CU-1017,11826.12,2024-03-26,true
TX-01018,CU-1018,1560.92,2024-12-07,true
TX-01019,CU-1019,46752.17,2024-07-17,true
TX-01020,CU-1020,39143.23,2023-08-17,false
TX-01021,CU-1021,34399.76,2024-01-08,true
TX-01022,CU-1022,40323.73,2023-12-07,false
TX-01023,CU-1023,7668.06,2024-07-08,false
TX-01024,CU-1024,33833.59,2023-05-15,false
TX-01025,CU-1025,22383.93,2024-07-26,true
TX-01026,CU-1026,29635.14,2024-10-29,true
TX-01027,CU-1027,47558.86,2024-11-04,true
TX-01028,CU-1028,7053.07,2024-01-26,true
TX-01029,CU-1029,15313.38,2023-07-09,true
TX-01030,CU-1030,12280.87,2024-10-28,true
TX-01031,CU-1031,32570.55,2024-10-28,true
TX-01032,CU-1032,29067.71,2024-09-20,true
TX-01033,CU-1033,26439.61,2024-09-21,true
TX-01034,CU-1034,37987.19,2024-06-15,true
TX-01035,CU-1035,23024.89,2023-10-17,true
TX-01036,CU-1036,20018.7,2023-09-08,false
TX-01037,CU-1037,16691.36,2024-07-25,true
TX-01038,CU-1038,40112.89,2024-05-14,true
TX-01039,CU-1039,42945.57,2024-12-28,false
TX-01040,CU-1040,39069.11,2023-08-18,false
TX-01041,CU-1041,46112.53,2023-02-26,true
TX-01042,CU-1042,12042.13,2024-08-28,true
TX-01043,CU-1043,25635.56,2023-09-25,false
TX-01044,CU-1044,40538.65,2024-04-28,true
TX-01045,CU-1045,6160.9,2024-01-31,true
TX-01046,CU-1046,2872.52,2024-12-03,true
TX-01047,CU-1047,22394.03,2023-01-18,true
TX-01048,CU-1048,26298.88,2024-07-18,false
TX-01049,CU-1049,1218.55,2023-08-12,true
TX-01050,CU-1050,43275.98,2023-06-21,true
TX-01051,CU-1051,494.1,2023-12-19,true
TX-01052,CU-1052,30102.3,2023-07-05,true
TX-01053,CU-1053,9756.47,2024-10-29,true
TX-01054,CU-1054,1504.66,2024-08-02,true
TX-01055,CU-1055,15593.69,2023-03-18,false
TX-01056,CU-1056,43266.65,2023-08-30,true
TX-01057,CU-1057,44725.22,2023-06-10,false
TX-01058,CU-1058,369.96,2023-07-29,true
TX-01059,CU-1059,1370.85,2024-02-16,true
TX-01060,CU-1060,15622.34,2024-08-13,true
TX-01061,CU-1061,33280.46,2023-12-13,true
TX-01062,CU-1062,19796.34,2023-07-27,true
TX-01063,CU-1063,48773.45,2024-05-04,false
TX-01064,CU-1064,16878.32,2023-08-31,true
TX-01065,CU-1065,49015.25,2024-01-06,false
TX-01066,CU-1066,16011.03,2024-05-31,true
TX-01067,CU-1067,5107.56,2023-05-26,true
TX-01068,CU-1068,15510.9,2024-06-15,true
TX-01069,CU-1069,48254.76,2023-01-19,true
TX-01070,CU-1070,25548.45,2024-11-22,false
TX-01071,CU-1071,8075.22,2023-04-11,true
TX-01072,CU-1072,119.51,2024-01-20,true
TX-01073,CU-1073,358.22,2023-01-17,true
TX-01074,CU-1074,22827.31,2023-12-18,false
TX-01075,CU-1075,23663.29,2023-12-29,false
TX-01076,CU-1076,7982.9,2023-05-29,true
TX-01077,CU-1077,36671.09,2024-11-21,true
TX-01078,CU-1078,24956.86,2023-06-18,true
TX-01079,CU-1079,4025.84,2023-01-31,true
TX-01080,CU-1080,14222.42,2024-01-21,false
TX-01081,CU-1081,48191.54,2024-04-25,true
TX-01082,CU-1082,10901.96,2023-10-31,false
TX-01083,CU-1083,2496.53,2024-10-05,true
TX-01084,CU-1084,15257.46,2023-07-20,false
TX-01085,CU-1085,40574.41,2024-12-05,false
TX-01086,CU-1086,47697.21,2024-09-16,true
TX-01087,CU-1087,2843.76,2024-06-18,false
TX-01088,CU-1088,7551.92,2023-07-22,true
TX-01089,CU-1089,39219.77,2023-01-14,true
TX-01090,CU-1090,33040.49,2023-03-24,true
TX-01091,CU-1091,27304.02,2024-08-12,true
TX-01092,CU-1092,1588.7,2024-02-02,true
TX-01093,CU-1093,13415.42,2023-06-18,true
TX-01094,CU-1094,37759.58,2024-09-17,true
TX-01095,CU-1095,38044.41,2024-07-10,true
TX-01096,CU-1096,47611.64,2023-05-20,true
TX-01097,CU-1097,20445.57,2024-05-06,true
TX-01098,CU-1098,8486.96,2023-02-18,true
TX-01099,CU-1099,43347.89,2023-11-10,true
TX-01100,CU-1100,23430.67,2023-01-16,true
TX-01101,CU-1101,5999.1,2023-05-28,false
TX-01102,CU-1102,11928.48,2024-11-23,false
TX-01103,CU-1103,12313.28,2024-11-19,true
TX-01104,CU-1104,5899.86,2023-05-06,false
TX-01105,CU-1105,38949.82,2023-07-10,false
TX-01106,CU-1106,9746.14,2024-03-19,false
TX-01107,CU-1107,40594.65,2023-08-21,true
TX-01108,CU-1108,21543.99,2024-05-01,true
TX-01109,CU-1109,43254.64,2023-05-06,true
TX-01110,CU-1110,28936.19,2023-02-05,true
TX-01111,CU-1111,46810.98,2023-10-12,true
TX-01112,CU-1112,12369.21,2024-04-10,true
TX-01113,CU-1113,5831.15,2024-12-09,true
TX-01114,CU-1114,24772.0,2024-09-14,true
TX-01115,CU-1115,9011.02,2024-02-23,true
TX-01116,CU-1116,24456.48,2023-02-13,true
TX-01117,CU-1117,20459.44,2023-11-25,true
TX-01118,CU-1118,34264.54,2023-11-12,false
TX-01119,CU-1119,47466.75,2024-06-03,true
TX-01120,CU-1120,46631.04,2024-10-04,true
TX-01121,CU-1121,34038.6,2023-07-10,true
TX-01122,CU-1122,36447.03,2023-08-09,true
TX-01123,CU-1123,26281.33,2023-09-27,true
TX-01124,CU-1124,5974.79,2024-03-23,true
TX-01125,CU-1125,37024.92,2023-10-21,true
TX-01126,CU-1126,23068.55,2024-05-08,true
TX-01127,CU-1127,14035.72,2023-11-28,true
TX-01128,CU-1128,3219.91,2023-04-11,false
TX-01129,CU-1129,20232.2,2023-08-25,true
TX-01130,CU-1130,13434.03,2024-07-15,true
TX-01131,CU-1131,25360.05,2023-04-17,true
TX-01132,CU-1132,44502.97,2023-09-28,true
TX-01133,CU-1133,6501.67,2023-10-19,true
TX-01134,CU-1134,3289.44,2023-07-30,true
TX-01135,CU-1135,10884.33,2024-03-20,true
TX-01136,CU-1136,4693.5,2023-03-29,true
TX-01137,CU-1137,10079.12,2023-01-08,false
TX-01138,CU-1138,26237.62,2023-08-24,true
TX-01139,CU-1139,24509.26,2023-09-19,true
TX-01140,CU-1140,40496.41,2023-07-28,true
TX-01141,CU-1141,24374.24,2024-12-13,true
TX-01142,CU-1142,44904.67,2024-11-05,true
TX-01143,CU-1143,1718.57,2023-06-29,true
TX-01144,CU-1144,32586.66,2023-09-08,true
TX-01145,CU-1145,22759.28,2023-01-14,false
TX-01146,CU-1146,8001.61,2024-12-08,true
TX-01147,CU-1147,34744.77,2023-09-12,true
TX-01148,CU-1148,26558.98,2024-11-16,true
TX-01149,CU-1149,27006.94,2024-10-11,true
TX-01150,CU-1150,39359.49,2024-10-23,false
TX-01151,CU-1151,12503.88,2023-11-21,true
TX-01152,CU-1152,47321.64,2023-06-28,true
TX-01153,CU-1153,4965.66,2024-11-26,true
TX-01154,CU-1154,49670.01,2024-12-12,false
TX-01155,CU-1155,19291.94,2023-02-08,true
TX-01156,CU-1156,28072.37,2023-01-01,true
TX-01157,CU-1157,49360.98,2023-07-26,true
TX-01158,CU-1158,25194.51,2024-02-17,true
TX-01159,CU-1159,35134.75,2024-05-06,true
TX-01160,CU-1160,1276.44,2024-03-01,false
TX-01161,CU-1161,3322.71,2023-09-03,true
TX-01162,CU-1162,17993.09,2024-04-30,false
TX-01163,CU-1163,10973.02,2024-03-01,true
TX-01164,CU-1164,41716.75,2024-01-16,true
TX-01165,CU-1165,17683.74,2023-12-17,false
TX-01166,CU-1166,28147.3,2024-12-05,true
TX-01167,CU-1167,26790.8,2024-11-28,true
TX-01168,CU-1168,14588.94,2024-07-08,false
TX-01169,CU-1169,1886.2,2023-05-14,true
TX-01170,CU-1170,24831.63,2023-03-05,true
TX-01171,CU-1171,16650.0,2024-08-24,false
TX-01172,CU-1172,178.35,2023-08-28,false
TX-01173,CU-1173,14594.71,2023-08-17,true
TX-01174,CU-1174,10701.4,2023-09-19,false
TX-01175,CU-1175,25630.25,2024-01-20,true
TX-01176,CU-1176,30739.79,2024-08-30,true
TX-01177,CU-1177,31236.03,2023-07-31,false
TX-01178,CU-1178,8331.73,2024-04-27,true
TX-01179,CU-1179,3307.3,2024-02-18,true
TX-01180,CU-1180,26076.15,2023-08-06,true
TX-01181,CU-1181,45330.31,2024-05-22,true
TX-01182,CU-1182,43573.71,2023-12-12,false
TX-01183,CU-1183,2549.16,2024-02-19,true
TX-01184,CU-1184,20406.93,2024-11-21,true
TX-01185,CU-1185,18929.53,2023-01-22,true
TX-01186,CU-1186,30045.3,2024-12-20,true
TX-01187,CU-1187,37959.77,2024-02-01,true
TX-01188,CU-1188,13150.23,2023-01-18,true
TX-01189,CU-1189,1079.66,2023-07-19,true
TX-01190,CU-1190,35224.44,2024-03-21,true
TX-01191,CU-1191,39071.89,2024-12-02,true
TX-01192,CU-1192,1819.5,2023-04-21,false
TX-01193,CU-1193,26326.87,2023-09-24,true
TX-01194,CU-1194,45392.14,2023-09-04,false
TX-01195,CU-1195,32751.18,2024-09-13,true
TX-01196,CU-1196,10780.28,2023-03-13,true
TX-01197,CU-1197,16183.87,2024-03-26,false
TX-01198,CU-1198,9285.09,2024-02-15,true
TX-01199,CU-1199,19085.69,2023-08-03,true
TX-01200,CU-1200,22108.6,2023-03-17,true
TX-01201,CU-1201,4961.19,2024-02-13,true
TX-01202,CU-1202,18069.94,2024-08-16,false
TX-01203,CU-1203,43515.12,2024-01-28,true
TX-01204,CU-1204,15687.25,2024-04-07,true
TX-01205,CU-1205,15293.88,2023-09-28,false
TX-01206,CU-1206,13898.74,2023-11-02,true
TX-01207,CU-1207,20190.08,2023-10-13,true
TX-01208,CU-1208,13484.11,2024-07-13,true
TX-01209,CU-1209,30130.16,2023-01-09,true
TX-01210,CU-1210,45646.47,2023-11-01,true
TX-01211,CU-1211,36244.43,2024-09-30,true
TX-01212,CU-1212,23328.58,2023-07-10,true
TX-01213,CU-1213,17186.05,2023-06-04,true
TX-01214,CU-1214,12634.72,2024-10-26,true
TX-01215,CU-1215,15887.11,2023-04-03,true
TX-01216,CU-1216,39894.37,2023-09-02,true
TX-01217,CU-1217,15714.16,2024-06-19,false
TX-01218,CU-1218,32612.19,2024-01-17,true
TX-01219,CU-1219,1479.85,2023-07-15,true
TX-01220,CU-1220,8675.4,2023-11-27,true
TX-01221,CU-1221,38580.61,2024-11-23,false
TX-01222,CU-1222,3361.76,2024-02-17,true
TX-01223,CU-1223,3509.39,2023-08-27,true
TX-01224,CU-1224,12097.09,2023-07-22,true
TX-01225,CU-1225,21074.74,2023-01-28,true
TX-01226,CU-1226,24330.69,2023-02-01,true
TX-01227,CU-1227,40858.12,2024-07-30,true
TX-01228,CU-1228,23259.22,2023-06-24,true
TX-01229,CU-1229,8839.9,2024-06-27,true
TX-01230,CU-1230,467.5,2023-01-25,false
TX-01231,CU-1231,12312.3,2024-01-30,true
TX-01232,CU-1232,21321.55,2024-03-04,true
TX-01233,CU-1233,43828.96,2023-07-12,false
TX-01234,CU-1234,47480.26,2023-05-06,true
TX-01235,CU-1235,40078.17,2024-04-18,true
TX-01236,CU-1236,40541.58,2024-05-06,false
TX-01237,CU-1237,11317.75,2023-12-03,true
TX-01238,CU-1238,4693.02,2023-10-02,true
TX-01239,CU-1239,20714.31,2024-11-15,true
TX-01240,CU-1240,36570.57,2023-10-16,false
TX-01241,CU-1241,31819.42,2024-05-13,true
TX-01242,CU-1242,10605.4,2024-10-11,true
TX-01243,CU-1243,21480.12,2023-03-07,true
TX-01244,CU-1244,36873.99,2024-02-26,true
TX-01245,CU-1245,2599.47,2024-09-08,true
TX-01246,CU-1246,5735.04,2023-11-04,true
TX-01247,CU-1247,13114.83,2023-07-04,false
TX-01248,CU-1248,43176.31,2024-10-24,true
TX-01249,CU-1249,14193.44,2024-12-29,true
TX-01250,CU-1250,38237.25,2023-02-14,false
TX-01251,CU-1251,15871.42,2024-01-19,true
TX-01252,CU-1252,13029.22,2023-12-21,false
TX-01253,CU-1253,17572.55,2023-05-15,false
TX-01254,CU-1254,4794.61,2023-12-24,true
TX-01255,CU-1255,16416.52,2023-01-02,true
TX-01256,CU-1256,11402.74,2024-09-02,true
TX-01257,CU-1257,831.0,2023-11-25,false
TX-01258,CU-1258,37711.94,2023-04-21,true
TX-01259,CU-1259,12154.39,2023-12-17,false
TX-01260,CU-1260,37952.71,2024-10-11,true
TX-01261,CU-1261,43997.78,2023-05-26,false
TX-01262,CU-1262,17316.13,2024-01-27,true
TX-01263,CU-1263,19234.23,2023-12-20,true
TX-01264,CU-1264,29718.98,2024-09-08,true
TX-01265,CU-1265,34105.11,2023-03-23,true
TX-01266,CU-1266,22000.15,2023-07-11,true
TX-01267,CU-1267,42325.63,2023-12-15,false
TX-01268,CU-1268,9936.86,2024-11-29,true
TX-01269,CU-1269,31561.82,2024-08-25,true
TX-01270,CU-1270,37686.7,2023-12-16,true
TX-01271,CU-1271,23393.22,2023-08-03,true
TX-01272,CU-1272,25383.64,2024-01-01,true
TX-01273,CU-1273,43535.53,2024-11-11,true
TX-01274,CU-1274,12611.64,2024-08-22,true
TX-01275,CU-1275,1053.28,2024-02-13,false
TX-01276,CU-1276,30697.74,2023-02-12,true
TX-01277,CU-1277,34106.53,2023-08-30,false
TX-01278,CU-1278,31210.89,2024-11-19,true
TX-01279,CU-1279,24419.98,2023-07-04,true
TX-01280,CU-1280,12641.21,2023-05-09,true
TX-01281,CU-1281,33117.74,2023-10-09,false
TX-01282,CU-1282,17334.92,2024-03-29,true
TX-01283,CU-1283,12405.77,2024-12-02,true
TX-01284,CU-1284,36828.16,2023-03-23,true
TX-01285,CU-1285,7925.32,2024-08-05,true
TX-01286,CU-1286,3482.58,2024-01-28,false
TX-01287,CU-1287,18895.66,2023-10-31,true
TX-01288,CU-1288,10620.87,2023-11-04,true
TX-01289,CU-1289,1916.46,2023-02-19,false
TX-01290,CU-1290,45395.28,2024-06-25,true
TX-01291,CU-1291,27173.76,2023-02-10,true
TX-01292,CU-1292,33038.54,2024-04-27,false
TX-01293,CU-1293,4760.59,2023-03-04,true
TX-01294,CU-1294,16558.8,2024-10-06,true
TX-01295,CU-1295,40279.75,2023-08-19,true
TX-01296,CU-1296,29457.63,2023-10-14,false
TX-01297,CU-1297,38049.96,2024-09-25,false
TX-01298,CU-1298,14124.9,2024-02-16,true
TX-01299,CU-1299,14457.73,2023-08-08,false
TX-01300,CU-1300,8713.12,2024-04-19,true
TX-01301,CU-1301,17482.2,2023-09-26,true
TX-01302,CU-1302,40249.12,2024-12-29,false
TX-01303,CU-1303,4042.61,2024-04-27,true
TX-01304,CU-1304,9631.03,2023-12-24,false
TX-01305,CU-1305,47833.28,2024-12-02,true
TX-01306,CU-1306,45902.05,2024-07-20,true
TX-01307,CU-1307,21467.62,2024-12-12,true
TX-01308,CU-1308,15136.23,2024-12-19,false
TX-01309,CU-1309,41448.3,2024-04-20,true
TX-01310,CU-1310,5359.81,2024-02-19,true
TX-01311,CU-1311,43605.12,2024-03-01,true
TX-01312,CU-1312,16697.95,2024-03-04,false
TX-01313,CU-1313,38243.83,2024-02-09,true
TX-01314,CU-1314,49605.01,2023-11-11,true
TX-01315,CU-1315,41997.08,2024-03-13,false
TX-01316,CU-1316,48850.5,2023-12-18,true
TX-01317,CU-1317,29151.25,2024-08-06,true
TX-01318,CU-1318,41483.08,2024-01-18,true
TX-01319,CU-1319,32544.16,2024-11-03,true
TX-01320,CU-1320,17653.37,2024-10-23,true
TX-01321,CU-1321,32210.24,2023-04-10,false
TX-01322,CU-1322,11187.6,2024-10-28,true
TX-01323,CU-1323,3774.34,2023-04-04,true
TX-01324,CU-1324,34239.4,2023-08-24,false
TX-01325,CU-1325,6293.99,2024-11-30,false
TX-01326,CU-1326,38199.52,2023-03-31,true
TX-01327,CU-1327,48519.32,2024-08-12,true
TX-01328,CU-1328,13160.3,2023-07-24,false
TX-01329,CU-1329,21761.58,2023-03-04,true
TX-01330,CU-1330,45957.74,2023-09-12,true
TX-01331,CU-1331,35194.56,2024-04-19,true
TX-01332,CU-1332,14518.62,2023-01-22,false
TX-01333,CU-1333,32017.62,2023-05-24,true
TX-01334,CU-1334,1218.81,2024-10-15,true
TX-01335,CU-1335,35480.75,2023-02-11,true
TX-01336,CU-1336,7001.39,2024-05-03,true
TX-01337,CU-1337,26065.28,2023-05-14,true
TX-01338,CU-1338,11154.82,2023-01-08,false
TX-01339,CU-1339,46002.21,2024-04-23,true
TX-01340,CU-1340,20052.76,2024-09-17,false
TX-01341,CU-1341,29639.99,2023-03-10,false
TX-01342,CU-1342,34386.83,2023-05-28,true
TX-01343,CU-1343,35587.51,2023-12-01,true
TX-01344,CU-1344,34150.68,2024-12-27,true
TX-01345,CU-1345,26738.73,2024-06-14,true
TX-01346,CU-1346,8948.23,2024-03-22,true
TX-01347,CU-1347,30336.32,2024-07-07,false
TX-01348,CU-1348,14354.01,2024-07-08,false
TX-01349,CU-1349,40348.22,2023-11-13,false
TX-01350,CU-1350,20375.12,2023-09-26,true
TX-01351,CU-1351,4999.85,2024-11-20,true
TX-01352,CU-1352,8479.29,2024-08-13,true
TX-01353,CU-1353,12527.54,2024-07-27,false
TX-01354,CU-1354,23746.55,2023-05-19,true
TX-01355,CU-1355,32362.26,2023-12-13,true
TX-01356,CU-1356,34060.62,2023-10-16,true
TX-01357,CU-1357,45608.14,2023-01-03,false
TX-01358,CU-1358,36683.89,2023-06-20,false
TX-01359,CU-1359,30255.04,2024-02-03,false
TX-01360,CU-1360,23234.53,2023-09-15,true
TX-01361,CU-1361,48308.95,2024-06-21,true
TX-01362,CU-1362,20994.88,2024-02-28,true
TX-01363,CU-1363,27192.06,2024-11-16,true
TX-01364,CU-1364,356.27,2023-09-11,false
TX-01365,CU-1365,7697.28,2024-02-11,false
TX-01366,CU-1366,45418.44,2023-07-15,true
TX-01367,CU-1367,44982.68,2024-03-10,true
TX-01368,CU-1368,29519.97,2024-01-23,false
TX-01369,CU-1369,3464.03,2024-12-14,true
TX-01370,CU-1370,140.39,2024-11-26,false
TX-01371,CU-1371,8341.5,2024-12-12,true
TX-01372,CU-1372,16613.31,2023-09-01,true
TX-01373,CU-1373,27976.69,2024-10-14,true
TX-01374,CU-1374,16197.0,2024-09-15,true
TX-01375,CU-1375,17979.23,2024-06-21,true
TX-01376,CU-1376,32476.45,2023-09-26,false
TX-01377,CU-1377,44375.41,2023-03-25,true
TX-01378,CU-1378,18290.27,2023-01-19,true
TX-01379,CU-1379,35981.55,2024-09-07,true
TX-01380,CU-1380,3233.57,2024-04-24,false
TX-01381,CU-1381,29793.97,2024-06-04,true
TX-01382,CU-1382,4053.05,2023-03-14,true
TX-01383,CU-1383,8095.23,2023-10-14,false
TX-01384,CU-1384,29349.37,2023-02-13,true
TX-01385,CU-1385,27635.83,2024-06-13,false
TX-01386,CU-1386,32842.74,2023-01-22,true
TX-01387,CU-1387,22846.99,2023-01-22,true
TX-01388,CU-1388,33222.62,2023-11-26,true
TX-01389,CU-1389,16515.49,2024-12-15,true
TX-01390,CU-1390,21223.13,2024-09-06,true
TX-01391,CU-1391,6394.41,2023-08-05,true
TX-01392,CU-1392,31037.69,2024-11-30,true
TX-01393,CU-1393,48654.93,2023-12-20,true
TX-01394,CU-1394,15420.18,2023-10-03,true
TX-01395,CU-1395,34457.91,2023-06-13,true
TX-01396,CU-1396,19323.08,2023-02-25,true
TX-01397,CU-1397,33471.46,2024-09-09,true
TX-01398,CU-1398,35808.68,2024-03-03,true
TX-01399,CU-1399,727.81,2023-09-28,true
TX-01400,CU-1400,9745.84,2023-11-20,true
TX-01401,CU-1401,12467.13,2024-03-19,true
TX-01402,CU-1402,17217.67,2024-04-05,false
TX-01403,CU-1403,20686.93,2023-11-28,true
TX-01404,CU-1404,13375.99,2024-05-27,true
TX-01405,CU-1405,23654.01,2023-08-18,true
TX-01406,CU-1406,20266.42,2023-09-29,true
TX-01407,CU-1407,25490.66,2023-05-20,true
TX-01408,CU-1408,14339.36,2023-05-02,true
TX-01409,CU-1409,37262.01,2023-08-06,true
TX-01410,CU-1410,32441.51,2023-03-09,true
TX-01411,CU-1411,26745.5,2024-03-27,true
TX-01412,CU-1412,28196.76,2023-06-17,true
TX-01413,CU-1413,44226.3,2024-10-25,false
TX-01414,CU-1414,42358.82,2024-04-18,true
TX-01415,CU-1415,34680.25,2024-03-28,true
TX-01416,CU-1416,2589.58,2023-09-28,true
TX-01417,CU-1417,30184.7,2024-03-25,false
TX-01418,CU-1418,38485.03,2024-04-26,true
TX-01419,CU-1419,19527.88,2024-06-13,true
TX-01420,CU-1420,19554.21,2023-04-03,true
TX-01421,CU-1421,15363.31,2023-11-20,true
TX-01422,CU-1422,39472.87,2024-02-29,true
TX-01423,CU-1423,36805.4,2024-10-17,true
TX-01424,CU-1424,49641.48,2023-01-21,true
TX-01425,CU-1425,49749.21,2024-06-28,true
TX-01426,CU-1426,26892.24,2024-03-28,false
TX-01427,CU-1427,8536.79,2024-06-12,true
TX-01428,CU-1428,43342.35,2023-04-22,true
TX-01429,CU-1429,8560.75,2023-08-30,true
TX-01430,CU-1430,8830.29,2024-01-14,true
TX-01431,CU-1431,17382.97,2024-05-26,false
TX-01432,CU-1432,23266.82,2023-08-01,false
TX-01433,CU-1433,10066.08,2024-05-22,true
TX-01434,CU-1434,31701.08,2023-02-04,true
TX-01435,CU-1435,39060.95,2024-05-11,true
TX-01436,CU-1436,33989.38,2023-01-03,true
TX-01437,CU-1437,36230.81,2024-02-12,false
TX-01438,CU-1438,33201.85,2024-05-22,true
TX-01439,CU-1439,36057.47,2023-04-01,true
TX-01440,CU-1440,6544.02,2023-07-22,false
TX-01441,CU-1441,37224.62,2024-11-05,true
TX-01442,CU-1442,44182.35,2023-05-26,true
TX-01443,CU-1443,43863.54,2023-09-20,true
TX-01444,CU-1444,2282.47,2024-02-20,false
TX-01445,CU-1445,223.35,2024-01-10,false
TX-01446,CU-1446,8264.87,2023-10-02,true
TX-01447,CU-1447,28124.82,2024-11-11,true
TX-01448,CU-1448,12000.67,2024-01-15,true
TX-01449,CU-1449,13039.15,2023-08-03,true
TX-01450,CU-1450,28031.7,2023-02-14,true
TX-01451,CU-1451,45372.91,2023-01-04,true
TX-01452,CU-1452,28904.47,2023-10-23,true
TX-01453,CU-1453,5138.47,2023-11-19,true
TX-01454,CU-1454,39090.64,2024-06-12,true
TX-01455,CU-1455,19892.24,2024-07-01,true
TX-01456,CU-1456,10105.76,2023-10-24,true
TX-01457,CU-1457,11961.53,2023-03-07,true
TX-01458,CU-1458,41908.01,2023-04-14,false
TX-01459,CU-1459,29590.84,2024-11-18,true
TX-01460,CU-1460,48795.88,2023-06-07,false
TX-01461,CU-1461,7894.18,2024-02-26,true
TX-01462,CU-1462,14385.36,2023-12-04,true
TX-01463,CU-1463,8548.77,2023-09-03,true
TX-01464,CU-1464,1371.2,2023-07-15,true
TX-01465,CU-1465,32968.11,2023-06-14,false
TX-01466,CU-1466,28363.05,2023-08-27,true
TX-01467,CU-1467,31814.53,2024-05-11,true
TX-01468,CU-1468,20400.86,2024-05-14,true
TX-01469,CU-1469,43411.34,2024-04-14,true
TX-01470,CU-1470,183.77,2023-07-13,true
TX-01471,CU-1471,12306.73,2023-09-01,true
TX-01472,CU-1472,36068.83,2023-12-09,true
TX-01473,CU-1473,46626.7,2023-07-22,true
TX-01474,CU-1474,33428.86,2024-08-08,true
TX-01475,CU-1475,36316.84,2023-07-06,false
TX-01476,CU-1476,13975.37,2023-06-20,false
TX-01477,CU-1477,42708.68,2023-07-21,true
TX-01478,CU-1478,36096.31,2023-08-11,true
TX-01479,CU-1479,1380.05,2024-08-17,true
TX-01480,CU-1480,34375.08,2023-10-12,false
TX-01481,CU-1481,29517.25,2023-06-08,true
TX-01482,CU-1482,33270.46,2024-10-22,true
TX-01483,CU-1483,13984.3,2023-06-10,true
TX-01484,CU-1484,47723.22,2023-10-13,true
TX-01485,CU-1485,44243.1,2023-08-28,false
TX-01486,CU-1486,39390.31,2023-03-23,true
TX-01487,CU-1487,28969.5,2023-10-02,true
TX-01488,CU-1488,25443.26,2023-07-09,true
TX-01489,CU-1489,34910.16,2023-07-15,true
TX-01490,CU-1490,27882.09,2024-09-09,true
TX-01491,CU-1491,22824.48,2024-04-22,false
TX-01492,CU-1492,13451.17,2023-09-13,true
TX-01493,CU-1493,31904.87,2024-01-26,false
TX-01494,CU-1494,8643.9,2023-05-14,true
TX-01495,CU-1495,5174.14,2023-04-24,false
TX-01496,CU-1496,36945.83,2023-07-02,false
TX-01497,CU-1497,21049.84,2024-10-22,true
TX-01498,CU-1498,15660.65,2024-02-16,false
TX-01499,CU-1499,8534.56,2023-10-23,true
TX-01500,CU-1500,21514.47,2023-10-05,false
TX-01501,CU-0001,3366.95,2023-08-14,true
TX-01502,CU-0002,3569.08,2023-06-02,true
TX-01503,CU-0003,30438.75,2023-12-10,true
TX-01504,CU-0004,45685.1,2024-01-09,true
TX-01505,CU-0005,49569.93,2023-06-17,true
TX-01506,CU-0006,21906.99,2024-04-19,true
TX-01507,CU-0007,14097.69,2024-06-02,true
TX-01508,CU-0008,26214.79,2023-02-10,true
TX-01509,CU-0009,26190.33,2023-01-10,true
TX-01510,CU-0010,5632.4,2024-06-05,true
TX-01511,CU-0011,12816.29,2023-03-13,true
TX-01512,CU-0012,3578.61,2023-10-28,true
TX-01513,CU-0013,30051.46,2023-01-17,false
TX-01514,CU-0014,6513.29,2023-03-02,true
TX-01515,CU-0015,1470.79,2023-12-23,true
TX-01516,CU-0016,26114.47,2024-04-11,true
TX-01517,CU-0017,22249.16,2024-01-02,true
TX-01518,CU-0018,17284.7,2023-03-15,true
TX-01519,CU-0019,35971.65,2024-04-13,true
TX-01520,CU-0020,19420.19,2023-04-18,true
TX-01521,CU-0021,43252.35,2024-04-27,true
TX-01522,CU-0022,9648.48,2023-04-25,true
TX-01523,CU-0023,530.77,2023-09-18,true
TX-01524,CU-0024,10780.39,2024-12-16,true
TX-01525,CU-0025,7289.83,2024-03-25,true
TX-01526,CU-0026,40686.08,2023-07-01,true
TX-01527,CU-0027,39560.55,2024-09-16,true
TX-01528,CU-0028,20381.4,2023-04-12,true
TX-01529,CU-0029,11885.22,2023-03-18,true
TX-01530,CU-0030,1296.76,2024-09-01,false
TX-01531,CU-0031,47075.23,2023-04-24,true
TX-01532,CU-0032,26044.15,2023-11-10,true
TX-01533,CU-0033,7509.65,2023-12-31,true
TX-01534,CU-0034,7440.97,2024-03-12,true
TX-01535,CU-0035,21680.33,2024-09-01,true
TX-01536,CU-0036,43937.54,2023-02-08,false
TX-01537,CU-0037,43899.6,2023-06-01,true
TX-01538,CU-0038,23542.6,2024-09-24,true
TX-01539,CU-0039,588.5,2023-01-04,true
TX-01540,CU-0040,30487.88,2023-08-17,true
TX-01541,CU-0041,37122.46,2023-04-10,true
TX-01542,CU-0042,9022.73,2023-09-12,true
TX-01543,CU-0043,8207.14,2023-03-26,true
TX-01544,CU-0044,5865.58,2023-05-24,true
TX-01545,CU-0045,47555.75,2024-03-09,true
TX-01546,CU-0046,13550.72,2024-11-20,false
TX-01547,CU-0047,32763.51,2024-05-03,true
TX-01548,CU-0048,38728.55,2024-03-03,true
TX-01549,CU-0049,32412.07,2023-12-21,true
TX-01550,CU-0050,439.28,2023-12-15,true
TX-01551,CU-0051,41575.6,2023-02-19,true
TX-01552,CU-0052,31290.42,2023-07-11,true
TX-01553,CU-0053,49177.1,2024-01-15,false
TX-01554,CU-0054,28699.94,2023-10-22,true
TX-01555,CU-0055,19627.98,2024-01-16,true
TX-01556,CU-0056,48434.0,2024-03-26,true
TX-01557,CU-0057,37101.35,2023-11-14,true
TX-01558,CU-0058,13183.73,2023-01-15,true
TX-01559,CU-0059,41677.85,2024-12-13,true
TX-01560,CU-0060,16648.69,2023-01-24,false
TX-01561,CU-0061,32087.88,2023-07-23,true
TX-01562,CU-0062,32234.77,2024-11-11,true
TX-01563,CU-0063,26923.63,2024-07-26,true
TX-01564,CU-0064,21230.78,2023-10-26,false
TX-01565,CU-0065,47576.31,2023-07-28,false
TX-01566,CU-0066,12942.97,2024-12-16,false
TX-01567,CU-0067,24828.48,2024-06-14,true
TX-01568,CU-0068,1298.24,2024-05-19,true
TX-01569,CU-0069,7173.91,2023-01-06,true
TX-01570,CU-0070,491.36,2024-12-02,true
TX-01571,CU-0071,26017.57,2023-12-29,true
TX-01572,CU-0072,24939.15,2024-02-10,true
TX-01573,CU-0073,11177.02,2024-08-27,false
TX-01574,CU-0074,7074.1,2024-12-07,true
TX-01575,CU-0075,21582.06,2023-01-20,true
TX-01576,CU-0076,37285.85,2023-07-04,true
TX-01577,CU-0077,36054.33,2024-08-21,false
TX-01578,CU-0078,19159.16,2024-06-03,true
TX-01579,CU-0079,44884.1,2023-07-16,false
TX-01580,CU-0080,43842.43,2023-03-06,false
TX-01581,CU-0081,22050.32,2023-03-28,true
TX-01582,CU-0082,35807.88,2023-08-18,true
TX-01583,CU-0083,32301.21,2024-09-27,false
TX-01584,CU-0084,11143.99,2024-04-24,true
TX-01585,CU-0085,26436.08,2023-08-12,true
TX-01586,CU-0086,7930.81,2024-08-30,true
TX-01587,CU-0087,42348.99,2023-10-30,true
TX-01588,CU-0088,37777.15,2024-03-12,true
TX-01589,CU-0089,2220.79,2023-01-21,false
TX-01590,CU-0090,22294.51,2024-11-24,false
TX-01591,CU-0091,18033.05,2023-05-14,true
TX-01592,CU-0092,35125.29,2023-02-12,true
TX-01593,CU-0093,34474.03,2024-08-11,true
TX-01594,CU-0094,12695.52,2024-02-04,true
TX-01595,CU-0095,30361.9,2024-02-05,true
TX-01596,CU-0096,49410.82,2023-07-07,true
TX-01597,CU-0097,46778.78,2023-01-23,false
TX-01598,CU-0098,2131.95,2023-10-26,false
TX-01599,CU-0099,17952.08,2024-06-11,true
TX-01600,CU-0100,40470.46,2023-03-14,false
TX-01601,CU-0101,13675.98,2023-03-31,true
TX-01602,CU-0102,5411.45,2024-10-28,false
TX-01603,CU-0103,22898.23,2023-11-12,true
TX-01604,CU-0104,17783.75,2024-11-20,true
TX-01605,CU-0105,22328.54,2023-12-07,true
TX-01606,CU-0106,15941.02,2024-10-14,false
TX-01607,CU-0107,42932.83,2023-08-02,true
TX-01608,CU-0108,23593.42,2023-03-28,true
TX-01609,CU-0109,30794.81,2024-03-23,false
TX-01610,CU-0110,7821.66,2024-12-17,true
TX-01611,CU-0111,3768.93,2024-06-24,true
TX-01612,CU-0112,10156.27,2024-02-01,true
TX-01613,CU-0113,12753.26,2023-03-30,true
TX-01614,CU-0114,41262.09,2024-08-25,true
TX-01615,CU-0115,16509.23,2024-09-06,true
TX-01616,CU-0116,12477.82,2024-07-24,false
TX-01617,CU-0117,6711.97,2023-11-01,true
TX-01618,CU-0118,5732.83,2023-07-17,false
TX-01619,CU-0119,39093.96,2024-03-04,false
TX-01620,CU-0120,11145.36,2024-11-14,false
TX-01621,CU-0121,38084.51,2023-12-16,true
TX-01622,CU-0122,31698.42,2024-06-06,true
TX-01623,CU-0123,31012.54,2023-12-04,true
TX-01624,CU-0124,34295.1,2024-08-15,true
TX-01625,CU-0125,43281.58,2024-01-02,true
TX-01626,CU-0126,47243.88,2024-11-01,true
TX-01627,CU-0127,13635.25,2023-09-03,true
TX-01628,CU-0128,22542.68,2023-12-28,false
TX-01629,CU-0129,1242.38,2024-08-19,true
TX-01630,CU-0130,15902.82,2023-10-04,false
TX-01631,CU-0131,30768.38,2023-09-23,false
TX-01632,CU-0132,21221.32,2024-06-21,false
TX-01633,CU-0133,31094.4,2024-07-06,true
TX-01634,CU-0134,8713.21,2023-06-19,true
TX-01635,CU-0135,27498.04,2023-07-18,true
TX-01636,CU-0136,41946.43,2024-02-18,true
TX-01637,CU-0137,11735.0,2024-06-24,true
TX-01638,CU-0138,31994.0,2023-08-09,true
TX-01639,CU-0139,21263.85,2023-05-04,true
TX-01640,CU-0140,36221.78,2024-06-19,true
TX-01641,CU-0141,46786.26,2023-03-19,true
TX-01642,CU-0142,31503.51,2023-05-09,true
TX-01643,CU-0143,22003.61,2024-12-04,true
TX-01644,CU-0144,13390.83,2024-11-12,false
TX-01645,CU-0145,26843.47,2024-12-09,true
TX-01646,CU-0146,2767.49,2023-01-27,false
TX-01647,CU-0147,38867.96,2023-09-02,true
TX-01648,CU-0148,41616.94,2023-04-09,true
TX-01649,CU-0149,42876.15,2023-03-09,false
TX-01650,CU-0150,39111.57,2023-01-02,true
TX-01651,CU-0151,21377.63,2024-11-14,true
TX-01652,CU-0152,15642.57,2024-07-20,true
TX-01653,CU-0153,16126.47,2023-01-09,false
TX-01654,CU-0154,4436.41,2023-04-13,true
TX-01655,CU-0155,38465.62,2024-09-02,true
TX-01656,CU-0156,42455.25,2024-04-04,true
TX-01657,CU-0157,18025.17,2024-06-29,true
TX-01658,CU-0158,2065.23,2023-09-30,true
TX-01659,CU-0159,40232.36,2023-07-17,true
TX-01660,CU-0160,40178.11,2023-08-24,true
TX-01661,CU-0161,15601.96,2023-11-13,true
TX-01662,CU-0162,20196.23,2023-07-18,false
TX-01663,CU-0163,6989.44,2023-01-28,false
TX-01664,CU-0164,7349.61,2024-09-16,true
TX-01665,CU-0165,22350.46,2023-08-06,true
TX-01666,CU-0166,24170.9,2023-06-23,true
TX-01667,CU-0167,6728.16,2023-05-02,true
TX-01668,CU-0168,29606.35,2024-06-01,true
TX-01669,CU-0169,18460.36,2023-01-03,false
TX-01670,CU-0170,49213.19,2023-03-22,true
TX-01671,CU-0171,1731.51,2023-09-01,true
TX-01672,CU-0172,49147.78,2023-10-04,true
TX-01673,CU-0173,41007.19,2023-10-08,true
TX-01674,CU-0174,13106.88,2023-07-10,true
TX-01675,CU-0175,28720.09,2024-09-26,true
TX-01676,CU-0176,23704.07,2023-04-21,true
TX-01677,CU-0177,43215.55,2023-08-29,false
TX-01678,CU-0178,47713.62,2024-08-05,true
TX-01679,CU-0179,31727.6,2024-02-12,false
TX-01680,CU-0180,41226.68,2023-01-14,false
TX-01681,CU-0181,20823.49,2024-10-01,true
TX-01682,CU-0182,42233.08,2023-07-20,true
TX-01683,CU-0183,159.1,2024-08-20,true
TX-01684,CU-0184,40206.68,2023-01-30,true
TX-01685,CU-0185,37253.49,2023-11-12,false
TX-01686,CU-0186,48311.9,2024-07-06,true
TX-01687,CU-0187,13243.78,2023-10-10,false
TX-01688,CU-0188,20232.06,2023-08-04,true
TX-01689,CU-0189,44632.74,2024-11-19,true
TX-01690,CU-0190,18486.56,2024-08-03,true
TX-01691,CU-0191,34683.67,2024-02-14,true
TX-01692,CU-0192,3634.54,2024-06-03,true
TX-01693,CU-0193,43767.3,2023-02-13,true
TX-01694,CU-0194,710.36,2024-06-11,true
TX-01695,CU-0195,38685.43,2024-07-06,true
TX-01696,CU-0196,35755.57,2024-07-11,true
TX-01697,CU-0197,10315.45,2023-03-26,true
TX-01698,CU-0198,28347.91,2024-12-05,false
TX-01699,CU-0199,12607.93,2024-04-14,true
TX-01700,CU-0200,36143.08,2023-12-24,false
TX-01701,CU-0201,2874.12,2023-03-15,false
TX-01702,CU-0202,24718.39,2023-02-04,true
TX-01703,CU-0203,36410.51,2023-04-22,true
TX-01704,CU-0204,46262.81,2023-01-09,true
TX-01705,CU-0205,15923.14,2023-09-12,true
TX-01706,CU-0206,3925.08,2023-10-03,true
TX-01707,CU-0207,22278.04,2023-03-06,true
TX-01708,CU-0208,16673.01,2024-08-25,true
TX-01709,CU-0209,4820.93,2023-11-12,false
TX-01710,CU-0210,20317.09,2023-12-18,true
TX-01711,CU-0211,6594.42,2024-02-02,false
TX-01712,CU-0212,25818.08,2024-12-20,false
TX-01713,CU-0213,35483.29,2023-08-13,true
TX-01714,CU-0214,41281.32,2023-12-12,true
TX-01715,CU-0215,11077.66,2024-10-24,true
TX-01716,CU-0216,14678.63,2023-11-11,true
TX-01717,CU-0217,37500.85,2023-09-28,true
TX-01718,CU-0218,33699.66,2024-08-08,true
TX-01719,CU-0219,380.34,2023-10-04,true
TX-01720,CU-0220,7628.7,2024-04-01,true
TX-01721,CU-0221,9259.4,2023-10-21,true
TX-01722,CU-0222,3987.59,2023-12-25,false
TX-01723,CU-0223,16985.2,2023-04-04,true
TX-01724,CU-0224,31138.97,2023-09-20,true
TX-01725,CU-0225,9920.45,2024-07-18,true
TX-01726,CU-0226,33503.17,2024-08-03,false
TX-01727,CU-0227,3812.76,2024-04-14,true
TX-01728,CU-0228,32396.49,2023-09-27,true
TX-01729,CU-0229,37677.89,2023-09-08,true
TX-01730,CU-0230,36086.11,2023-08-21,false
TX-01731,CU-0231,10988.08,2023-01-16,false
TX-01732,CU-0232,41643.57,2023-07-09,true
TX-01733,CU-0233,33897.65,2024-11-24,true
TX-01734,CU-0234,36951.87,2024-05-04,true
TX-01735,CU-0235,2663.17,2023-11-10,false
TX-01736,CU-0236,29189.47,2024-06-14,true
TX-01737,CU-0237,32401.81,2023-11-10,true
TX-01738,CU-0238,21728.75,2023-10-24,true
TX-01739,CU-0239,20149.88,2023-08-11,true
TX-01740,CU-0240,5667.99,2023-04-19,true
TX-01741,CU-0241,47440.95,2023-12-31,true
TX-01742,CU-0242,44219.12,2024-05-10,true
TX-01743,CU-0243,47811.53,2024-01-14,true
TX-01744,CU-0244,38200.26,2023-03-29,true
TX-01745,CU-0245,21574.72,2024-02-20,true
TX-01746,CU-0246,33913.64,2024-02-28,false
TX-01747,CU-0247,49800.65,2024-08-16,true
TX-01748,CU-0248,24709.46,2024-04-09,false
TX-01749,CU-0249,5880.46,2024-10-24,true
TX-01750,CU-0250,15078.22,2023-08-04,true
TX-01751,CU-0251,39851.59,2024-07-04,true
TX-01752,CU-0252,22304.54,2023-10-15,true
TX-01753,CU-0253,33506.11,2024-01-01,true
TX-01754,CU-0254,26435.59,2024-10-09,true
TX-01755,CU-0255,38695.58,2024-09-08,true
TX-01756,CU-0256,30375.53,2023-07-29,true
TX-01757,CU-0257,26941.26,2024-02-11,false
TX-01758,CU-0258,3810.3,2023-03-11,true
TX-01759,CU-0259,41183.23,2024-04-19,true
TX-01760,CU-0260,14591.29,2024-12-18,true
TX-01761,CU-0261,31704.15,2023-04-15,true
TX-01762,CU-0262,16361.33,2023-10-19,true
TX-01763,CU-0263,38376.36,2024-10-10,false
TX-01764,CU-0264,23019.51,2023-03-04,true
TX-01765,CU-0265,31998.58,2023-12-12,true
TX-01766,CU-0266,9800.03,2023-09-26,false
TX-01767,CU-0267,8778.73,2024-10-15,true
TX-01768,CU-0268,6367.63,2023-02-23,true
TX-01769,CU-0269,42564.92,2023-04-18,false
TX-01770,CU-0270,16042.65,2024-10-27,true
TX-01771,CU-0271,21893.93,2023-06-08,false
TX-01772,CU-0272,6367.94,2023-10-09,false
TX-01773,CU-0273,2107.73,2023-06-15,true
TX-01774,CU-0274,13936.9,2024-04-17,true
TX-01775,CU-0275,8520.33,2023-02-04,true
TX-01776,CU-0276,28651.72,2024-02-04,false
TX-01777,CU-0277,18730.42,2023-01-02,true
TX-01778,CU-0278,45520.92,2023-04-27,true
TX-01779,CU-0279,13633.8,2023-12-26,false
TX-01780,CU-0280,5183.14,2023-01-28,true
TX-01781,CU-0281,24588.83,2023-02-04,true
TX-01782,CU-0282,41826.99,2023-05-03,true
TX-01783,CU-0283,23644.1,2023-07-03,true
TX-01784,CU-0284,17688.74,2023-03-24,true
TX-01785,CU-0285,1649.98,2023-02-17,true
TX-01786,CU-0286,22876.08,2023-06-19,true
TX-01787,CU-0287,45627.62,2024-08-03,true
TX-01788,CU-0288,27041.45,2024-02-12,true
TX-01789,CU-0289,43324.25,2024-04-06,false
TX-01790,CU-0290,5913.04,2023-03-07,false
TX-01791,CU-0291,46713.17,2023-06-04,true
TX-01792,CU-0292,10526.6,2024-05-20,true
TX-01793,CU-0293,19882.67,2023-09-05,true
TX-01794,CU-0294,27448.93,2024-02-24,true
TX-01795,CU-0295,5250.46,2024-01-11,false
TX-01796,CU-0296,9827.42,2024-08-25,true
TX-01797,CU-0297,19049.97,2024-01-30,true
TX-01798,CU-0298,2532.32,2024-09-17,true
TX-01799,CU-0299,37414.06,2023-09-29,true
TX-01800,CU-0300,33015.14,2024-04-14,false
TX-01801,CU-0301,20683.54,2023-06-22,true
TX-01802,CU-0302,33380.73,2023-11-30,false
TX-01803,CU-0303,43617.5,2023-03-29,true
TX-01804,CU-0304,36605.12,2023-06-30,false
TX-01805,CU-0305,3856.05,2024-05-18,true
TX-01806,CU-0306,8576.55,2024-04-10,true
TX-01807,CU-0307,47207.22,2023-05-30,true
TX-01808,CU-0308,27318.59,2023-03-14,true
TX-01809,CU-0309,4341.07,2024-02-19,false
TX-01810,CU-0310,42034.21,2024-06-16,true
TX-01811,CU-0311,29269.49,2023-08-10,true
TX-01812,CU-0312,40683.96,2023-07-19,true
TX-01813,CU-0313,41661.85,2024-08-13,true
TX-01814,CU-0314,32226.03,2023-01-25,true
TX-01815,CU-0315,16801.72,2023-02-22,true
TX-01816,CU-0316,685.89,2023-07-26,false
TX-01817,CU-0317,7777.87,2023-02-06,true
TX-01818,CU-0318,7109.22,2023-04-25,true
TX-01819,CU-0319,41393.38,2023-08-22,true
TX-01820,CU-0320,13923.29,2024-08-07,true
TX-01821,CU-0321,43801.05,2024-09-17,true
TX-01822,CU-0322,10721.17,2023-11-13,false
TX-01823,CU-0323,39101.2,2024-09-23,true
TX-01824,CU-0324,33243.02,2023-01-27,true
TX-01825,CU-0325,26717.65,2023-03-05,false
TX-01826,CU-0326,8857.98,2023-05-31,true
TX-01827,CU-0327,24200.36,2024-09-08,true
TX-01828,CU-0328,35189.84,2024-12-24,true
TX-01829,CU-0329,49833.5,2023-09-01,false
TX-01830,CU-0330,43255.87,2023-07-12,false
TX-01831,CU-0331,18080.96,2023-03-29,true
TX-01832,CU-0332,220.68,2024-02-13,true
TX-01833,CU-0333,11244.65,2024-08-18,false
TX-01834,CU-0334,16192.12,2023-06-02,false
TX-01835,CU-0335,3294.2,2024-11-27,true
TX-01836,CU-0336,200.9,2023-06-08,true
TX-01837,CU-0337,13161.82,2024-02-14,true
TX-01838,CU-0338,21637.23,2024-12-12,false
TX-01839,CU-0339,22911.75,2024-03-06,true
TX-01840,CU-0340,3770.64,2024-09-03,true
TX-01841,CU-0341,37034.59,2023-05-22,true
TX-01842,CU-0342,28671.83,2023-12-22,false
TX-01843,CU-0343,13453.57,2024-11-27,true
TX-01844,CU-0344,7775.07,2023-07-22,true
TX-01845,CU-0345,45035.11,2023-06-01,true
TX-01846,CU-0346,48353.46,2023-04-21,false
TX-01847,CU-0347,4641.29,2024-11-29,false
TX-01848,CU-0348,22690.53,2023-04-14,true
TX-01849,CU-0349,11828.16,2024-07-26,true
TX-01850,CU-0350,23703.02,2023-01-25,true
TX-01851,CU-0351,48263.73,2023-11-22,true
TX-01852,CU-0352,3281.27,2024-03-26,false
TX-01853,CU-0353,11519.37,2023-07-20,true
TX-01854,CU-0354,17932.44,2023-09-24,true
TX-01855,CU-0355,16189.1,2023-04-21,true
TX-01856,CU-0356,33705.39,2023-02-03,true
TX-01857,CU-0357,12742.81,2024-07-18,true
TX-01858,CU-0358,23048.47,2024-11-21,false
TX-01859,CU-0359,33193.88,2024-06-10,false
TX-01860,CU-0360,29850.13,2023-07-20,true
TX-01861,CU-0361,4999.66,2023-08-11,true
TX-01862,CU-0362,23302.63,2023-10-25,true
TX-01863,CU-0363,15942.68,2023-09-04,true
TX-01864,CU-0364,23486.31,2023-05-11,true
TX-01865,CU-0365,37647.03,2024-01-19,true
TX-01866,CU-0366,40766.94,2024-09-01,true
TX-01867,CU-0367,38482.97,2023-05-24,true
TX-01868,CU-0368,13649.88,2024-07-21,true
TX-01869,CU-0369,32246.66,2024-03-30,true
TX-01870,CU-0370,34515.55,2024-05-18,true
TX-01871,CU-0371,41035.13,2024-10-15,false
TX-01872,CU-0372,16316.94,2023-01-02,false
TX-01873,CU-0373,11706.24,2023-10-06,true
TX-01874,CU-0374,23843.56,2023-10-16,false
TX-01875,CU-0375,14720.69,2023-09-22,false
TX-01876,CU-0376,20440.19,2023-02-27,true
TX-01877,CU-0377,37789.2,2023-07-10,true
TX-01878,CU-0378,24314.74,2023-08-10,true
TX-01879,CU-0379,34967.01,2024-11-18,true
TX-01880,CU-0380,44103.28,2024-04-22,true
TX-01881,CU-0381,40044.21,2024-08-12,true
TX-01882,CU-0382,24392.04,2024-02-21,true
TX-01883,CU-0383,3850.59,2023-04-29,true
TX-01884,CU-0384,17131.2,2023-12-07,true
TX-01885,CU-0385,21255.31,2024-08-04,true
TX-01886,CU-0386,13190.83,2024-02-27,true
TX-01887,CU-0387,7531.95,2023-12-08,true
TX-01888,CU-0388,35043.4,2024-09-23,true
TX-01889,CU-0389,5944.47,2023-06-12,true
TX-01890,CU-0390,20074.98,2024-02-03,true
TX-01891,CU-0391,13092.46,2023-11-13,true
TX-01892,CU-0392,34539.5,2023-01-21,true
TX-01893,CU-0393,46696.67,2023-08-26,false
TX-01894,CU-0394,40598.33,2024-05-15,false
TX-01895,CU-0395,32782.98,2023-04-11,true
TX-01896,CU-0396,14031.71,2024-02-22,true
TX-01897,CU-0397,2503.09,2023-06-06,true
TX-01898,CU-0398,4411.16,2024-12-17,true
TX-01899,CU-0399,17801.26,2023-03-07,true
TX-01900,CU-0400,41450.13,2024-04-01,true
TX-01901,CU-0401,16106.86,2023-09-04,true
TX-01902,CU-0402,30663.73,2024-05-21,true
TX-01903,CU-0403,14184.82,2024-01-27,true
TX-01904,CU-0404,27909.56,2023-11-11,false
TX-01905,CU-0405,10366.75,2023-10-25,true
TX-01906,CU-0406,10430.6,2023-05-01,true
TX-01907,CU-0407,42886.43,2023-09-27,true
TX-01908,CU-0408,43722.54,2023-10-25,true
TX-01909,CU-0409,44206.4,2023-07-19,false
TX-01910,CU-0410,41714.28,2024-04-09,false
TX-01911,CU-0411,42533.88,2023-06-13,false
TX-01912,CU-0412,9425.61,2023-06-18,true
TX-01913,CU-0413,49570.17,2024-11-12,true
TX-01914,CU-0414,40123.09,2023-03-04,true
TX-01915,CU-0415,44367.28,2024-08-14,false
TX-01916,CU-0416,39655.85,2024-04-05,false
TX-01917,CU-0417,15487.35,2024-11-06,true
TX-01918,CU-0418,14606.13,2024-04-07,true
TX-01919,CU-0419,35073.35,2023-06-16,true
TX-01920,CU-0420,35122.48,2024-09-29,true
TX-01921,CU-0421,3774.4,2023-11-25,true
TX-01922,CU-0422,9570.44,2024-11-22,true
TX-01923,CU-0423,12084.06,2023-12-15,true
TX-01924,CU-0424,11016.74,2024-06-16,true
TX-01925,CU-0425,47402.32,2023-10-30,false
TX-01926,CU-0426,19466.29,2024-06-17,false
TX-01927,CU-0427,27396.62,2023-12-06,true
TX-01928,CU-0428,34971.56,2024-12-10,true
TX-01929,CU-0429,27532.91,2023-11-14,true
TX-01930,CU-0430,18328.23,2024-12-08,true
TX-01931,CU-0431,6742.03,2023-04-16,true
TX-01932,CU-0432,2742.02,2023-12-19,true
TX-01933,CU-0433,28712.8,2023-01-27,false
TX-01934,CU-0434,36158.04,2023-08-24,true
TX-01935,CU-0435,49363.48,2024-09-03,true
TX-01936,CU-0436,49677.75,2023-04-28,true
TX-01937,CU-0437,38134.02,2024-03-12,true
TX-01938,CU-0438,7926.46,2023-04-16,true
TX-01939,CU-0439,30561.76,2023-05-01,true
TX-01940,CU-0440,42665.49,2023-08-08,true
TX-01941,CU-0441,8862.42,2024-09-29,false
TX-01942,CU-0442,3205.95,2023-06-25,false
TX-01943,CU-0443,44810.01,2024-08-03,false
TX-01944,CU-0444,18230.33,2023-08-02,true
TX-01945,CU-0445,45356.36,2023-06-29,false
TX-01946,CU-0446,27174.44,2023-11-16,false
TX-01947,CU-0447,16169.68,2024-05-23,true
TX-01948,CU-0448,43079.91,2023-02-23,true
TX-01949,CU-0449,46169.82,2023-12-12,true
TX-01950,CU-0450,30816.09,2023-12-06,true
TX-01951,CU-0451,13124.4,2024-09-17,true
TX-01952,CU-0452,39260.03,2023-11-03,true
TX-01953,CU-0453,25365.83,2023-07-07,false
TX-01954,CU-0454,7119.55,2024-04-20,true
TX-01955,CU-0455,9033.96,2023-06-28,true
TX-01956,CU-0456,40852.63,2023-10-16,true
TX-01957,CU-0457,18907.88,2023-11-28,false
TX-01958,CU-0458,23207.14,2024-08-27,false
TX-01959,CU-0459,33649.54,2023-12-03,true
TX-01960,CU-0460,11187.97,2024-10-09,true
TX-01961,CU-0461,30459.18,2024-09-09,true
TX-01962,CU-0462,47199.96,2024-10-22,true
TX-01963,CU-0463,23679.32,2024-11-26,true
TX-01964,CU-0464,2217.65,2024-07-15,false
TX-01965,CU-0465,38309.66,2023-05-06,false
TX-01966,CU-0466,42532.02,2024-08-01,true
TX-01967,CU-0467,33475.85,2023-10-16,false
TX-01968,CU-0468,42481.52,2024-09-25,true
TX-01969,CU-0469,24542.68,2024-06-16,true
TX-01970,CU-0470,4459.71,2023-11-03,true
TX-01971,CU-0471,9356.49,2024-10-04,false
TX-01972,CU-0472,41659.64,2024-07-14,true
TX-01973,CU-0473,5980.34,2023-05-04,true
TX-01974,CU-0474,37958.93,2023-01-03,true
TX-01975,CU-0475,32871.85,2023-01-31,false
TX-01976,CU-0476,13786.98,2023-08-05,true
TX-01977,CU-0477,39411.09,2024-07-23,true
TX-01978,CU-0478,41490.26,2024-07-05,true
TX-01979,CU-0479,20467.29,2024-09-26,true
TX-01980,CU-0480,19439.28,2024-11-19,true
TX-01981,CU-0481,42547.5,2024-10-22,true
TX-01982,CU-0482,35584.93,2023-12-29,true
TX-01983,CU-0483,18278.33,2024-08-23,true
TX-01984,CU-0484,10282.69,2023-09-25,true
TX-01985,CU-0485,10233.83,2024-01-03,true
TX-01986,CU-0486,34638.55,2023-09-06,true
TX-01987,CU-0487,43536.66,2023-04-26,false
TX-01988,CU-0488,36045.69,2023-08-28,true
TX-01989,CU-0489,10109.82,2023-09-30,true
TX-01990,CU-0490,33461.53,2023-04-11,true
TX-01991,CU-0491,12007.06,2024-06-06,true
TX-01992,CU-0492,3438.91,2024-11-22,true
TX-01993,CU-0493,9060.66,2023-02-25,true
TX-01994,CU-0494,5619.65,2024-05-17,true
TX-01995,CU-0495,17669.35,2023-04-25,true
TX-01996,CU-0496,43519.79,2024-09-29,false
TX-01997,CU-0497,14739.86,2023-05-17,true
TX-01998,CU-0498,40037.88,2024-10-31,true
TX-01999,CU-0499,24726.27,2024-11-23,false
TX-02000,CU-0500,36945.58,2024-04-29,true
TX-02001,CU-0501,11169.32,2023-09-09,true
TX-02002,CU-0502,8172.98,2023-06-16,true
TX-02003,CU-0503,24330.54,2024-03-04,false
TX-02004,CU-0504,19274.91,2024-04-07,true
TX-02005,CU-0505,6853.81,2023-04-19,true
TX-02006,CU-0506,14231.07,2024-10-13,true
TX-02007,CU-0507,5822.41,2024-12-13,true
TX-02008,CU-0508,11998.68,2023-09-20,true
TX-02009,CU-0509,1362.65,2023-05-16,true
TX-02010,CU-0510,25441.63,2024-08-22,false
TX-02011,CU-0511,36766.97,2024-03-25,true
TX-02012,CU-0512,44965.04,2023-02-26,true
TX-02013,CU-0513,33947.6,2024-04-03,false
TX-02014,CU-0514,104.75,2023-09-27,true
TX-02015,CU-0515,12937.19,2024-03-06,true
TX-02016,CU-0516,39912.66,2023-11-22,true
TX-02017,CU-0517,26711.73,2024-02-08,true
TX-02018,CU-0518,11474.58,2023-01-26,false
TX-02019,CU-0519,7771.22,2023-09-01,true
TX-02020,CU-0520,30472.12,2024-05-26,true
TX-02021,CU-0521,24249.84,2023-05-16,true
TX-02022,CU-0522,41794.17,2023-06-17,true
TX-02023,CU-0523,10186.09,2024-06-23,false
TX-02024,CU-0524,23745.59,2023-07-04,false
TX-02025,CU-0525,14883.13,2023-03-12,false
TX-02026,CU-0526,47148.85,2023-02-23,true
TX-02027,CU-0527,27856.73,2024-10-04,true
TX-02028,CU-0528,47802.58,2023-06-13,false
TX-02029,CU-0529,48383.46,2024-04-16,true
TX-02030,CU-0530,47209.91,2023-06-12,false
TX-02031,CU-0531,36365.76,2024-07-24,true
TX-02032,CU-0532,48662.21,2024-11-15,true
TX-02033,CU-0533,13520.73,2024-07-28,false
TX-02034,CU-0534,113.47,2023-09-19,true
TX-02035,CU-0535,9411.83,2023-11-13,true
TX-02036,CU-0536,4948.56,2024-09-02,true
TX-02037,CU-0537,47172.66,2023-07-09,true
TX-02038,CU-0538,30649.31,2023-03-24,false
TX-02039,CU-0539,11085.29,2023-10-28,true
TX-02040,CU-0540,15296.01,2024-05-06,true
TX-02041,CU-0541,44780.94,2023-03-27,true
TX-02042,CU-0542,47122.28,2024-03-18,true
TX-02043,CU-0543,28449.39,2024-05-30,true
TX-02044,CU-0544,14551.04,2024-09-30,true
TX-02045,CU-0545,31429.17,2023-03-20,true
TX-02046,CU-0546,23180.97,2024-06-02,true
TX-02047,CU-0547,46561.83,2024-07-01,true
TX-02048,CU-0548,23343.86,2024-02-04,true
TX-02049,CU-0549,16981.85,2024-04-27,true
TX-02050,CU-0550,19302.92,2024-02-25,false
TX-02051,CU-0551,29283.47,2024-05-01,true
TX-02052,CU-0552,40853.96,2023-04-04,true
TX-02053,CU-0553,3735.84,2024-02-02,true
TX-02054,CU-0554,29616.22,2023-03-21,false
TX-02055,CU-0555,16516.86,2023-04-26,true
TX-02056,CU-0556,43525.89,2023-03-30,true
TX-02057,CU-0557,18152.81,2024-01-28,true
TX-02058,CU-0558,17528.14,2023-06-06,true
TX-02059,CU-0559,47686.5,2024-12-21,true
TX-02060,CU-0560,30099.5,2023-11-01,true
TX-02061,CU-0561,19250.02,2023-08-19,false
TX-02062,CU-0562,7968.77,2023-09-19,true
TX-02063,CU-0563,20473.1,2024-12-15,false
TX-02064,CU-0564,603.26,2023-12-31,true
TX-02065,CU-0565,36205.82,2023-06-24,false
TX-02066,CU-0566,48504.78,2023-05-31,true
TX-02067,CU-0567,13597.98,2024-05-08,true
TX-02068,CU-0568,42525.17,2024-06-07,true
TX-02069,CU-0569,6151.84,2024-01-25,true
TX-02070,CU-0570,18532.36,2023-04-05,false
TX-02071,CU-0571,251.49,2023-12-22,true
TX-02072,CU-0572,48786.72,2023-03-04,true
TX-02073,CU-0573,40231.79,2023-09-04,false
TX-02074,CU-0574,47369.44,2023-08-18,false
TX-02075,CU-0575,18659.12,2024-09-19,true
TX-02076,CU-0576,6657.96,2023-10-27,false
TX-02077,CU-0577,38435.11,2023-11-07,true
TX-02078,CU-0578,20185.28,2023-09-19,true
TX-02079,CU-0579,3095.92,2024-12-10,false
TX-02080,CU-0580,46321.12,2023-11-22,true
TX-02081,CU-0581,27171.25,2024-02-18,true
TX-02082,CU-0582,18662.89,2023-04-21,true
TX-02083,CU-0583,20642.28,2023-03-14,false
TX-02084,CU-0584,16816.82,2023-08-10,true
TX-02085,CU-0585,7353.3,2024-09-29,true
TX-02086,CU-0586,15915.22,2024-07-26,false
TX-02087,CU-0587,40734.3,2023-02-12,true
TX-02088,CU-0588,31564.09,2023-03-08,true
TX-02089,CU-0589,47890.09,2023-06-11,true
TX-02090,CU-0590,21374.16,2023-12-02,true
TX-02091,CU-0591,35460.91,2024-06-20,true
TX-02092,CU-0592,3889.87,2023-07-14,true
TX-02093,CU-0593,30959.25,2023-04-14,false
TX-02094,CU-0594,27598.93,2024-05-02,false
TX-02095,CU-0595,40100.0,2023-05-27,true
TX-02096,CU-0596,46324.57,2023-03-28,true
TX-02097,CU-0597,14609.9,2023-01-02,true
TX-02098,CU-0598,6621.93,2024-10-06,true
TX-02099,CU-0599,444.19,2023-04-07,true
TX-02100,CU-0600,333.6,2023-03-05,false
TX-02101,CU-0601,6629.1,2023-04-30,true
TX-02102,CU-0602,2101.46,2023-04-09,true
TX-02103,CU-0603,45434.14,2024-01-23,true
TX-02104,CU-0604,39147.11,2024-04-19,true
TX-02105,CU-0605,41941.56,2023-04-23,false
TX-02106,CU-0606,41798.92,2024-07-26,true
TX-02107,CU-0607,12871.98,2023-05-19,true
TX-02108,CU-0608,19313.43,2024-03-19,false
TX-02109,CU-0609,43382.87,2023-06-09,true
TX-02110,CU-0610,15814.11,2023-02-06,false
TX-02111,CU-0611,4190.59,2024-06-14,false
TX-02112,CU-0612,26248.48,2023-12-06,false
TX-02113,CU-0613,49144.02,2023-06-24,true
TX-02114,CU-0614,10771.32,2024-01-19,true
TX-02115,CU-0615,25164.28,2024-05-24,true
TX-02116,CU-0616,20036.99,2024-12-07,true
TX-02117,CU-0617,20771.89,2024-03-11,true
TX-02118,CU-0618,8902.56,2024-05-15,true
TX-02119,CU-0619,2204.41,2023-11-03,false
TX-02120,CU-0620,20876.75,2024-04-04,true
TX-02121,CU-0621,31642.03,2024-12-27,true
TX-02122,CU-0622,29914.92,2024-10-14,false
TX-02123,CU-0623,41088.75,2024-09-01,true
TX-02124,CU-0624,25111.46,2023-09-29,false
TX-02125,CU-0625,47329.9,2023-09-09,true
TX-02126,CU-0626,8373.94,2024-05-29,true
TX-02127,CU-0627,45446.97,2024-04-20,true
TX-02128,CU-0628,38377.85,2024-03-12,false
TX-02129,CU-0629,14483.67,2024-05-26,false
TX-02130,CU-0630,34432.77,2023-12-17,false
TX-02131,CU-0631,1405.42,2024-10-20,true
TX-02132,CU-0632,37842.73,2024-07-30,true
TX-02133,CU-0633,49162.21,2023-08-09,true
TX-02134,CU-0634,12242.36,2023-12-24,true
TX-02135,CU-0635,29937.53,2024-03-01,false
TX-02136,CU-0636,45082.5,2023-06-02,true
TX-02137,CU-0637,46.2,2023-07-26,false
TX-02138,CU-0638,3908.65,2024-01-10,true
TX-02139,CU-0639,43833.65,2023-04-28,false
TX-02140,CU-0640,31839.05,2023-06-07,true
TX-02141,CU-0641,27445.2,2023-04-26,true
TX-02142,CU-0642,1962.23,2023-03-07,false
TX-02143,CU-0643,18462.5,2024-03-25,true
TX-02144,CU-0644,43588.95,2024-01-15,false
TX-02145,CU-0645,1531.07,2024-08-15,true
TX-02146,CU-0646,22976.91,2023-08-19,true
TX-02147,CU-0647,28297.34,2023-05-30,true
TX-02148,CU-0648,41712.31,2024-06-22,true
TX-02149,CU-0649,20864.9,2023-08-20,false
TX-02150,CU-0650,37332.72,2024-04-14,true
TX-02151,CU-0651,13823.3,2023-09-30,true
TX-02152,CU-0652,29600.07,2023-02-01,true
TX-02153,CU-0653,47025.58,2024-06-02,true
TX-02154,CU-0654,24866.13,2024-12-26,false
TX-02155,CU-0655,43604.91,2023-12-31,true
TX-02156,CU-0656,14647.94,2023-12-11,true
TX-02157,CU-0657,32588.01,2023-12-08,false
TX-02158,CU-0658,27164.56,2023-07-11,false
TX-02159,CU-0659,36406.94,2023-10-14,true
TX-02160,CU-0660,29581.65,2024-02-14,true
TX-02161,CU-0661,18594.52,2024-08-02,true
TX-02162,CU-0662,31001.08,2024-01-25,true
TX-02163,CU-0663,8844.54,2023-08-09,false
TX-02164,CU-0664,37305.37,2024-10-05,false
TX-02165,CU-0665,16740.39,2024-11-05,true
TX-02166,CU-0666,42135.09,2024-05-14,true
TX-02167,CU-0667,15579.64,2024-06-27,true
TX-02168,CU-0668,49990.66,2023-04-30,false
TX-02169,CU-0669,10319.88,2024-07-24,true
TX-02170,CU-0670,8826.15,2023-12-11,false
TX-02171,CU-0671,27664.2,2024-07-14,true
TX-02172,CU-0672,47546.58,2024-09-15,false
TX-02173,CU-0673,45699.98,2023-10-13,true
TX-02174,CU-0674,45431.61,2023-08-07,true
TX-02175,CU-0675,21528.75,2023-06-07,true
TX-02176,CU-0676,33050.25,2024-11-08,true
TX-02177,CU-0677,34735.21,2024-05-07,true
TX-02178,CU-0678,2366.51,2024-08-27,true
TX-02179,CU-0679,30801.72,2023-04-17,true
TX-02180,CU-0680,48290.77,2024-02-10,false
TX-02181,CU-0681,21024.37,2024-08-08,false
TX-02182,CU-0682,15998.89,2024-10-14,false
TX-02183,CU-0683,19348.16,2023-05-09,true
TX-02184,CU-0684,12283.98,2024-02-23,true
TX-02185,CU-0685,16273.63,2023-06-25,true
TX-02186,CU-0686,4672.73,2024-12-12,true
TX-02187,CU-0687,25782.87,2024-03-24,true
TX-02188,CU-0688,15402.96,2023-07-23,true
TX-02189,CU-0689,38167.69,2024-04-06,true
TX-02190,CU-0690,44433.19,2024-03-06,false
TX-02191,CU-0691,4863.6,2023-09-08,false
TX-02192,CU-0692,35292.46,2023-07-21,false
TX-02193,CU-0693,25287.28,2024-01-24,true
TX-02194,CU-0694,41366.24,2023-12-11,true
TX-02195,CU-0695,28783.2,2024-11-20,true
TX-02196,CU-0696,4103.09,2023-02-18,false
TX-02197,CU-0697,10467.15,2024-01-30,true
TX-02198,CU-0698,35459.83,2023-03-07,true
TX-02199,CU-0699,28444.55,2024-06-16,true
TX-02200,CU-0700,366.1,2023-03-10,true
TX-02201,CU-0701,5292.69,2024-10-09,true
TX-02202,CU-0702,33853.36,2024-10-08,true
TX-02203,CU-0703,29624.76,2023-08-14,true
TX-02204,CU-0704,43763.68,2023-05-12,false
TX-02205,CU-0705,23273.17,2024-01-06,true
TX-02206,CU-0706,21557.73,2024-03-26,true
TX-02207,CU-0707,6567.06,2024-09-03,true
TX-02208,CU-0708,11250.04,2024-06-06,true
TX-02209,CU-0709,4030.44,2024-05-15,false
TX-02210,CU-0710,45044.53,2024-08-06,true
TX-02211,CU-0711,47509.5,2023-07-06,true
TX-02212,CU-0712,21159.44,2024-01-14,true
TX-02213,CU-0713,37675.21,2024-03-10,false
TX-02214,CU-0714,5494.49,2023-06-23,true
TX-02215,CU-0715,8616.03,2023-04-06,true
TX-02216,CU-0716,1184.38,2023-07-26,true
TX-02217,CU-0717,20796.74,2024-10-11,true
TX-02218,CU-0718,37247.62,2024-03-14,true
TX-02219,CU-0719,5753.87,2024-05-15,true
TX-02220,CU-0720,44715.44,2023-11-30,true
TX-02221,CU-0721,44994.3,2023-12-26,false
TX-02222,CU-0722,38209.72,2024-01-24,true
TX-02223,CU-0723,34668.54,2024-09-26,true
TX-02224,CU-0724,24524.49,2023-09-30,true
TX-02225,CU-0725,8275.4,2023-09-02,true
TX-02226,CU-0726,43197.34,2023-03-31,false
TX-02227,CU-0727,36519.39,2024-09-27,false
TX-02228,CU-0728,38224.03,2024-12-31,false
TX-02229,CU-0729,44599.43,2023-08-27,false
TX-02230,CU-0730,12803.58,2023-04-08,true
TX-02231,CU-0731,45101.51,2023-04-25,true
TX-02232,CU-0732,45856.53,2023-10-09,false
TX-02233,CU-0733,23872.95,2024-12-01,true
TX-02234,CU-0734,10566.15,2024-11-11,true
TX-02235,CU-0735,17988.32,2024-05-28,true
TX-02236,CU-0736,35810.1,2024-10-19,true
TX-02237,CU-0737,42679.12,2024-10-02,true
TX-02238,CU-0738,35031.52,2024-05-03,true
TX-02239,CU-0739,45869.91,2024-09-08,false
TX-02240,CU-0740,46551.76,2024-08-26,true
TX-02241,CU-0741,4830.73,2024-07-05,false
TX-02242,CU-0742,25842.1,2024-02-12,false
TX-02243,CU-0743,26262.45,2023-05-30,true
TX-02244,CU-0744,3032.92,2023-08-22,true
TX-02245,CU-0745,4841.04,2023-06-22,false
TX-02246,CU-0746,49922.68,2023-08-17,false
TX-02247,CU-0747,18684.39,2024-03-23,false
TX-02248,CU-0748,27001.71,2024-10-09,true
TX-02249,CU-0749,2696.33,2023-11-21,false
TX-02250,CU-0750,7182.44,2024-08-04,true
TX-02251,CU-0751,47002.37,2023-07-20,true
TX-02252,CU-0752,36065.69,2023-05-04,true
TX-02253,CU-0753,9566.54,2023-11-08,false
TX-02254,CU-0754,48993.22,2023-03-09,false
TX-02255,CU-0755,46131.94,2023-11-16,true
TX-02256,CU-0756,48853.22,2024-04-06,false
TX-02257,CU-0757,39912.99,2023-09-12,true
TX-02258,CU-0758,3139.69,2024-10-03,true
TX-02259,CU-0759,8130.83,2023-03-18,true
TX-02260,CU-0760,7064.07,2024-10-19,true
TX-02261,CU-0761,6797.94,2023-10-01,true
TX-02262,CU-0762,45146.91,2023-12-12,true
TX-02263,CU-0763,4018.07,2023-05-28,true
TX-02264,CU-0764,19480.33,2023-03-24,true
TX-02265,CU-0765,30520.37,2024-02-06,true
TX-02266,CU-0766,49453.94,2023-11-21,true
TX-02267,CU-0767,21799.4,2023-08-08,false
TX-02268,CU-0768,4835.51,2024-04-19,true
TX-02269,CU-0769,42714.95,2024-11-02,true
TX-02270,CU-0770,33296.23,2024-05-16,true
TX-02271,CU-0771,43091.79,2023-06-14,true
TX-02272,CU-0772,49521.14,2023-10-25,true
TX-02273,CU-0773,30325.65,2024-05-23,true
TX-02274,CU-0774,44905.31,2023-12-15,true
TX-02275,CU-0775,38142.2,2024-07-07,true
TX-02276,CU-0776,34850.76,2024-09-08,true
TX-02277,CU-0777,8351.58,2024-07-20,true
TX-02278,CU-0778,34255.64,2024-04-26,true
TX-02279,CU-0779,24210.73,2024-12-11,true
TX-02280,CU-0780,13040.44,2024-03-04,true
TX-02281,CU-0781,6457.01,2023-06-27,false
TX-02282,CU-0782,6914.8,2024-03-07,true
TX-02283,CU-0783,38021.09,2024-08-08,true
TX-02284,CU-0784,4911.26,2024-08-06,true
TX-02285,CU-0785,12669.31,2024-03-24,true
TX-02286,CU-0786,48339.42,2023-03-02,false
TX-02287,CU-0787,15813.11,2024-06-24,true
TX-02288,CU-0788,29380.97,2024-09-04,true
TX-02289,CU-0789,32905.3,2024-10-17,true
TX-02290,CU-0790,9792.62,2023-07-20,false
TX-02291,CU-0791,35988.86,2024-02-13,true
TX-02292,CU-0792,47980.0,2023-08-04,true
TX-02293,CU-0793,17436.14,2023-05-26,false
TX-02294,CU-0794,31594.12,2023-08-30,true
TX-02295,CU-0795,5709.17,2024-09-10,true
TX-02296,CU-0796,20199.72,2024-11-13,false
TX-02297,CU-0797,45435.98,2024-09-23,false
TX-02298,CU-0798,49879.73,2023-06-07,true
TX-02299,CU-0799,22481.67,2024-03-26,true
TX-02300,CU-0800,48091.75,2024-11-17,false
TX-02301,CU-0801,49164.98,2023-02-16,true
TX-02302,CU-0802,47481.53,2024-08-10,true
TX-02303,CU-0803,34610.61,2023-10-15,true
TX-02304,CU-0804,19401.81,2023-02-26,true
TX-02305,CU-0805,23617.0,2023-07-12,true
TX-02306,CU-0806,5560.42,2024-07-03,true
TX-02307,CU-0807,15064.28,2024-02-14,true
TX-02308,CU-0808,23360.66,2023-07-28,false
TX-02309,CU-0809,33029.41,2024-06-19,true
TX-02310,CU-0810,35348.58,2023-08-21,true
TX-02311,CU-0811,28951.33,2024-08-25,true
TX-02312,CU-0812,39208.59,2023-10-02,true
TX-02313,CU-0813,43562.96,2024-09-23,true
TX-02314,CU-0814,36044.54,2024-05-14,false
TX-02315,CU-0815,49570.0,2023-10-28,false
TX-02316,CU-0816,24978.45,2024-08-10,true
TX-02317,CU-0817,7077.87,2024-03-15,true
TX-02318,CU-0818,46716.76,2023-08-31,true
TX-02319,CU-0819,23016.12,2024-01-08,true
TX-02320,CU-0820,38201.59,2024-12-10,false
TX-02321,CU-0821,1944.66,2023-11-23,true
TX-02322,CU-0822,32457.7,2024-11-24,true
TX-02323,CU-0823,38086.06,2023-02-08,true
TX-02324,CU-0824,42935.0,2024-09-24,true
TX-02325,CU-0825,10960.0,2024-08-22,true
TX-02326,CU-0826,15947.75,2024-03-22,false
TX-02327,CU-0827,37155.93,2024-07-02,true
TX-02328,CU-0828,31098.84,2024-08-08,true
TX-02329,CU-0829,29988.84,2023-08-02,false
TX-02330,CU-0830,29194.11,2024-08-24,true
TX-02331,CU-0831,18472.94,2023-03-08,true
TX-02332,CU-0832,45173.47,2024-10-28,false
TX-02333,CU-0833,2061.4,2024-05-29,true
TX-02334,CU-0834,34344.92,2024-08-14,true
TX-02335,CU-0835,13777.0,2023-05-16,false
TX-02336,CU-0836,19832.23,2024-06-01,true
TX-02337,CU-0837,14352.02,2024-01-05,true
TX-02338,CU-0838,43219.68,2024-07-27,true
TX-02339,CU-0839,20425.62,2023-09-26,true
TX-02340,CU-0840,21057.72,2023-09-27,true
TX-02341,CU-0841,48066.93,2024-08-31,true
TX-02342,CU-0842,49502.95,2024-04-15,false
TX-02343,CU-0843,47645.32,2023-09-17,false
TX-02344,CU-0844,19961.54,2023-06-06,true
TX-02345,CU-0845,29224.78,2023-11-13,false
TX-02346,CU-0846,42954.51,2023-05-22,false
TX-02347,CU-0847,19742.68,2024-01-19,false
TX-02348,CU-0848,49225.71,2024-09-24,false
TX-02349,CU-0849,22893.82,2023-12-04,false
TX-02350,CU-0850,34980.26,2023-09-12,true
TX-02351,CU-0851,23088.84,2024-08-03,true
TX-02352,CU-0852,4141.63,2024-08-03,true
TX-02353,CU-0853,6246.22,2023-05-22,false
TX-02354,CU-0854,12565.71,2024-10-29,true
TX-02355,CU-0855,6547.17,2024-10-25,true
TX-02356,CU-0856,49601.63,2024-07-19,true
TX-02357,CU-0857,30607.45,2024-07-04,false
TX-02358,CU-0858,24543.52,2023-01-14,true
TX-02359,CU-0859,44104.03,2024-06-11,true
TX-02360,CU-0860,20176.54,2024-07-19,false
TX-02361,CU-0861,2046.38,2023-02-20,true
TX-02362,CU-0862,37685.6,2024-07-11,true
TX-02363,CU-0863,42663.48,2023-10-04,false
TX-02364,CU-0864,27027.4,2024-07-27,false
TX-02365,CU-0865,46320.65,2023-04-20,true
TX-02366,CU-0866,33488.6,2024-10-11,false
TX-02367,CU-0867,20323.08,2024-09-02,false
TX-02368,CU-0868,1786.32,2024-02-21,true
TX-02369,CU-0869,21415.52,2024-07-20,false
TX-02370,CU-0870,34252.16,2023-08-14,true
TX-02371,CU-0871,31039.77,2023-12-27,true
TX-02372,CU-0872,14085.82,2023-05-16,true
TX-02373,CU-0873,9235.61,2024-03-15,true
TX-02374,CU-0874,5394.79,2024-10-25,false
TX-02375,CU-0875,25841.14,2024-02-18,true
TX-02376,CU-0876,18708.73,2023-07-31,true
TX-02377,CU-0877,33881.05,2023-07-21,true
TX-02378,CU-0878,8201.1,2024-06-02,false
TX-02379,CU-0879,39438.08,2024-04-01,true
TX-02380,CU-0880,5521.07,2024-01-25,true
TX-02381,CU-0881,26116.85,2023-12-16,true
TX-02382,CU-0882,9859.47,2023-08-09,false
TX-02383,CU-0883,765.17,2024-04-03,true
TX-02384,CU-0884,30507.91,2023-06-05,true
TX-02385,CU-0885,20372.24,2024-03-25,true
TX-02386,CU-0886,6244.02,2023-09-06,false
TX-02387,CU-0887,25306.87,2024-09-03,true
TX-02388,CU-0888,6310.7,2023-04-17,true
TX-02389,CU-0889,15570.71,2023-09-15,true
TX-02390,CU-0890,22576.38,2024-10-27,false
TX-02391,CU-0891,15303.81,2023-08-06,true
TX-02392,CU-0892,1013.32,2024-01-04,true
TX-02393,CU-0893,34247.24,2023-11-02,true
TX-02394,CU-0894,23763.76,2024-06-14,false
TX-02395,CU-0895,31468.21,2024-06-02,true
TX-02396,CU-0896,18723.19,2024-10-19,true
TX-02397,CU-0897,29147.91,2023-04-12,false
TX-02398,CU-0898,24321.96,2023-08-06,true
TX-02399,CU-0899,29742.41,2024-03-12,false
TX-02400,CU-0900,44740.81,2024-06-15,true
TX-02401,CU-0901,7004.64,2024-04-24,false
TX-02402,CU-0902,30211.03,2024-04-11,true
TX-02403,CU-0903,12544.55,2023-01-04,true
TX-02404,CU-0904,17887.3,2023-05-08,true
TX-02405,CU-0905,23975.62,2023-08-05,true
TX-02406,CU-0906,35727.71,2023-05-23,true
TX-02407,CU-0907,11106.92,2024-03-12,true
TX-02408,CU-0908,45840.82,2024-01-31,true
TX-02409,CU-0909,11698.86,2023-08-04,true
TX-02410,CU-0910,29489.37,2023-02-23,true
TX-02411,CU-0911,44432.42,2023-11-09,false
TX-02412,CU-0912,29374.41,2023-10-31,true
TX-02413,CU-0913,1284.82,2024-07-29,true
TX-02414,CU-0914,35035.84,2023-04-02,true
TX-02415,CU-0915,4565.48,2023-03-12,true
TX-02416,CU-0916,21000.27,2023-02-20,true
TX-02417,CU-0917,21406.6,2023-02-13,true
TX-02418,CU-0918,9165.76,2023-07-13,false
TX-02419,CU-0919,45661.3,2023-07-12,true
TX-02420,CU-0920,18370.46,2024-07-29,true
TX-02421,CU-0921,43361.04,2023-11-26,true
TX-02422,CU-0922,19913.48,2023-11-19,true
TX-02423,CU-0923,44367.24,2024-11-18,false
TX-02424,CU-0924,24527.73,2024-03-09,true
TX-02425,CU-0925,172.62,2023-06-21,true
TX-02426,CU-0926,17828.3,2023-08-04,true
TX-02427,CU-0927,36857.3,2023-08-08,true
TX-02428,CU-0928,14434.04,2024-06-02,true
TX-02429,CU-0929,28100.77,2023-05-11,true
TX-02430,CU-0930,31166.62,2023-07-16,false
TX-02431,CU-0931,48223.98,2023-12-27,false
TX-02432,CU-0932,21004.64,2023-01-22,true
TX-02433,CU-0933,28258.07,2024-12-30,false
TX-02434,CU-0934,5109.3,2024-01-02,false
TX-02435,CU-0935,27281.69,2024-11-11,true
TX-02436,CU-0936,8983.74,2023-04-16,false
TX-02437,CU-0937,8951.54,2024-03-03,true
TX-02438,CU-0938,17760.93,2023-09-23,true
TX-02439,CU-0939,31399.18,2024-02-27,false
TX-02440,CU-0940,10153.59,2024-05-01,true
TX-02441,CU-0941,19644.34,2024-07-10,true
TX-02442,CU-0942,33952.91,2024-10-16,true
TX-02443,CU-0943,26841.27,2023-07-10,true
TX-02444,CU-0944,16891.28,2023-10-03,true
TX-02445,CU-0945,28135.89,2023-07-12,true
TX-02446,CU-0946,12374.61,2023-07-25,true
TX-02447,CU-0947,6890.92,2024-07-26,true
TX-02448,CU-0948,19053.92,2023-07-06,true
TX-02449,CU-0949,29168.14,2023-01-15,true
TX-02450,CU-0950,48911.13,2024-09-06,true
TX-02451,CU-0951,24777.21,2024-08-05,true
TX-02452,CU-0952,33397.41,2023-04-21,true
TX-02453,CU-0953,28102.36,2024-11-29,false
TX-02454,CU-0954,4182.74,2024-12-13,true
TX-02455,CU-0955,16849.19,2024-05-21,true
TX-02456,CU-0956,44933.41,2024-04-08,true
TX-02457,CU-0957,6536.96,2024-08-30,true
TX-02458,CU-0958,40466.27,2024-06-29,false
TX-02459,CU-0959,3489.18,2024-01-30,false
TX-02460,CU-0960,43162.97,2023-03-28,true
TX-02461,CU-0961,39355.19,2024-02-17,true
TX-02462,CU-0962,17002.26,2024-03-25,true
TX-02463,CU-0963,38629.27,2024-04-17,false
TX-02464,CU-0964,38168.63,2024-07-15,true
TX-02465,CU-0965,14976.66,2023-09-19,true
TX-02466,CU-0966,38459.36,2023-06-21,true
TX-02467,CU-0967,2278.24,2023-05-23,true
TX-02468,CU-0968,27582.3,2024-11-29,false
TX-02469,CU-0969,5780.58,2023-05-08,false
TX-02470,CU-0970,17920.08,2023-03-03,true
TX-02471,CU-0971,13319.31,2024-10-06,true
TX-02472,CU-0972,39182.07,2023-09-18,false
TX-02473,CU-0973,22617.22,2023-11-24,true
TX-02474,CU-0974,17035.19,2024-09-06,true
TX-02475,CU-0975,12682.71,2024-07-03,true
TX-02476,CU-0976,18376.92,2023-08-31,true
TX-02477,CU-0977,9295.36,2024-03-18,true
TX-02478,CU-0978,32379.34,2023-04-15,true
TX-02479,CU-0979,6155.26,2023-09-23,false
TX-02480,CU-0980,8078.25,2024-09-14,true
TX-02481,CU-0981,21771.74,2023-09-10,true
TX-02482,CU-0982,3879.68,2024-04-25,false
TX-02483,CU-0983,6772.41,2023-12-25,true
TX-02484,CU-0984,26573.88,2023-02-22,true
TX-02485,CU-0985,27521.53,2023-07-04,true
TX-02486,CU-0986,1783.61,2023-04-28,true
TX-02487,CU-0987,46248.71,2023-07-10,true
TX-02488,CU-0988,22257.52,2023-09-15,true
TX-02489,CU-0989,46149.27,2024-01-01,true
TX-02490,CU-0990,49346.3,2024-12-09,true
TX-02491,CU-0991,4354.73,2023-11-06,true
TX-02492,CU-0992,49840.46,2024-10-19,true
TX-02493,CU-0993,3812.95,2024-01-26,true
TX-02494,CU-0994,24812.01,2023-08-01,false
TX-02495,CU-0995,4182.64,2023-11-05,false
TX-02496,CU-0996,6968.89,2023-11-29,true
TX-02497,CU-0997,9356.47,2024-09-01,true
TX-02498,CU-0998,42444.04,2023-12-30,true
TX-02499,CU-0999,11068.1,2023-06-30,true
TX-02500,CU-1000,335.73,2024-03-19,true
