transaccionId,comercioId,fecha,metodoPago,montoTotal
TX-00001,CO-0001,2024-10-18,online,40057.15
TX-00002,CO-0002,2024-04-02,transferencia,1912.99
TX-00003,CO-0003,2023-08-17,online,22942.78
TX-00004,CO-0004,2023-06-08,online,46025.04
TX-00005,CO-0005,2023-10-25,online,27544.96
TX-00006,CO-0006,2023-11-29,POS,32986.98
TX-00007,CO-0007,2024-09-28,transferencia,45389.87
TX-00008,CO-0008,2024-02-11,ATM,39329.04
TX-00009,CO-0009,2023-03-03,transferencia,2646.24
TX-00010,CO-0010,2024-07-27,POS,56.06
TX-00011,CO-0011,2024-02-29,POS,14150.6
TX-00012,CO-0012,2024-07-10,online,41859.46
TX-00013,CO-0013,2023-09-11,transferencia,18762.05
TX-00014,CO-0014,2024-03-20,POS,6550.74
TX-00015,CO-0015,2024-02-12,transferencia,7045.46
TX-00016,CO-0016,2024-09-05,app_movil,3456.7
TX-00017,CO-0017,2024-01-27,ATM,8986.11
TX-00018,CO-0018,2024-06-03,ATM,10933.42
TX-00019,CO-0019,2024-01-29,transferencia,24053.35
TX-00020,CO-0020,2024-01-18,ATM,25235.12
TX-00021,CO-0021,2024-03-16,online,20987.76
TX-00022,CO-0022,2024-04-27,transferencia,4367.22
TX-00023,CO-0023,2023-02-02,ATM,45426.16
TX-00024,CO-0024,2024-04-19,app_movil,46977.73
TX-00025,CO-0025,2023-12-23,app_movil,15564.48
TX-00026,CO-0026,2024-05-31,ATM,44976.72
TX-00027,CO-0027,2023-04-24,online,17917.83
TX-00028,CO-0028,2024-01-16,transferencia,28714.17
TX-00029,CO-0029,2023-07-13,ATM,34560.46
TX-00030,CO-0030,2024-06-16,POS,48690.5
TX-00031,CO-0031,2024-03-18,ATM,12527.45
TX-00032,CO-0032,2023-11-24,app_movil,35867.89
TX-00033,CO-0033,2024-05-03,online,40750.17
TX-00034,CO-0034,2023-09-08,app_movil,28128.73
TX-00035,CO-0035,2024-08-15,app_movil,43938.73
TX-00036,CO-0036,2023-12-02,online,21844.75
TX-00037,CO-0037,2024-01-05,POS,11452.2
TX-00038,CO-0038,2023-07-05,POS,18718.23
TX-00039,CO-0039,2024-08-28,transferencia,44701.64
TX-00040,CO-0040,2023-03-26,online,17918.24
TX-00041,CO-0041,2024-08-20,POS,35346.39
TX-00042,CO-0042,2023-11-26,online,21633.62
TX-00043,CO-0043,2023-06-23,online,48427.05
TX-00044,CO-0044,2024-01-10,transferencia,24780.8
TX-00045,CO-0045,2024-05-14,POS,29400.24
TX-00046,CO-0046,2024-04-07,POS,15070.05
TX-00047,CO-0047,2024-10-19,ATM,24509.73
TX-00048,CO-0048,2024-12-08,transferencia,1402.66
TX-00049,CO-0049,2023-10-04,POS,24769.4
TX-00050,CO-0050,2023-08-15,ATM,20686.13
TX-00051,CO-0051,2024-12-02,transferencia,6383.86
TX-00052,CO-0052,2023-07-01,online,16187.45
TX-00053,CO-0053,2023-07-26,transferencia,46080.25
TX-00054,CO-0054,2023-12-13,app_movil,44956.66
TX-00055,CO-0055,2024-06-04,app_movil,26058.22
TX-00056,CO-0056,2024-03-01,POS,16261.81
TX-00057,CO-0057,2023-11-05,app_movil,49288.33
TX-00058,CO-0058,2024-10-16,ATM,12551.7
TX-00059,CO-0059,2023-04-30,online,34783.17
TX-00060,CO-0060,2023-07-12,transferencia,20772.15
TX-00061,CO-0061,2024-02-09,POS,7438.05
TX-00062,CO-0062,2024-03-15,POS,32065.54
TX-00063,CO-0063,2024-12-17,online,41976.93
TX-00064,CO-0064,2024-06-03,online,24091.93
TX-00065,CO-0065,2023-08-18,POS,21248.62
TX-00066,CO-0066,2024-02-03,POS,35433.98
TX-00067,CO-0067,2024-03-08,online,36591.42
TX-00068,CO-0068,2024-02-20,POS,24139.02
TX-00069,CO-0069,2024-09-12,app_movil,48651.6
TX-00070,CO-0070,2024-10-29,ATM,49809.8
TX-00071,CO-0071,2023-01-05,online,40617.07
TX-00072,CO-0072,2024-03-03,POS,9436.27
TX-00073,CO-0073,2023-10-24,online,31020.88
TX-00074,CO-0074,2023-01-09,POS,39964.97
TX-00075,CO-0075,2023-08-12,ATM,10169.94
TX-00076,CO-0076,2024-12-12,ATM,22230.02
TX-00077,CO-0077,2023-08-23,online,34178.7
TX-00078,CO-0078,2023-06-04,transferencia,34528.19
TX-00079,CO-0079,2024-03-15,transferencia,34339.75
TX-00080,CO-0080,2024-07-29,app_movil,33069.2
TX-00081,CO-0081,2024-05-29,POS,46506.58
TX-00082,CO-0082,2023-08-03,transferencia,40478.87
TX-00083,CO-0083,2024-09-23,ATM,32550.07
TX-00084,CO-0084,2023-12-01,ATM,20713.15
TX-00085,CO-0085,2024-05-18,ATM,48859.12
TX-00086,CO-0086,2023-02-01,transferencia,49394.58
TX-00087,CO-0087,2024-11-13,online,34427.87
TX-00088,CO-0088,2024-12-06,online,17154.07
TX-00089,CO-0089,2023-02-18,POS,31571.66
TX-00090,CO-0090,2023-03-05,app_movil,22744.19
TX-00091,CO-0091,2024-09-29,app_movil,7596.62
TX-00092,CO-0092,2024-09-05,transferencia,8007.08
TX-00093,CO-0093,2023-03-17,ATM,45347.67
TX-00094,CO-0094,2024-08-11,app_movil,20688.66
TX-00095,CO-0095,2023-12-21,app_movil,22028.77
TX-00096,CO-0096,2024-11-02,app_movil,41985.66
TX-00097,CO-0097,2023-05-15,transferencia,40732.1
TX-00098,CO-0098,2023-09-20,transferencia,9493.7
TX-00099,CO-0099,2023-09-01,app_movil,3850.44
TX-00100,CO-0100,2023-02-04,online,17003.42
TX-00101,CO-0101,2024-02-14,online,17340.47
TX-00102,CO-0102,2024-01-09,ATM,34851.33
TX-00103,CO-0103,2024-08-16,app_movil,46184.89
TX-00104,CO-0104,2023-04-19,app_movil,20759.27
TX-00105,CO-0105,2024-05-19,app_movil,35276.61
TX-00106,CO-0106,2023-08-17,ATM,45120.04
TX-00107,CO-0107,2023-06-11,transferencia,47175.71
TX-00108,CO-0108,2023-08-14,app_movil,21436.23
TX-00109,CO-0109,2023-09-14,app_movil,14768.95
TX-00110,CO-0110,2023-04-14,app_movil,23005.43
TX-00111,CO-0111,2023-07-18,online,40278.39
TX-00112,CO-0112,2024-04-06,online,19560.76
TX-00113,CO-0113,2024-08-27,online,29853.65
TX-00114,CO-0114,2024-05-22,app_movil,32693.58
TX-00115,CO-0115,2024-05-29,POS,25879.03
TX-00116,CO-0116,2023-04-07,ATM,10625.14
TX-00117,CO-0117,2023-10-06,app_movil,6397.72
TX-00118,CO-0118,2023-02-22,POS,16395.68
TX-00119,CO-0119,2024-09-14,app_movil,41600.82
TX-00120,CO-0120,2023-02-05,POS,33579.42
TX-00121,CO-0121,2024-12-27,online,19630.49
TX-00122,CO-0122,2024-08-09,online,42229.02
TX-00123,CO-0123,2023-04-18,POS,30223.08
TX-00124,CO-0124,2024-06-20,transferencia,24895.56
TX-00125,CO-0125,2024-11-07,POS,14696.71
TX-00126,CO-0126,2023-04-17,ATM,31516.63
TX-00127,CO-0127,2023-01-15,ATM,30062.17
TX-00128,CO-0128,2023-11-18,online,41286.32
TX-00129,CO-0129,2023-08-22,transferencia,36437.61
TX-00130,CO-0130,2024-03-04,transferencia,22388.44
TX-00131,CO-0131,2023-06-19,POS,19368.25
TX-00132,CO-0132,2023-11-14,online,44713.24
TX-00133,CO-0133,2024-04-17,app_movil,10901.2
TX-00134,CO-0134,2023-09-02,POS,9835.68
TX-00135,CO-0135,2024-12-23,transferencia,40949.05
TX-00136,CO-0136,2023-01-05,ATM,8350.54
TX-00137,CO-0137,2023-05-01,transferencia,27551.06
TX-00138,CO-0138,2023-12-16,app_movil,20753.92
TX-00139,CO-0139,2023-05-20,app_movil,3583.08
TX-00140,CO-0140,2023-03-02,ATM,43729.85
TX-00141,CO-0141,2023-10-04,app_movil,40193.32
TX-00142,CO-0142,2023-01-14,ATM,33981.98
TX-00143,CO-0143,2024-08-31,app_movil,24113.9
TX-00144,CO-0144,2023-06-29,transferencia,33122.89
TX-00145,CO-0145,2024-02-19,app_movil,9475.25
TX-00146,CO-0146,2024-12-12,online,18180.78
TX-00147,CO-0147,2023-11-04,online,17778.65
TX-00148,CO-0148,2023-11-27,transferencia,7319.37
TX-00149,CO-0149,2024-12-25,transferencia,48357.39
TX-00150,CO-0150,2023-11-19,POS,40948.54
TX-00151,CO-0151,2023-03-18,ATM,43231.41
TX-00152,CO-0152,2024-10-26,app_movil,49659.41
TX-00153,CO-0153,2024-07-11,transferencia,48528.05
TX-00154,CO-0154,2023-11-28,transferencia,12966.25
TX-00155,CO-0155,2023-02-22,online,47654.02
TX-00156,CO-0156,2023-09-04,online,10145.5
TX-00157,CO-0157,2024-01-04,ATM,31187.16
TX-00158,CO-0158,2023-12-12,online,15846.45
TX-00159,CO-0159,2024-07-10,ATM,9627.0
TX-00160,CO-0160,2023-05-29,online,36951.89
TX-00161,CO-0161,2023-06-14,transferencia,33589.22
TX-00162,CO-0162,2023-09-14,app_movil,46776.89
TX-00163,CO-0163,2023-08-03,ATM,23474.95
TX-00164,CO-0164,2024-03-30,online,28017.72
TX-00165,CO-0165,2023-07-13,POS,49543.94
TX-00166,CO-0166,2024-12-30,transferencia,4522.92
TX-00167,CO-0167,2023-09-04,POS,9279.64
TX-00168,CO-0168,2023-12-16,POS,18032.93
TX-00169,CO-0169,2024-06-26,transferencia,15921.7
TX-00170,CO-0170,2023-12-22,POS,44528.11
TX-00171,CO-0171,2024-05-01,ATM,7541.62
TX-00172,CO-0172,2024-08-16,POS,49192.86
TX-00173,CO-0173,2024-05-30,online,5022.08
TX-00174,CO-0174,2024-01-11,POS,7396.48
TX-00175,CO-0175,2023-11-18,transferencia,45362.08
TX-00176,CO-0176,2024-06-20,app_movil,34264.27
TX-00177,CO-0177,2024-01-06,POS,8508.22
TX-00178,CO-0178,2024-11-11,online,23346.87
TX-00179,CO-0179,2024-07-21,ATM,832.15
TX-00180,CO-0180,2023-06-05,ATM,19712.64
TX-00181,CO-0181,2023-11-16,ATM,44528.6
TX-00182,CO-0182,2024-08-07,online,24985.49
TX-00183,CO-0183,2024-12-25,ATM,42663.14
TX-00184,CO-0184,2024-12-07,POS,35669.35
TX-00185,CO-0185,2023-05-28,app_movil,8954.4
TX-00186,CO-0186,2023-01-03,online,14512.31
TX-00187,CO-0187,2024-08-11,app_movil,8150.44
TX-00188,CO-0188,2023-03-23,transferencia,26357.16
TX-00189,CO-0189,2023-01-07,POS,43316.59
TX-00190,CO-0190,2024-11-06,POS,13099.72
TX-00191,CO-0191,2024-01-24,transferencia,45451.62
TX-00192,CO-0192,2024-03-02,online,48220.55
TX-00193,CO-0193,2023-08-15,online,49337.69
TX-00194,CO-0194,2023-07-01,app_movil,2808.36
TX-00195,CO-0195,2023-12-21,ATM,28616.05
TX-00196,CO-0196,2023-03-11,POS,3822.47
TX-00197,CO-0197,2023-01-25,ATM,25795.33
TX-00198,CO-0198,2023-04-07,POS,21691.72
TX-00199,CO-0199,2023-05-05,ATM,9968.03
TX-00200,CO-0200,2023-03-09,transferencia,17848.02
TX-00201,CO-0201,2023-01-06,online,8896.88
TX-00202,CO-0202,2024-10-31,transferencia,17833.33
TX-00203,CO-0203,2024-03-27,online,5542.03
TX-00204,CO-0204,2023-06-20,ATM,30367.79
TX-00205,CO-0205,2024-12-30,POS,36836.12
TX-00206,CO-0206,2023-09-10,transferencia,11938.1
TX-00207,CO-0207,2024-02-11,ATM,12537.62
TX-00208,CO-0208,2024-11-26,transferencia,14791.43
TX-00209,CO-0209,2024-08-21,online,10532.23
TX-00210,CO-0210,2023-01-20,transferencia,36871.49
TX-00211,CO-0211,2024-02-26,online,14381.24
TX-00212,CO-0212,2023-01-21,POS,15972.98
TX-00213,CO-0213,2024-05-22,online,25562.77
TX-00214,CO-0214,2023-08-05,online,27859.12
TX-00215,CO-0215,2023-10-23,transferencia,24170.29
TX-00216,CO-0216,2024-04-27,transferencia,34593.83
TX-00217,CO-0217,2023-09-20,POS,10028.46
TX-00218,CO-0218,2024-06-26,transferencia,13859.28
TX-00219,CO-0219,2024-09-05,app_movil,39038.84
TX-00220,CO-0220,2024-01-23,app_movil,10963.91
TX-00221,CO-0221,2023-01-07,app_movil,5185.81
TX-00222,CO-0222,2024-05-28,app_movil,29714.66
TX-00223,CO-0223,2024-08-22,ATM,33922.25
TX-00224,CO-0224,2023-04-30,transferencia,38688.01
TX-00225,CO-0225,2024-01-18,online,48713.93
TX-00226,CO-0226,2023-08-11,online,46766.71
TX-00227,CO-0227,2024-04-15,app_movil,26166.76
TX-00228,CO-0228,2023-09-07,transferencia,12432.19
TX-00229,CO-0229,2023-08-14,transferencia,37795.73
TX-00230,CO-0230,2023-05-19,online,29974.79
TX-00231,CO-0231,2024-09-06,transferencia,9418.42
TX-00232,CO-0232,2023-04-06,online,43255.16
TX-00233,CO-0233,2023-12-03,app_movil,15235.97
TX-00234,CO-0234,2024-08-25,app_movil,1856.68
TX-00235,CO-0235,2024-09-09,app_movil,26705.13
TX-00236,CO-0236,2024-04-06,online,23968.95
TX-00237,CO-0237,2024-12-04,POS,10036.53
TX-00238,CO-0238,2024-08-17,app_movil,45197.88
TX-00239,CO-0239,2024-12-23,POS,40519.8
TX-00240,CO-0240,2024-12-31,online,1594.53
TX-00241,CO-0241,2024-04-12,transferencia,39651.66
TX-00242,CO-0242,2024-02-01,app_movil,29413.8
TX-00243,CO-0243,2023-03-13,app_movil,15417.06
TX-00244,CO-0244,2024-03-05,online,49836.46
TX-00245,CO-0245,2024-12-11,app_movil,40462.75
TX-00246,CO-0246,2023-06-20,ATM,42004.92
TX-00247,CO-0247,2024-10-26,transferencia,18357.91
TX-00248,CO-0248,2024-02-19,transferencia,31229.79
TX-00249,CO-0249,2023-12-09,online,49969.44
TX-00250,CO-0250,2023-10-12,ATM,35310.8
TX-00251,CO-0251,2024-02-18,transferencia,18426.82
TX-00252,CO-0252,2023-09-19,POS,37571.29
TX-00253,CO-0253,2023-10-06,online,248.85
TX-00254,CO-0254,2023-05-06,POS,11929.7
TX-00255,CO-0255,2024-09-13,POS,38438.87
TX-00256,CO-0256,2024-05-30,ATM,36651.49
TX-00257,CO-0257,2023-07-31,online,22678.07
TX-00258,CO-0258,2024-09-05,app_movil,41143.43
TX-00259,CO-0259,2024-02-25,transferencia,34485.78
TX-00260,CO-0260,2024-06-04,app_movil,46983.03
TX-00261,CO-0261,2023-03-10,ATM,24220.9
TX-00262,CO-0262,2023-12-30,transferencia,34795.94
TX-00263,CO-0263,2024-04-15,app_movil,40331.15
TX-00264,CO-0264,2023-04-20,app_movil,38394.85
TX-00265,CO-0265,2023-06-11,online,48151.01
TX-00266,CO-0266,2024-02-23,POS,45019.99
TX-00267,CO-0267,2023-01-01,ATM,38822.79
TX-00268,CO-0268,2024-04-24,transferencia,36751.75
TX-00269,CO-0269,2023-10-30,online,20527.64
TX-00270,CO-0270,2023-08-04,transferencia,34380.83
TX-00271,CO-0271,2023-06-21,app_movil,19887.99
TX-00272,CO-0272,2023-03-15,online,12336.27
TX-00273,CO-0273,2024-03-07,online,15455.94
TX-00274,CO-0274,2024-01-29,app_movil,41309.8
TX-00275,CO-0275,2024-09-27,POS,10216.18
TX-00276,CO-0276,2023-07-09,online,33159.55
TX-00277,CO-0277,2024-04-27,POS,31195.4
TX-00278,CO-0278,2024-03-25,POS,21603.66
TX-00279,CO-0279,2024-10-12,POS,11723.24
TX-00280,CO-0280,2024-08-01,POS,43123.13
TX-00281,CO-0281,2023-03-17,ATM,37273.25
TX-00282,CO-0282,2024-06-15,POS,48800.13
TX-00283,CO-0283,2024-03-30,ATM,11186.67
TX-00284,CO-0284,2023-05-17,online,41609.62
TX-00285,CO-0285,2023-12-23,app_movil,49645.24
TX-00286,CO-0286,2023-02-06,ATM,47313.85
TX-00287,CO-0287,2023-07-15,online,4639.57
TX-00288,CO-0288,2023-06-27,transferencia,21706.6
TX-00289,CO-0289,2023-09-10,transferencia,43714.06
TX-00290,CO-0290,2023-03-06,ATM,33278.95
TX-00291,CO-0291,2024-01-07,transferencia,34742.41
TX-00292,CO-0292,2023-08-12,transferencia,29402.2
TX-00293,CO-0293,2023-09-15,ATM,38263.91
TX-00294,CO-0294,2024-05-19,POS,3316.21
TX-00295,CO-0295,2024-02-11,online,38167.08
TX-00296,CO-0296,2024-03-17,ATM,40228.57
TX-00297,CO-0297,2023-09-25,ATM,42344.17
TX-00298,CO-0298,2023-01-03,transferencia,49011.44
TX-00299,CO-0299,2023-03-16,ATM,36029.86
TX-00300,CO-0300,2024-11-05,transferencia,43987.29
TX-00301,CO-0001,2024-10-25,online,33304.65
TX-00302,CO-0002,2024-09-07,app_movil,5507.18
TX-00303,CO-0003,2024-08-29,POS,25754.1
TX-00304,CO-0004,2023-10-02,transferencia,27329.84
TX-00305,CO-0005,2024-07-20,POS,49698.52
TX-00306,CO-0006,2024-12-28,POS,18838.98
TX-00307,CO-0007,2024-10-11,app_movil,29519.04
TX-00308,CO-0008,2024-02-29,POS,20552.5
TX-00309,CO-0009,2023-10-25,ATM,3763.57
TX-00310,CO-0010,2023-06-02,online,25290.95
TX-00311,CO-0011,2023-02-22,ATM,38868.51
TX-00312,CO-0012,2024-12-07,transferencia,29243.55
TX-00313,CO-0013,2024-08-15,ATM,234.95
TX-00314,CO-0014,2024-03-03,online,21642.45
TX-00315,CO-0015,2024-05-17,POS,19543.25
TX-00316,CO-0016,2024-08-11,ATM,14277.62
TX-00317,CO-0017,2024-02-10,transferencia,33773.86
TX-00318,CO-0018,2023-05-28,online,26422.88
TX-00319,CO-0019,2023-08-20,ATM,38445.48
TX-00320,CO-0020,2023-04-07,transferencia,19283.55
TX-00321,CO-0021,2024-01-08,ATM,43321.69
TX-00322,CO-0022,2024-05-31,online,19849.07
TX-00323,CO-0023,2023-02-07,ATM,12277.55
TX-00324,CO-0024,2024-04-30,online,33769.69
TX-00325,CO-0025,2023-01-16,transferencia,29479.66
TX-00326,CO-0026,2024-11-11,transferencia,8897.22
TX-00327,CO-0027,2023-05-23,app_movil,34420.09
TX-00328,CO-0028,2023-09-18,ATM,17029.41
TX-00329,CO-0029,2023-12-19,transferencia,37632.16
TX-00330,CO-0030,2023-05-18,POS,45255.21
TX-00331,CO-0031,2023-01-28,app_movil,4042.48
TX-00332,CO-0032,2024-11-07,POS,37447.53
TX-00333,CO-0033,2023-10-12,ATM,33350.63
TX-00334,CO-0034,2023-08-11,transferencia,1542.23
TX-00335,CO-0035,2024-11-09,POS,21564.87
TX-00336,CO-0036,2024-05-13,POS,21107.22
TX-00337,CO-0037,2023-04-10,ATM,35624.4
TX-00338,CO-0038,2023-09-10,transferencia,25469.75
TX-00339,CO-0039,2024-04-02,POS,32124.12
TX-00340,CO-0040,2023-10-17,online,11092.22
TX-00341,CO-0041,2023-09-28,ATM,6492.29
TX-00342,CO-0042,2024-01-06,ATM,22814.83
TX-00343,CO-0043,2024-06-22,POS,40228.22
TX-00344,CO-0044,2023-02-05,online,15457.5
TX-00345,CO-0045,2024-12-29,ATM,41356.96
TX-00346,CO-0046,2023-01-17,transferencia,8825.54
TX-00347,CO-0047,2024-11-10,transferencia,12336.74
TX-00348,CO-0048,2024-08-13,app_movil,44024.2
TX-00349,CO-0049,2023-05-14,ATM,17023.25
TX-00350,CO-0050,2024-03-05,online,20371.04
TX-00351,CO-0051,2024-03-31,online,37309.06
TX-00352,CO-0052,2024-08-06,POS,49683.27
TX-00353,CO-0053,2023-08-19,app_movil,45976.21
TX-00354,CO-0054,2024-08-22,online,16408.2
TX-00355,CO-0055,2023-06-27,transferencia,37418.64
TX-00356,CO-0056,2024-04-16,POS,30942.45
TX-00357,CO-0057,2024-06-01,ATM,33737.44
TX-00358,CO-0058,2024-07-30,online,38291.85
TX-00359,CO-0059,2024-07-21,transferencia,35402.92
TX-00360,CO-0060,2024-10-22,ATM,2209.18
TX-00361,CO-0061,2024-02-22,online,25235.44
TX-00362,CO-0062,2024-05-15,ATM,4299.47
TX-00363,CO-0063,2024-02-12,transferencia,28257.47
TX-00364,CO-0064,2024-10-08,POS,35661.5
TX-00365,CO-0065,2023-06-28,ATM,7839.76
TX-00366,CO-0066,2024-12-21,transferencia,21182.72
TX-00367,CO-0067,2023-12-20,transferencia,42675.51
TX-00368,CO-0068,2023-07-04,ATM,16601.05
TX-00369,CO-0069,2024-03-18,ATM,11608.37
TX-00370,CO-0070,2023-05-14,app_movil,10641.67
TX-00371,CO-0071,2024-11-12,app_movil,2413.93
TX-00372,CO-0072,2023-09-20,transferencia,29967.28
TX-00373,CO-0073,2024-02-27,ATM,1502.01
TX-00374,CO-0074,2024-02-07,app_movil,49822.47
TX-00375,CO-0075,2023-06-05,app_movil,13654.73
TX-00376,CO-0076,2024-01-13,ATM,38404.65
TX-00377,CO-0077,2023-06-07,ATM,2530.39
TX-00378,CO-0078,2024-01-07,transferencia,35759.28
TX-00379,CO-0079,2023-01-11,app_movil,10351.95
TX-00380,CO-0080,2024-06-19,POS,24965.96
TX-00381,CO-0081,2024-03-01,app_movil,13408.79
TX-00382,CO-0082,2024-12-15,app_movil,13022.8
TX-00383,CO-0083,2023-04-20,app_movil,46602.46
TX-00384,CO-0084,2023-11-02,app_movil,19729.19
TX-00385,CO-0085,2024-10-06,POS,15924.98
TX-00386,CO-0086,2023-03-05,app_movil,49941.87
TX-00387,CO-0087,2023-03-21,POS,17941.56
TX-00388,CO-0088,2024-12-30,app_movil,48253.06
TX-00389,CO-0089,2024-10-31,transferencia,4529.39
TX-00390,CO-0090,2024-11-17,app_movil,31593.28
TX-00391,CO-0091,2023-06-17,ATM,46096.46
TX-00392,CO-0092,2024-04-25,transferencia,22038.93
TX-00393,CO-0093,2023-02-07,transferencia,29242.67
TX-00394,CO-0094,2024-09-07,transferencia,30453.11
TX-00395,CO-0095,2024-05-04,transferencia,48697.95
TX-00396,CO-0096,2023-08-06,ATM,41270.5
TX-00397,CO-0097,2024-03-06,ATM,40770.39
TX-00398,CO-0098,2024-01-04,transferencia,14363.5
TX-00399,CO-0099,2023-06-26,transferencia,26319.77
TX-00400,CO-0100,2023-03-29,transferencia,39826.89
TX-00401,CO-0101,2024-12-10,transferencia,7765.38
TX-00402,CO-0102,2023-01-27,online,24517.41
TX-00403,CO-0103,2024-12-31,ATM,27351.43
TX-00404,CO-0104,2024-03-25,online,27162.96
TX-00405,CO-0105,2024-09-04,ATM,40143.49
TX-00406,CO-0106,2023-11-14,ATM,26317.14
TX-00407,CO-0107,2023-02-04,online,18003.21
TX-00408,CO-0108,2023-05-06,ATM,37911.98
TX-00409,CO-0109,2024-07-06,POS,27321.08
TX-00410,CO-0110,2023-12-13,online,37361.23
TX-00411,CO-0111,2024-10-19,POS,85.41
TX-00412,CO-0112,2024-03-21,app_movil,12689.4
TX-00413,CO-0113,2024-01-29,transferencia,18852.62
TX-00414,CO-0114,2023-08-28,online,46801.77
TX-00415,CO-0115,2023-07-23,transferencia,48703.6
TX-00416,CO-0116,2024-12-10,ATM,39662.76
TX-00417,CO-0117,2023-07-05,transferencia,17252.96
TX-00418,CO-0118,2023-11-17,app_movil,14422.09
TX-00419,CO-0119,2024-10-10,online,15981.36
TX-00420,CO-0120,2024-10-18,app_movil,31219.44
TX-00421,CO-0121,2024-05-13,online,47474.27
TX-00422,CO-0122,2023-11-21,transferencia,37556.22
TX-00423,CO-0123,2023-08-26,app_movil,24239.62
TX-00424,CO-0124,2023-12-25,app_movil,26440.69
TX-00425,CO-0125,2024-11-01,transferencia,34001.74
TX-00426,CO-0126,2023-09-17,POS,30607.58
TX-00427,CO-0127,2024-03-21,transferencia,3235.36
TX-00428,CO-0128,2024-05-03,online,12556.21
TX-00429,CO-0129,2024-06-03,ATM,7088.75
TX-00430,CO-0130,2024-09-27,app_movil,39274.64
TX-00431,CO-0131,2024-05-19,transferencia,16612.19
TX-00432,CO-0132,2024-08-31,ATM,36526.27
TX-00433,CO-0133,2023-10-21,online,624.64
TX-00434,CO-0134,2023-10-19,app_movil,27530.95
TX-00435,CO-0135,2023-07-09,ATM,15152.81
TX-00436,CO-0136,2023-07-12,app_movil,49033.97
TX-00437,CO-0137,2023-07-27,POS,16818.37
TX-00438,CO-0138,2023-11-18,online,47245.01
TX-00439,CO-0139,2023-06-10,POS,19803.61
TX-00440,CO-0140,2024-05-15,POS,24509.44
TX-00441,CO-0141,2023-05-30,transferencia,42979.61
TX-00442,CO-0142,2024-08-25,app_movil,12385.07
TX-00443,CO-0143,2024-03-23,transferencia,12370.48
TX-00444,CO-0144,2024-05-25,app_movil,28473.44
TX-00445,CO-0145,2023-10-27,POS,34309.04
TX-00446,CO-0146,2024-02-14,app_movil,7033.41
TX-00447,CO-0147,2024-03-28,POS,4093.68
TX-00448,CO-0148,2024-04-04,ATM,17791.06
TX-00449,CO-0149,2023-11-08,ATM,16634.99
TX-00450,CO-0150,2023-11-24,POS,22946.05
TX-00451,CO-0151,2024-10-14,app_movil,13905.26
TX-00452,CO-0152,2023-02-05,transferencia,23023.05
TX-00453,CO-0153,2023-07-25,app_movil,35594.88
TX-00454,CO-0154,2024-05-03,app_movil,30933.2
TX-00455,CO-0155,2024-04-09,transferencia,1671.51
TX-00456,CO-0156,2024-03-01,ATM,20443.21
TX-00457,CO-0157,2024-07-14,transferencia,15885.43
TX-00458,CO-0158,2024-06-17,ATM,43253.98
TX-00459,CO-0159,2024-08-10,transferencia,5590.84
TX-00460,CO-0160,2024-03-12,POS,12074.28
TX-00461,CO-0161,2023-02-04,transferencia,26539.44
TX-00462,CO-0162,2024-03-11,transferencia,48889.1
TX-00463,CO-0163,2024-07-02,app_movil,8102.54
TX-00464,CO-0164,2024-01-16,POS,23745.42
TX-00465,CO-0165,2023-12-01,app_movil,36753.31
TX-00466,CO-0166,2023-05-14,app_movil,45011.15
TX-00467,CO-0167,2024-06-29,ATM,34425.4
TX-00468,CO-0168,2023-11-24,POS,27033.57
TX-00469,CO-0169,2023-10-26,ATM,24226.7
TX-00470,CO-0170,2023-10-23,POS,1073.79
TX-00471,CO-0171,2024-04-23,POS,2972.77
TX-00472,CO-0172,2024-06-19,POS,18954.97
TX-00473,CO-0173,2024-01-11,POS,17170.39
TX-00474,CO-0174,2024-03-27,online,35234.36
TX-00475,CO-0175,2023-11-05,POS,16792.4
TX-00476,CO-0176,2024-02-20,ATM,23883.11
TX-00477,CO-0177,2024-09-13,POS,19227.5
TX-00478,CO-0178,2024-12-13,app_movil,17420.73
TX-00479,CO-0179,2024-07-29,ATM,19693.14
TX-00480,CO-0180,2024-06-06,ATM,18147.37
TX-00481,CO-0181,2023-12-24,transferencia,11054.35
TX-00482,CO-0182,2024-10-13,ATM,13614.63
TX-00483,CO-0183,2024-11-18,app_movil,35120.38
TX-00484,CO-0184,2024-12-28,online,10593.83
TX-00485,CO-0185,2024-03-03,transferencia,39953.63
TX-00486,CO-0186,2024-08-12,POS,522.18
TX-00487,CO-0187,2023-08-04,transferencia,47261.6
TX-00488,CO-0188,2024-02-21,transferencia,44378.12
TX-00489,CO-0189,2024-07-12,POS,42897.96
TX-00490,CO-0190,2023-02-25,ATM,4805.55
TX-00491,CO-0191,2024-01-14,app_movil,49766.45
TX-00492,CO-0192,2023-05-11,online,21090.97
TX-00493,CO-0193,2023-06-15,app_movil,38516.14
TX-00494,CO-0194,2023-11-13,app_movil,31947.39
TX-00495,CO-0195,2024-06-01,POS,28207.81
TX-00496,CO-0196,2023-12-11,ATM,11031.34
TX-00497,CO-0197,2023-03-26,POS,8632.76
TX-00498,CO-0198,2023-09-29,app_movil,1854.22
TX-00499,CO-0199,2023-12-20,app_movil,14203.6
TX-00500,CO-0200,2024-02-29,ATM,45147.27
TX-00501,CO-0201,2024-11-20,online,4324.69
TX-00502,CO-0202,2024-09-01,app_movil,2236.39
TX-00503,CO-0203,2023-07-16,transferencia,40531.12
TX-00504,CO-0204,2023-06-27,online,8247.41
TX-00505,CO-0205,2023-05-04,app_movil,32998.19
TX-00506,CO-0206,2024-03-21,online,39839.91
TX-00507,CO-0207,2023-12-16,online,16284.24
TX-00508,CO-0208,2023-04-01,app_movil,7630.27
TX-00509,CO-0209,2023-01-10,online,3628.98
TX-00510,CO-0210,2023-05-25,ATM,18107.77
TX-00511,CO-0211,2023-03-05,app_movil,25170.86
TX-00512,CO-0212,2024-03-25,transferencia,34859.22
TX-00513,CO-0213,2024-12-09,ATM,15349.58
TX-00514,CO-0214,2023-09-12,transferencia,36667.82
TX-00515,CO-0215,2024-02-24,ATM,7741.0
TX-00516,CO-0216,2024-09-21,app_movil,14578.11
TX-00517,CO-0217,2023-10-27,POS,31731.59
TX-00518,CO-0218,2023-06-04,app_movil,29182.66
TX-00519,CO-0219,2023-07-26,transferencia,39370.39
TX-00520,CO-0220,2024-02-17,app_movil,49409.6
TX-00521,CO-0221,2023-12-05,transferencia,45492.14
TX-00522,CO-0222,2023-02-02,transferencia,38165.19
TX-00523,CO-0223,2024-09-03,ATM,24188.33
TX-00524,CO-0224,2023-08-15,ATM,34032.61
TX-00525,CO-0225,2024-02-12,POS,796.05
TX-00526,CO-0226,2024-07-04,ATM,21174.5
TX-00527,CO-0227,2024-12-10,ATM,26430.01
TX-00528,CO-0228,2023-12-29,online,3607.42
TX-00529,CO-0229,2023-09-09,transferencia,17980.38
TX-00530,CO-0230,2024-01-22,transferencia,1084.22
TX-00531,CO-0231,2023-12-28,ATM,35789.06
TX-00532,CO-0232,2024-10-30,ATM,45643.33
TX-00533,CO-0233,2023-05-15,app_movil,31958.48
TX-00534,CO-0234,2024-03-12,transferencia,7329.38
TX-00535,CO-0235,2024-03-01,ATM,2165.17
TX-00536,CO-0236,2024-05-06,POS,16160.68
TX-00537,CO-0237,2024-09-21,POS,6806.05
TX-00538,CO-0238,2023-07-08,transferencia,32131.94
TX-00539,CO-0239,2024-06-30,app_movil,2490.38
TX-00540,CO-0240,2024-11-20,app_movil,46500.14
TX-00541,CO-0241,2023-07-20,app_movil,23557.51
TX-00542,CO-0242,2023-07-19,online,28932.41
TX-00543,CO-0243,2023-12-16,ATM,45671.41
TX-00544,CO-0244,2023-07-01,POS,373.53
TX-00545,CO-0245,2024-04-04,transferencia,44641.7
TX-00546,CO-0246,2023-06-22,transferencia,3164.92
TX-00547,CO-0247,2023-08-01,online,7642.28
TX-00548,CO-0248,2023-04-25,ATM,12803.55
TX-00549,CO-0249,2024-01-12,online,38545.09
TX-00550,CO-0250,2023-10-02,app_movil,18056.77
TX-00551,CO-0251,2023-10-04,transferencia,36824.92
TX-00552,CO-0252,2023-12-25,transferencia,12116.68
TX-00553,CO-0253,2024-07-06,online,27212.29
TX-00554,CO-0254,2023-02-02,app_movil,23244.04
TX-00555,CO-0255,2023-04-08,POS,39479.31
TX-00556,CO-0256,2023-01-03,online,35333.6
TX-00557,CO-0257,2024-03-06,online,21036.58
TX-00558,CO-0258,2024-09-24,online,1559.4
TX-00559,CO-0259,2023-06-28,POS,8327.39
TX-00560,CO-0260,2024-02-02,transferencia,3872.32
TX-00561,CO-0261,2024-01-24,app_movil,11562.83
TX-00562,CO-0262,2023-03-07,ATM,5279.14
TX-00563,CO-0263,2023-09-14,transferencia,15828.62
TX-00564,CO-0264,2023-03-17,transferencia,1451.78
TX-00565,CO-0265,2023-08-27,online,38569.95
TX-00566,CO-0266,2023-03-31,ATM,29909.06
TX-00567,CO-0267,2024-10-29,ATM,5480.27
TX-00568,CO-0268,2023-04-11,transferencia,23952.07
TX-00569,CO-0269,2024-08-18,app_movil,8434.89
TX-00570,CO-0270,2023-03-25,app_movil,22195.3
TX-00571,CO-0271,2023-07-16,app_movil,24923.8
TX-00572,CO-0272,2024-05-20,transferencia,42353.53
TX-00573,CO-0273,2024-06-19,POS,26350.9
TX-00574,CO-0274,2024-07-21,POS,40785.43
TX-00575,CO-0275,2023-04-27,POS,43289.8
TX-00576,CO-0276,2024-12-19,online,7869.13
TX-00577,CO-0277,2023-03-18,online,21985.63
TX-00578,CO-0278,2024-08-10,app_movil,13192.25
TX-00579,CO-0279,2023-11-22,app_movil,16065.61
TX-00580,CO-0280,2023-05-06,POS,12715.77
TX-00581,CO-0281,2024-02-01,app_movil,23080.71
TX-00582,CO-0282,2023-08-15,ATM,10668.73
TX-00583,CO-0283,2023-09-08,POS,8125.02
TX-00584,CO-0284,2023-02-01,online,12983.82
TX-00585,CO-0285,2024-02-13,online,42790.83
TX-00586,CO-0286,2024-03-07,ATM,3765.28
TX-00587,CO-0287,2024-12-25,ATM,48020.09
TX-00588,CO-0288,2023-10-26,online,15862.01
TX-00589,CO-0289,2023-03-05,transferencia,6355.21
TX-00590,CO-0290,2024-06-07,POS,21142.23
TX-00591,CO-0291,2024-12-19,transferencia,4898.84
TX-00592,CO-0292,2023-03-08,app_movil,15936.92
TX-00593,CO-0293,2023-08-28,online,9424.36
TX-00594,CO-0294,2023-01-10,online,39627.6
TX-00595,CO-0295,2023-08-07,online,4815.46
TX-00596,CO-0296,2023-09-05,online,21270.34
TX-00597,CO-0297,2023-02-16,transferencia,42393.01
TX-00598,CO-0298,2023-02-24,online,37387.12
TX-00599,CO-0299,2024-11-20,POS,5332.82
TX-00600,CO-0300,2023-09-04,app_movil,41892.31
TX-00601,CO-0001,2024-09-09,transferencia,12437.98
TX-00602,CO-0002,2024-01-07,transferencia,7820.27
TX-00603,CO-0003,2023-01-05,app_movil,2448.58
TX-00604,CO-0004,2023-12-02,POS,5787.61
TX-00605,CO-0005,2024-09-27,app_movil,32216.74
TX-00606,CO-0006,2024-05-09,online,29952.16
TX-00607,CO-0007,2023-06-06,transferencia,22351.16
TX-00608,CO-0008,2024-09-12,ATM,43939.4
TX-00609,CO-0009,2024-09-03,app_movil,4751.51
TX-00610,CO-0010,2024-06-09,app_movil,36986.28
TX-00611,CO-0011,2023-02-25,transferencia,37258.93
TX-00612,CO-0012,2023-05-01,POS,48001.73
TX-00613,CO-0013,2023-06-14,ATM,7434.52
TX-00614,CO-0014,2023-12-21,app_movil,24923.48
TX-00615,CO-0015,2023-06-29,online,6173.09
TX-00616,CO-0016,2023-06-28,online,9482.08
TX-00617,CO-0017,2023-08-27,ATM,32531.4
TX-00618,CO-0018,2023-06-04,POS,44795.61
TX-00619,CO-0019,2024-05-07,app_movil,11930.61
TX-00620,CO-0020,2024-09-23,app_movil,30884.5
TX-00621,CO-0021,2023-12-04,online,6805.72
TX-00622,CO-0022,2024-12-01,transferencia,17951.11
TX-00623,CO-0023,2024-11-18,transferencia,19775.11
TX-00624,CO-0024,2023-08-16,transferencia,22697.04
TX-00625,CO-0025,2023-03-29,POS,29153.94
TX-00626,CO-0026,2023-02-21,POS,32783.58
TX-00627,CO-0027,2023-09-24,online,2227.12
TX-00628,CO-0028,2023-04-17,transferencia,35576.18
TX-00629,CO-0029,2023-06-24,ATM,11415.08
TX-00630,CO-0030,2024-12-21,ATM,37632.93
TX-00631,CO-0031,2023-04-18,transferencia,10367.91
TX-00632,CO-0032,2024-06-15,online,43900.04
TX-00633,CO-0033,2024-07-21,ATM,21218.3
TX-00634,CO-0034,2024-09-02,transferencia,30867.37
TX-00635,CO-0035,2024-04-04,transferencia,3734.91
TX-00636,CO-0036,2023-09-10,transferencia,27960.01
TX-00637,CO-0037,2023-08-25,online,21889.17
TX-00638,CO-0038,2023-09-14,ATM,3069.39
TX-00639,CO-0039,2024-03-26,online,15436.23
TX-00640,CO-0040,2024-06-03,ATM,16102.25
TX-00641,CO-0041,2023-05-08,transferencia,5064.87
TX-00642,CO-0042,2023-08-26,ATM,32598.97
TX-00643,CO-0043,2023-10-15,ATM,45535.76
TX-00644,CO-0044,2023-12-29,ATM,25777.11
TX-00645,CO-0045,2023-08-29,app_movil,5024.74
TX-00646,CO-0046,2024-11-28,POS,20554.16
TX-00647,CO-0047,2023-08-27,app_movil,38279.88
TX-00648,CO-0048,2023-04-06,POS,21543.14
TX-00649,CO-0049,2024-05-16,ATM,29752.55
TX-00650,CO-0050,2024-05-14,online,2863.04
TX-00651,CO-0051,2024-10-08,POS,24287.41
TX-00652,CO-0052,2023-02-22,transferencia,6864.95
TX-00653,CO-0053,2024-05-03,online,6488.22
TX-00654,CO-0054,2023-11-02,online,48688.97
TX-00655,CO-0055,2023-11-25,app_movil,7380.09
TX-00656,CO-0056,2023-01-25,ATM,33031.91
TX-00657,CO-0057,2023-05-13,app_movil,31790.43
TX-00658,CO-0058,2024-07-15,POS,17285.73
TX-00659,CO-0059,2024-12-19,ATM,34769.22
TX-00660,CO-0060,2023-09-27,transferencia,26984.95
TX-00661,CO-0061,2024-07-05,app_movil,34854.16
TX-00662,CO-0062,2023-09-24,ATM,48486.95
TX-00663,CO-0063,2024-03-05,online,33302.4
TX-00664,CO-0064,2024-02-08,ATM,5860.99
TX-00665,CO-0065,2023-01-25,transferencia,12144.29
TX-00666,CO-0066,2023-12-24,POS,43657.62
TX-00667,CO-0067,2023-09-18,app_movil,28549.85
TX-00668,CO-0068,2023-01-06,online,25962.17
TX-00669,CO-0069,2024-12-31,online,1134.7
TX-00670,CO-0070,2023-08-05,app_movil,26425.87
TX-00671,CO-0071,2023-01-20,online,18070.47
TX-00672,CO-0072,2023-05-18,ATM,19821.81
TX-00673,CO-0073,2024-04-26,ATM,1985.74
TX-00674,CO-0074,2023-04-20,transferencia,8540.21
TX-00675,CO-0075,2023-05-01,online,27848.07
TX-00676,CO-0076,2023-01-23,online,5451.39
TX-00677,CO-0077,2024-12-01,online,31601.36
TX-00678,CO-0078,2023-04-14,app_movil,40929.74
TX-00679,CO-0079,2024-08-20,ATM,12382.77
TX-00680,CO-0080,2023-04-13,online,48170.81
TX-00681,CO-0081,2023-10-17,online,29689.78
TX-00682,CO-0082,2023-03-28,ATM,34162.36
TX-00683,CO-0083,2023-09-05,transferencia,43341.89
TX-00684,CO-0084,2024-09-01,online,46677.55
TX-00685,CO-0085,2024-08-11,app_movil,35854.81
TX-00686,CO-0086,2024-08-12,online,45475.35
TX-00687,CO-0087,2023-12-14,transferencia,15483.71
TX-00688,CO-0088,2024-08-16,app_movil,44099.65
TX-00689,CO-0089,2024-10-21,transferencia,28011.89
TX-00690,CO-0090,2024-08-08,app_movil,40142.28
TX-00691,CO-0091,2023-06-01,POS,12419.09
TX-00692,CO-0092,2023-05-10,transferencia,6139.74
TX-00693,CO-0093,2024-03-18,app_movil,40338.5
TX-00694,CO-0094,2024-09-07,transferencia,29420.49
TX-00695,CO-0095,2024-11-04,online,17132.15
TX-00696,CO-0096,2023-01-16,app_movil,24815.91
TX-00697,CO-0097,2023-01-27,app_movil,28762.34
TX-00698,CO-0098,2024-11-18,ATM,29564.8
TX-00699,CO-0099,2024-05-03,online,39257.0
TX-00700,CO-0100,2024-04-24,online,42295.06
TX-00701,CO-0101,2023-03-29,online,923.4
TX-00702,CO-0102,2024-09-27,online,31998.58
TX-00703,CO-0103,2024-10-07,online,18516.41
TX-00704,CO-0104,2024-01-01,online,27483.23
TX-00705,CO-0105,2024-11-20,app_movil,47112.24
TX-00706,CO-0106,2023-12-08,online,171.17
TX-00707,CO-0107,2023-06-14,ATM,34294.43
TX-00708,CO-0108,2023-12-01,ATM,19459.78
TX-00709,CO-0109,2023-06-11,transferencia,49548.97
TX-00710,CO-0110,2024-03-09,POS,20493.32
TX-00711,CO-0111,2023-11-10,ATM,21764.59
TX-00712,CO-0112,2024-01-05,transferencia,9835.33
TX-00713,CO-0113,2023-08-18,app_movil,21623.28
TX-00714,CO-0114,2023-04-19,online,13916.89
TX-00715,CO-0115,2023-07-17,POS,5593.7
TX-00716,CO-0116,2023-06-27,POS,23542.1
TX-00717,CO-0117,2023-12-24,POS,30325.84
TX-00718,CO-0118,2023-08-02,app_movil,25486.14
TX-00719,CO-0119,2023-11-12,POS,10795.79
TX-00720,CO-0120,2023-07-02,ATM,14989.59
TX-00721,CO-0121,2023-04-11,ATM,31179.65
TX-00722,CO-0122,2024-09-17,transferencia,17629.39
TX-00723,CO-0123,2024-03-06,ATM,42354.03
TX-00724,CO-0124,2024-04-18,POS,7792.93
TX-00725,CO-0125,2023-03-26,online,17450.43
TX-00726,CO-0126,2023-03-02,ATM,40681.93
TX-00727,CO-0127,2024-08-16,app_movil,21641.34
TX-00728,CO-0128,2023-08-01,online,27885.64
TX-00729,CO-0129,2023-11-04,online,26499.76
TX-00730,CO-0130,2024-10-07,ATM,31394.14
TX-00731,CO-0131,2024-04-04,POS,8973.74
TX-00732,CO-0132,2023-03-18,POS,28776.99
TX-00733,CO-0133,2024-03-10,online,9901.41
TX-00734,CO-0134,2024-06-07,online,38703.53
TX-00735,CO-0135,2024-12-25,transferencia,23073.74
TX-00736,CO-0136,2024-08-31,transferencia,41607.39
TX-00737,CO-0137,2024-05-14,app_movil,8295.42
TX-00738,CO-0138,2023-10-29,app_movil,4182.42
TX-00739,CO-0139,2024-09-27,ATM,18863.95
TX-00740,CO-0140,2024-05-12,online,37185.35
TX-00741,CO-0141,2023-03-21,POS,1019.18
TX-00742,CO-0142,2024-09-01,POS,3462.37
TX-00743,CO-0143,2023-07-04,ATM,2820.89
TX-00744,CO-0144,2023-08-16,POS,31019.99
TX-00745,CO-0145,2023-03-06,transferencia,18507.88
TX-00746,CO-0146,2024-02-10,online,15114.12
TX-00747,CO-0147,2024-12-12,POS,23862.71
TX-00748,CO-0148,2023-04-05,app_movil,28365.69
TX-00749,CO-0149,2023-01-07,POS,49946.31
TX-00750,CO-0150,2023-08-30,app_movil,22662.68
TX-00751,CO-0151,2023-01-06,POS,42074.56
TX-00752,CO-0152,2024-07-18,app_movil,3846.69
TX-00753,CO-0153,2023-09-25,ATM,33866.59
TX-00754,CO-0154,2023-10-04,ATM,19069.59
TX-00755,CO-0155,2024-10-27,app_movil,8561.83
TX-00756,CO-0156,2023-02-12,online,17076.16
TX-00757,CO-0157,2023-02-03,transferencia,42672.33
TX-00758,CO-0158,2023-03-13,online,12128.74
TX-00759,CO-0159,2023-06-04,transferencia,20328.16
TX-00760,CO-0160,2024-09-13,online,49834.53
TX-00761,CO-0161,2023-12-07,online,42135.55
TX-00762,CO-0162,2023-11-14,POS,8465.36
TX-00763,CO-0163,2024-11-09,app_movil,43837.6
TX-00764,CO-0164,2023-12-12,POS,38006.47
TX-00765,CO-0165,2023-04-22,ATM,38861.01
TX-00766,CO-0166,2024-07-23,POS,2785.28
TX-00767,CO-0167,2023-02-13,online,45525.3
TX-00768,CO-0168,2023-11-30,transferencia,42515.39
TX-00769,CO-0169,2023-10-13,online,45116.4
TX-00770,CO-0170,2024-05-20,online,37438.51
TX-00771,CO-0171,2023-02-14,POS,17333.96
TX-00772,CO-0172,2023-07-01,transferencia,20758.4
TX-00773,CO-0173,2023-09-18,app_movil,14672.78
TX-00774,CO-0174,2023-01-06,POS,7501.88
TX-00775,CO-0175,2023-02-15,POS,32672.53
TX-00776,CO-0176,2024-04-28,ATM,18003.76
TX-00777,CO-0177,2023-04-18,app_movil,20561.71
TX-00778,CO-0178,2023-01-30,app_movil,16129.08
TX-00779,CO-0179,2023-04-24,app_movil,37891.07
TX-00780,CO-0180,2024-07-20,POS,45630.35
TX-00781,CO-0181,2023-04-16,online,22833.11
TX-00782,CO-0182,2024-05-14,app_movil,21679.1
TX-00783,CO-0183,2023-08-27,ATM,27666.15
TX-00784,CO-0184,2023-06-04,POS,29597.58
TX-00785,CO-0185,2024-05-11,ATM,18183.55
TX-00786,CO-0186,2023-02-25,app_movil,39259.43
TX-00787,CO-0187,2023-10-02,POS,29654.5
TX-00788,CO-0188,2024-06-30,app_movil,36728.37
TX-00789,CO-0189,2023-12-17,ATM,38712.67
TX-00790,CO-0190,2023-01-15,ATM,4810.87
TX-00791,CO-0191,2023-02-09,online,41191.89
TX-00792,CO-0192,2024-10-31,ATM,2372.8
TX-00793,CO-0193,2024-09-25,ATM,46354.63
TX-00794,CO-0194,2024-01-23,POS,21911.2
TX-00795,CO-0195,2023-12-22,ATM,20299.41
TX-00796,CO-0196,2023-02-25,ATM,42795.48
TX-00797,CO-0197,2023-05-28,app_movil,24413.95
TX-00798,CO-0198,2024-07-16,online,17985.75
TX-00799,CO-0199,2024-07-26,online,30630.47
TX-00800,CO-0200,2024-07-02,transferencia,45569.05
TX-00801,CO-0201,2024-03-23,POS,31989.7
TX-00802,CO-0202,2024-07-31,online,42583.99
TX-00803,CO-0203,2024-12-19,online,3108.26
TX-00804,CO-0204,2024-10-05,transferencia,34818.68
TX-00805,CO-0205,2024-01-17,transferencia,12256.36
TX-00806,CO-0206,2024-10-12,app_movil,48876.59
TX-00807,CO-0207,2023-01-16,ATM,13147.6
TX-00808,CO-0208,2024-01-13,ATM,21278.39
TX-00809,CO-0209,2023-02-21,POS,46057.4
TX-00810,CO-0210,2023-12-03,transferencia,45778.69
TX-00811,CO-0211,2023-07-04,transferencia,27101.54
TX-00812,CO-0212,2023-01-03,transferencia,25073.66
TX-00813,CO-0213,2023-05-24,ATM,18528.86
TX-00814,CO-0214,2023-12-04,online,5862.15
TX-00815,CO-0215,2024-11-19,app_movil,25512.14
TX-00816,CO-0216,2024-09-29,online,10421.12
TX-00817,CO-0217,2024-01-03,online,25648.97
TX-00818,CO-0218,2023-01-04,POS,46816.71
TX-00819,CO-0219,2024-08-17,online,16567.72
TX-00820,CO-0220,2024-10-01,ATM,20364.22
TX-00821,CO-0221,2024-06-07,transferencia,22409.19
TX-00822,CO-0222,2023-07-02,transferencia,33722.52
TX-00823,CO-0223,2024-02-26,POS,20644.68
TX-00824,CO-0224,2023-07-30,online,10187.25
TX-00825,CO-0225,2023-03-13,ATM,15653.76
TX-00826,CO-0226,2023-08-01,online,21539.66
TX-00827,CO-0227,2023-11-19,ATM,32892.79
TX-00828,CO-0228,2024-07-19,online,47616.76
TX-00829,CO-0229,2023-04-22,transferencia,15987.53
TX-00830,CO-0230,2024-07-17,POS,22392.84
TX-00831,CO-0231,2023-05-12,ATM,37985.14
TX-00832,CO-0232,2024-12-09,ATM,40648.7
TX-00833,CO-0233,2023-05-29,transferencia,213.33
TX-00834,CO-0234,2023-01-06,ATM,817.57
TX-00835,CO-0235,2024-03-15,transferencia,46444.57
TX-00836,CO-0236,2023-02-13,app_movil,7650.07
TX-00837,CO-0237,2024-03-12,transferencia,20929.06
TX-00838,CO-0238,2023-03-01,ATM,9684.67
TX-00839,CO-0239,2023-02-14,ATM,9503.46
TX-00840,CO-0240,2024-04-20,transferencia,8494.59
TX-00841,CO-0241,2023-05-22,transferencia,46110.38
TX-00842,CO-0242,2024-06-24,app_movil,20194.21
TX-00843,CO-0243,2024-08-10,POS,27226.7
TX-00844,CO-0244,2024-06-20,app_movil,34049.82
TX-00845,CO-0245,2023-06-17,POS,36348.34
TX-00846,CO-0246,2023-01-24,app_movil,25183.99
TX-00847,CO-0247,2023-10-20,transferencia,7847.57
TX-00848,CO-0248,2023-08-11,app_movil,22148.86
TX-00849,CO-0249,2023-01-05,ATM,27942.65
TX-00850,CO-0250,2024-04-11,online,45417.35
TX-00851,CO-0251,2023-09-19,online,12341.71
TX-00852,CO-0252,2024-02-01,app_movil,31723.73
TX-00853,CO-0253,2024-12-21,transferencia,1487.33
TX-00854,CO-0254,2024-08-14,online,30295.97
TX-00855,CO-0255,2024-07-23,POS,24940.01
TX-00856,CO-0256,2024-12-23,ATM,38799.31
TX-00857,CO-0257,2024-06-22,ATM,36750.29
TX-00858,CO-0258,2023-11-24,POS,39328.11
TX-00859,CO-0259,2023-10-18,app_movil,35723.12
TX-00860,CO-0260,2023-10-04,online,49109.42
TX-00861,CO-0261,2023-04-24,online,9827.7
TX-00862,CO-0262,2023-12-27,ATM,40361.94
TX-00863,CO-0263,2023-11-13,app_movil,1610.98
TX-00864,CO-0264,2023-04-28,app_movil,44845.0
TX-00865,CO-0265,2024-09-21,app_movil,5851.04
TX-00866,CO-0266,2023-11-20,app_movil,31560.05
TX-00867,CO-0267,2024-02-16,online,39414.54
TX-00868,CO-0268,2023-06-15,transferencia,49698.85
TX-00869,CO-0269,2023-01-25,online,21678.4
TX-00870,CO-0270,2023-08-27,transferencia,21920.27
TX-00871,CO-0271,2023-07-27,ATM,6756.58
TX-00872,CO-0272,2023-09-16,ATM,17913.99
TX-00873,CO-0273,2024-03-17,ATM,20619.87
TX-00874,CO-0274,2024-10-18,app_movil,24866.91
TX-00875,CO-0275,2023-03-23,ATM,32594.64
TX-00876,CO-0276,2024-01-10,ATM,11598.41
TX-00877,CO-0277,2024-02-27,POS,41097.91
TX-00878,CO-0278,2023-03-19,POS,39970.84
TX-00879,CO-0279,2023-04-19,POS,2357.37
TX-00880,CO-0280,2023-11-15,transferencia,15452.19
TX-00881,CO-0281,2023-10-03,POS,44255.42
TX-00882,CO-0282,2024-10-28,app_movil,14912.81
TX-00883,CO-0283,2023-05-14,online,41069.01
TX-00884,CO-0284,2023-07-22,app_movil,46533.2
TX-00885,CO-0285,2024-02-14,app_movil,18682.08
TX-00886,CO-0286,2024-11-26,app_movil,31363.64
TX-00887,CO-0287,2023-09-16,app_movil,10677.82
TX-00888,CO-0288,2023-06-01,POS,13494.03
TX-00889,CO-0289,2024-08-12,online,15512.47
TX-00890,CO-0290,2023-12-31,app_movil,34293.89
TX-00891,CO-0291,2024-11-19,online,44439.34
TX-00892,CO-0292,2024-01-18,app_movil,7856.55
TX-00893,CO-0293,2023-12-18,transferencia,36061.68
TX-00894,CO-0294,2023-07-11,online,46600.35
TX-00895,CO-0295,2024-06-26,online,48113.41
TX-00896,CO-0296,2023-10-08,POS,19974.32
TX-00897,CO-0297,2023-05-18,ATM,48310.26
TX-00898,CO-0298,2023-10-22,online,32171.95
TX-00899,CO-0299,2024-06-21,online,33958.47
TX-00900,CO-0300,2024-04-28,online,2699.09
TX-00901,CO-0001,2024-09-27,app_movil,13704.65
TX-00902,CO-0002,2023-01-11,online,28150.39
TX-00903,CO-0003,2023-10-26,transferencia,22120.2
TX-00904,CO-0004,2023-03-09,ATM,28500.23
TX-00905,CO-0005,2023-12-31,ATM,6341.1
TX-00906,CO-0006,2024-08-29,POS,14216.45
TX-00907,CO-0007,2023-04-01,app_movil,28653.08
TX-00908,CO-0008,2023-12-26,ATM,33930.55
TX-00909,CO-0009,2023-09-29,ATM,14348.2
TX-00910,CO-0010,2024-10-29,transferencia,20726.05
TX-00911,CO-0011,2023-11-27,transferencia,14630.05
TX-00912,CO-0012,2024-04-28,online,30972.68
TX-00913,CO-0013,2023-03-15,ATM,31862.38
TX-00914,CO-0014,2023-11-24,POS,25548.17
TX-00915,CO-0015,2024-04-20,transferencia,10878.3
TX-00916,CO-0016,2024-03-30,POS,42788.14
TX-00917,CO-0017,2023-05-14,POS,20115.01
TX-00918,CO-0018,2024-12-31,app_movil,46584.43
TX-00919,CO-0019,2024-05-22,online,7654.6
TX-00920,CO-0020,2024-09-28,app_movil,24068.36
TX-00921,CO-0021,2023-12-03,transferencia,24736.65
TX-00922,CO-0022,2023-07-19,transferencia,41791.78
TX-00923,CO-0023,2023-04-21,online,13862.76
TX-00924,CO-0024,2024-04-08,ATM,45724.88
TX-00925,CO-0025,2024-09-11,ATM,40430.58
TX-00926,CO-0026,2024-08-14,online,15790.82
TX-00927,CO-0027,2024-05-20,app_movil,41560.41
TX-00928,CO-0028,2023-03-14,ATM,48059.63
TX-00929,CO-0029,2023-08-07,ATM,39651.01
TX-00930,CO-0030,2024-03-09,app_movil,30816.88
TX-00931,CO-0031,2023-01-21,POS,5636.85
TX-00932,CO-0032,2024-09-17,transferencia,15391.53
TX-00933,CO-0033,2024-04-20,transferencia,45763.16
TX-00934,CO-0034,2024-10-29,ATM,11372.97
TX-00935,CO-0035,2023-08-09,transferencia,149.79
TX-00936,CO-0036,2024-04-23,ATM,36511.93
TX-00937,CO-0037,2024-01-30,app_movil,33779.4
TX-00938,CO-0038,2023-11-21,transferencia,30554.97
TX-00939,CO-0039,2023-07-31,online,33420.0
TX-00940,CO-0040,2024-09-09,POS,16265.33
TX-00941,CO-0041,2023-10-02,online,32710.43
TX-00942,CO-0042,2023-11-20,transferencia,32991.38
TX-00943,CO-0043,2024-11-16,app_movil,31653.42
TX-00944,CO-0044,2024-05-19,transferencia,41435.65
TX-00945,CO-0045,2024-02-28,app_movil,33291.53
TX-00946,CO-0046,2024-07-08,POS,33698.58
TX-00947,CO-0047,2023-04-02,POS,46885.57
TX-00948,CO-0048,2023-04-18,POS,17762.86
TX-00949,CO-0049,2024-02-17,POS,20415.02
TX-00950,CO-0050,2023-10-04,POS,16651.38
TX-00951,CO-0051,2024-01-16,POS,19616.65
TX-00952,CO-0052,2024-10-19,app_movil,20968.47
TX-00953,CO-0053,2024-08-25,app_movil,36258.62
TX-00954,CO-0054,2024-03-19,POS,16884.74
TX-00955,CO-0055,2024-09-18,ATM,12190.7
TX-00956,CO-0056,2024-05-11,ATM,15537.83
TX-00957,CO-0057,2024-04-18,app_movil,11022.86
TX-00958,CO-0058,2023-01-01,online,27163.18
TX-00959,CO-0059,2023-03-05,app_movil,28943.28
TX-00960,CO-0060,2023-02-21,POS,5586.54
TX-00961,CO-0061,2024-04-15,POS,21678.92
TX-00962,CO-0062,2024-08-10,POS,23011.46
TX-00963,CO-0063,2024-08-31,app_movil,10144.56
TX-00964,CO-0064,2024-02-01,POS,46505.0
TX-00965,CO-0065,2023-06-02,transferencia,41371.59
TX-00966,CO-0066,2024-07-08,transferencia,37550.45
TX-00967,CO-0067,2024-05-31,transferencia,25426.95
TX-00968,CO-0068,2024-02-06,transferencia,49310.62
TX-00969,CO-0069,2023-07-11,app_movil,46030.63
TX-00970,CO-0070,2023-03-08,POS,35654.35
TX-00971,CO-0071,2023-01-17,online,49399.62
TX-00972,CO-0072,2023-06-05,ATM,22621.86
TX-00973,CO-0073,2024-06-18,online,22309.43
TX-00974,CO-0074,2023-10-28,ATM,9133.72
TX-00975,CO-0075,2023-05-02,transferencia,41494.54
TX-00976,CO-0076,2024-11-17,online,28399.26
TX-00977,CO-0077,2023-08-30,online,20421.58
TX-00978,CO-0078,2024-09-17,ATM,44100.51
TX-00979,CO-0079,2024-08-17,POS,12073.03
TX-00980,CO-0080,2024-03-18,app_movil,2417.47
TX-00981,CO-0081,2024-07-13,POS,34120.87
TX-00982,CO-0082,2023-06-09,ATM,12755.41
TX-00983,CO-0083,2023-06-14,POS,48870.15
TX-00984,CO-0084,2024-03-12,POS,25031.64
TX-00985,CO-0085,2023-10-26,transferencia,44628.03
TX-00986,CO-0086,2023-04-16,app_movil,19443.07
TX-00987,CO-0087,2023-01-03,transferencia,8167.98
TX-00988,CO-0088,2023-12-19,POS,37021.56
TX-00989,CO-0089,2024-05-06,POS,31157.58
TX-00990,CO-0090,2023-10-19,online,24213.29
TX-00991,CO-0091,2024-06-16,ATM,18281.36
TX-00992,CO-0092,2023-07-02,transferencia,30446.98
TX-00993,CO-0093,2023-04-13,app_movil,13205.78
TX-00994,CO-0094,2023-07-05,online,46610.86
TX-00995,CO-0095,2024-02-18,POS,511.02
TX-00996,CO-0096,2024-05-12,ATM,22158.9
TX-00997,CO-0097,2024-11-26,online,15304.14
TX-00998,CO-0098,2024-01-15,transferencia,37179.42
TX-00999,CO-0099,2024-10-10,ATM,12059.68
TX-01000,CO-0100,2023-10-11,online,20275.94
TX-01001,CO-0101,2024-01-07,POS,31131.99
TX-01002,CO-0102,2024-05-31,ATM,18087.18
TX-01003,CO-0103,2023-06-20,POS,15987.63
TX-01004,CO-0104,2023-09-15,ATM,13945.21
TX-01005,CO-0105,2024-05-09,transferencia,39886.06
TX-01006,CO-0106,2024-05-17,app_movil,27589.88
TX-01007,CO-0107,2024-12-08,POS,35475.79
TX-01008,CO-0108,2023-06-24,POS,39098.46
TX-01009,CO-0109,2023-07-11,transferencia,25974.4
TX-01010,CO-0110,2024-04-07,ATM,9471.84
TX-01011,CO-0111,2024-06-02,ATM,31993.33
TX-01012,CO-0112,2024-07-05,transferencia,18365.84
TX-01013,CO-0113,2024-02-23,ATM,33223.0
TX-01014,CO-0114,2023-05-19,POS,18510.92
TX-01015,CO-0115,2023-10-20,ATM,38351.21
TX-01016,CO-0116,2024-07-11,online,42560.69
TX-01017,CO-0117,2024-03-26,app_movil,11826.12
TX-01018,CO-0118,2024-12-07,POS,1560.92
TX-01019,CO-0119,2024-07-17,ATM,46752.17
TX-01020,CO-0120,2023-08-17,ATM,39143.23
TX-01021,CO-0121,2024-01-08,online,34399.76
TX-01022,CO-0122,2023-12-07,app_movil,40323.73
TX-01023,CO-0123,2024-07-08,ATM,7668.06
TX-01024,CO-0124,2023-05-15,app_movil,33833.59
TX-01025,CO-0125,2024-07-26,transferencia,22383.93
TX-01026,CO-0126,2024-10-29,app_movil,29635.14
TX-01027,CO-0127,2024-11-04,POS,47558.86
TX-01028,CO-0128,2024-01-26,ATM,7053.07
TX-01029,CO-0129,2023-07-09,app_movil,15313.38
TX-01030,CO-0130,2024-10-28,POS,12280.87
TX-01031,CO-0131,2024-10-28,transferencia,32570.55
TX-01032,CO-0132,2024-09-20,POS,29067.71
TX-01033,CO-0133,2024-09-21,ATM,26439.61
TX-01034,CO-0134,2024-06-15,transferencia,37987.19
TX-01035,CO-0135,2023-10-17,POS,23024.89
TX-01036,CO-0136,2023-09-08,ATM,20018.7
TX-01037,CO-0137,2024-07-25,transferencia,16691.36
TX-01038,CO-0138,2024-05-14,online,40112.89
TX-01039,CO-0139,2024-12-28,ATM,42945.57
TX-01040,CO-0140,2023-08-18,ATM,39069.11
TX-01041,CO-0141,2023-02-26,POS,46112.53
TX-01042,CO-0142,2024-08-28,online,12042.13
TX-01043,CO-0143,2023-09-25,online,25635.56
TX-01044,CO-0144,2024-04-28,POS,40538.65
TX-01045,CO-0145,2024-01-31,ATM,6160.9
TX-01046,CO-0146,2024-12-03,POS,2872.52
TX-01047,CO-0147,2023-01-18,transferencia,22394.03
TX-01048,CO-0148,2024-07-18,app_movil,26298.88
TX-01049,CO-0149,2023-08-12,transferencia,1218.55
TX-01050,CO-0150,2023-06-21,online,43275.98
TX-01051,CO-0151,2023-12-19,transferencia,494.1
TX-01052,CO-0152,2023-07-05,POS,30102.3
TX-01053,CO-0153,2024-10-29,ATM,9756.47
TX-01054,CO-0154,2024-08-02,POS,1504.66
TX-01055,CO-0155,2023-03-18,POS,15593.69
TX-01056,CO-0156,2023-08-30,app_movil,43266.65
TX-01057,CO-0157,2023-06-10,app_movil,44725.22
TX-01058,CO-0158,2023-07-29,transferencia,369.96
TX-01059,CO-0159,2024-02-16,ATM,1370.85
TX-01060,CO-0160,2024-08-13,POS,15622.34
TX-01061,CO-0161,2023-12-13,POS,33280.46
TX-01062,CO-0162,2023-07-27,POS,19796.34
TX-01063,CO-0163,2024-05-04,ATM,48773.45
TX-01064,CO-0164,2023-08-31,app_movil,16878.32
TX-01065,CO-0165,2024-01-06,ATM,49015.25
TX-01066,CO-0166,2024-05-31,POS,16011.03
TX-01067,CO-0167,2023-05-26,transferencia,5107.56
TX-01068,CO-0168,2024-06-15,POS,15510.9
TX-01069,CO-0169,2023-01-19,online,48254.76
TX-01070,CO-0170,2024-11-22,online,25548.45
TX-01071,CO-0171,2023-04-11,online,8075.22
TX-01072,CO-0172,2024-01-20,ATM,119.51
TX-01073,CO-0173,2023-01-17,transferencia,358.22
TX-01074,CO-0174,2023-12-18,online,22827.31
TX-01075,CO-0175,2023-12-29,app_movil,23663.29
TX-01076,CO-0176,2023-05-29,app_movil,7982.9
TX-01077,CO-0177,2024-11-21,online,36671.09
TX-01078,CO-0178,2023-06-18,transferencia,24956.86
TX-01079,CO-0179,2023-01-31,transferencia,4025.84
TX-01080,CO-0180,2024-01-21,online,14222.42
TX-01081,CO-0181,2024-04-25,ATM,48191.54
TX-01082,CO-0182,2023-10-31,online,10901.96
TX-01083,CO-0183,2024-10-05,transferencia,2496.53
TX-01084,CO-0184,2023-07-20,transferencia,15257.46
TX-01085,CO-0185,2024-12-05,online,40574.41
TX-01086,CO-0186,2024-09-16,POS,47697.21
TX-01087,CO-0187,2024-06-18,online,2843.76
TX-01088,CO-0188,2023-07-22,app_movil,7551.92
TX-01089,CO-0189,2023-01-14,app_movil,39219.77
TX-01090,CO-0190,2023-03-24,online,33040.49
TX-01091,CO-0191,2024-08-12,ATM,27304.02
TX-01092,CO-0192,2024-02-02,online,1588.7
TX-01093,CO-0193,2023-06-18,online,13415.42
TX-01094,CO-0194,2024-09-17,ATM,37759.58
TX-01095,CO-0195,2024-07-10,POS,38044.41
TX-01096,CO-0196,2023-05-20,online,47611.64
TX-01097,CO-0197,2024-05-06,online,20445.57
TX-01098,CO-0198,2023-02-18,online,8486.96
TX-01099,CO-0199,2023-11-10,POS,43347.89
TX-01100,CO-0200,2023-01-16,ATM,23430.67
TX-01101,CO-0201,2023-05-28,transferencia,5999.1
TX-01102,CO-0202,2024-11-23,POS,11928.48
TX-01103,CO-0203,2024-11-19,ATM,12313.28
TX-01104,CO-0204,2023-05-06,online,5899.86
TX-01105,CO-0205,2023-07-10,transferencia,38949.82
TX-01106,CO-0206,2024-03-19,POS,9746.14
TX-01107,CO-0207,2023-08-21,transferencia,40594.65
TX-01108,CO-0208,2024-05-01,POS,21543.99
TX-01109,CO-0209,2023-05-06,POS,43254.64
TX-01110,CO-0210,2023-02-05,app_movil,28936.19
TX-01111,CO-0211,2023-10-12,online,46810.98
TX-01112,CO-0212,2024-04-10,POS,12369.21
TX-01113,CO-0213,2024-12-09,online,5831.15
TX-01114,CO-0214,2024-09-14,online,24772.0
TX-01115,CO-0215,2024-02-23,transferencia,9011.02
TX-01116,CO-0216,2023-02-13,online,24456.48
TX-01117,CO-0217,2023-11-25,POS,20459.44
TX-01118,CO-0218,2023-11-12,online,34264.54
TX-01119,CO-0219,2024-06-03,ATM,47466.75
TX-01120,CO-0220,2024-10-04,app_movil,46631.04
TX-01121,CO-0221,2023-07-10,POS,34038.6
TX-01122,CO-0222,2023-08-09,app_movil,36447.03
TX-01123,CO-0223,2023-09-27,ATM,26281.33
TX-01124,CO-0224,2024-03-23,app_movil,5974.79
TX-01125,CO-0225,2023-10-21,POS,37024.92
TX-01126,CO-0226,2024-05-08,ATM,23068.55
TX-01127,CO-0227,2023-11-28,online,14035.72
TX-01128,CO-0228,2023-04-11,app_movil,3219.91
TX-01129,CO-0229,2023-08-25,transferencia,20232.2
TX-01130,CO-0230,2024-07-15,transferencia,13434.03
TX-01131,CO-0231,2023-04-17,online,25360.05
TX-01132,CO-0232,2023-09-28,transferencia,44502.97
TX-01133,CO-0233,2023-10-19,POS,6501.67
TX-01134,CO-0234,2023-07-30,ATM,3289.44
TX-01135,CO-0235,2024-03-20,transferencia,10884.33
TX-01136,CO-0236,2023-03-29,ATM,4693.5
TX-01137,CO-0237,2023-01-08,transferencia,10079.12
TX-01138,CO-0238,2023-08-24,POS,26237.62
TX-01139,CO-0239,2023-09-19,app_movil,24509.26
TX-01140,CO-0240,2023-07-28,app_movil,40496.41
TX-01141,CO-0241,2024-12-13,ATM,24374.24
TX-01142,CO-0242,2024-11-05,online,44904.67
TX-01143,CO-0243,2023-06-29,transferencia,1718.57
TX-01144,CO-0244,2023-09-08,app_movil,32586.66
TX-01145,CO-0245,2023-01-14,app_movil,22759.28
TX-01146,CO-0246,2024-12-08,POS,8001.61
TX-01147,CO-0247,2023-09-12,POS,34744.77
TX-01148,CO-0248,2024-11-16,POS,26558.98
TX-01149,CO-0249,2024-10-11,transferencia,27006.94
TX-01150,CO-0250,2024-10-23,ATM,39359.49
TX-01151,CO-0251,2023-11-21,transferencia,12503.88
TX-01152,CO-0252,2023-06-28,ATM,47321.64
TX-01153,CO-0253,2024-11-26,transferencia,4965.66
TX-01154,CO-0254,2024-12-12,ATM,49670.01
TX-01155,CO-0255,2023-02-08,transferencia,19291.94
TX-01156,CO-0256,2023-01-01,POS,28072.37
TX-01157,CO-0257,2023-07-26,ATM,49360.98
TX-01158,CO-0258,2024-02-17,app_movil,25194.51
TX-01159,CO-0259,2024-05-06,transferencia,35134.75
TX-01160,CO-0260,2024-03-01,app_movil,1276.44
TX-01161,CO-0261,2023-09-03,online,3322.71
TX-01162,CO-0262,2024-04-30,POS,17993.09
TX-01163,CO-0263,2024-03-01,online,10973.02
TX-01164,CO-0264,2024-01-16,app_movil,41716.75
TX-01165,CO-0265,2023-12-17,transferencia,17683.74
TX-01166,CO-0266,2024-12-05,transferencia,28147.3
TX-01167,CO-0267,2024-11-28,app_movil,26790.8
TX-01168,CO-0268,2024-07-08,ATM,14588.94
TX-01169,CO-0269,2023-05-14,transferencia,1886.2
TX-01170,CO-0270,2023-03-05,online,24831.63
TX-01171,CO-0271,2024-08-24,ATM,16650.0
TX-01172,CO-0272,2023-08-28,POS,178.35
TX-01173,CO-0273,2023-08-17,ATM,14594.71
TX-01174,CO-0274,2023-09-19,POS,10701.4
TX-01175,CO-0275,2024-01-20,transferencia,25630.25
TX-01176,CO-0276,2024-08-30,app_movil,30739.79
TX-01177,CO-0277,2023-07-31,transferencia,31236.03
TX-01178,CO-0278,2024-04-27,online,8331.73
TX-01179,CO-0279,2024-02-18,online,3307.3
TX-01180,CO-0280,2023-08-06,app_movil,26076.15
TX-01181,CO-0281,2024-05-22,POS,45330.31
TX-01182,CO-0282,2023-12-12,app_movil,43573.71
TX-01183,CO-0283,2024-02-19,online,2549.16
TX-01184,CO-0284,2024-11-21,app_movil,20406.93
TX-01185,CO-0285,2023-01-22,POS,18929.53
TX-01186,CO-0286,2024-12-20,online,30045.3
TX-01187,CO-0287,2024-02-01,ATM,37959.77
TX-01188,CO-0288,2023-01-18,online,13150.23
TX-01189,CO-0289,2023-07-19,ATM,1079.66
TX-01190,CO-0290,2024-03-21,online,35224.44
TX-01191,CO-0291,2024-12-02,transferencia,39071.89
TX-01192,CO-0292,2023-04-21,transferencia,1819.5
TX-01193,CO-0293,2023-09-24,ATM,26326.87
TX-01194,CO-0294,2023-09-04,app_movil,45392.14
TX-01195,CO-0295,2024-09-13,ATM,32751.18
TX-01196,CO-0296,2023-03-13,online,10780.28
TX-01197,CO-0297,2024-03-26,online,16183.87
TX-01198,CO-0298,2024-02-15,POS,9285.09
TX-01199,CO-0299,2023-08-03,ATM,19085.69
TX-01200,CO-0300,2023-03-17,transferencia,22108.6
TX-01201,CO-0001,2024-02-13,POS,4961.19
TX-01202,CO-0002,2024-08-16,app_movil,18069.94
TX-01203,CO-0003,2024-01-28,ATM,43515.12
TX-01204,CO-0004,2024-04-07,app_movil,15687.25
TX-01205,CO-0005,2023-09-28,POS,15293.88
TX-01206,CO-0006,2023-11-02,transferencia,13898.74
TX-01207,CO-0007,2023-10-13,transferencia,20190.08
TX-01208,CO-0008,2024-07-13,app_movil,13484.11
TX-01209,CO-0009,2023-01-09,transferencia,30130.16
TX-01210,CO-0010,2023-11-01,ATM,45646.47
TX-01211,CO-0011,2024-09-30,POS,36244.43
TX-01212,CO-0012,2023-07-10,online,23328.58
TX-01213,CO-0013,2023-06-04,online,17186.05
TX-01214,CO-0014,2024-10-26,transferencia,12634.72
TX-01215,CO-0015,2023-04-03,POS,15887.11
TX-01216,CO-0016,2023-09-02,online,39894.37
TX-01217,CO-0017,2024-06-19,POS,15714.16
TX-01218,CO-0018,2024-01-17,POS,32612.19
TX-01219,CO-0019,2023-07-15,app_movil,1479.85
TX-01220,CO-0020,2023-11-27,transferencia,8675.4
TX-01221,CO-0021,2024-11-23,app_movil,38580.61
TX-01222,CO-0022,2024-02-17,app_movil,3361.76
TX-01223,CO-0023,2023-08-27,transferencia,3509.39
TX-01224,CO-0024,2023-07-22,transferencia,12097.09
TX-01225,CO-0025,2023-01-28,transferencia,21074.74
TX-01226,CO-0026,2023-02-01,online,24330.69
TX-01227,CO-0027,2024-07-30,online,40858.12
TX-01228,CO-0028,2023-06-24,POS,23259.22
TX-01229,CO-0029,2024-06-27,POS,8839.9
TX-01230,CO-0030,2023-01-25,ATM,467.5
TX-01231,CO-0031,2024-01-30,POS,12312.3
TX-01232,CO-0032,2024-03-04,app_movil,21321.55
TX-01233,CO-0033,2023-07-12,transferencia,43828.96
TX-01234,CO-0034,2023-05-06,online,47480.26
TX-01235,CO-0035,2024-04-18,online,40078.17
TX-01236,CO-0036,2024-05-06,POS,40541.58
TX-01237,CO-0037,2023-12-03,ATM,11317.75
TX-01238,CO-0038,2023-10-02,ATM,4693.02
TX-01239,CO-0039,2024-11-15,app_movil,20714.31
TX-01240,CO-0040,2023-10-16,online,36570.57
TX-01241,CO-0041,2024-05-13,online,31819.42
TX-01242,CO-0042,2024-10-11,online,10605.4
TX-01243,CO-0043,2023-03-07,online,21480.12
TX-01244,CO-0044,2024-02-26,transferencia,36873.99
TX-01245,CO-0045,2024-09-08,online,2599.47
TX-01246,CO-0046,2023-11-04,transferencia,5735.04
TX-01247,CO-0047,2023-07-04,online,13114.83
TX-01248,CO-0048,2024-10-24,transferencia,43176.31
TX-01249,CO-0049,2024-12-29,ATM,14193.44
TX-01250,CO-0050,2023-02-14,ATM,38237.25
TX-01251,CO-0051,2024-01-19,transferencia,15871.42
TX-01252,CO-0052,2023-12-21,ATM,13029.22
TX-01253,CO-0053,2023-05-15,app_movil,17572.55
TX-01254,CO-0054,2023-12-24,app_movil,4794.61
TX-01255,CO-0055,2023-01-02,app_movil,16416.52
TX-01256,CO-0056,2024-09-02,app_movil,11402.74
TX-01257,CO-0057,2023-11-25,ATM,831.0
TX-01258,CO-0058,2023-04-21,ATM,37711.94
TX-01259,CO-0059,2023-12-17,transferencia,12154.39
TX-01260,CO-0060,2024-10-11,POS,37952.71
TX-01261,CO-0061,2023-05-26,transferencia,43997.78
TX-01262,CO-0062,2024-01-27,online,17316.13
TX-01263,CO-0063,2023-12-20,app_movil,19234.23
TX-01264,CO-0064,2024-09-08,ATM,29718.98
TX-01265,CO-0065,2023-03-23,POS,34105.11
TX-01266,CO-0066,2023-07-11,app_movil,22000.15
TX-01267,CO-0067,2023-12-15,POS,42325.63
TX-01268,CO-0068,2024-11-29,app_movil,9936.86
TX-01269,CO-0069,2024-08-25,app_movil,31561.82
TX-01270,CO-0070,2023-12-16,POS,37686.7
TX-01271,CO-0071,2023-08-03,app_movil,23393.22
TX-01272,CO-0072,2024-01-01,transferencia,25383.64
TX-01273,CO-0073,2024-11-11,transferencia,43535.53
TX-01274,CO-0074,2024-08-22,ATM,12611.64
TX-01275,CO-0075,2024-02-13,ATM,1053.28
TX-01276,CO-0076,2023-02-12,app_movil,30697.74
TX-01277,CO-0077,2023-08-30,online,34106.53
TX-01278,CO-0078,2024-11-19,transferencia,31210.89
TX-01279,CO-0079,2023-07-04,ATM,24419.98
TX-01280,CO-0080,2023-05-09,transferencia,12641.21
TX-01281,CO-0081,2023-10-09,app_movil,33117.74
TX-01282,CO-0082,2024-03-29,transferencia,17334.92
TX-01283,CO-0083,2024-12-02,POS,12405.77
TX-01284,CO-0084,2023-03-23,POS,36828.16
TX-01285,CO-0085,2024-08-05,POS,7925.32
TX-01286,CO-0086,2024-01-28,app_movil,3482.58
TX-01287,CO-0087,2023-10-31,POS,18895.66
TX-01288,CO-0088,2023-11-04,app_movil,10620.87
TX-01289,CO-0089,2023-02-19,app_movil,1916.46
TX-01290,CO-0090,2024-06-25,ATM,45395.28
TX-01291,CO-0091,2023-02-10,online,27173.76
TX-01292,CO-0092,2024-04-27,POS,33038.54
TX-01293,CO-0093,2023-03-04,POS,4760.59
TX-01294,CO-0094,2024-10-06,app_movil,16558.8
TX-01295,CO-0095,2023-08-19,POS,40279.75
TX-01296,CO-0096,2023-10-14,online,29457.63
TX-01297,CO-0097,2024-09-25,POS,38049.96
TX-01298,CO-0098,2024-02-16,app_movil,14124.9
TX-01299,CO-0099,2023-08-08,transferencia,14457.73
TX-01300,CO-0100,2024-04-19,transferencia,8713.12
TX-01301,CO-0101,2023-09-26,app_movil,17482.2
TX-01302,CO-0102,2024-12-29,transferencia,40249.12
TX-01303,CO-0103,2024-04-27,ATM,4042.61
TX-01304,CO-0104,2023-12-24,ATM,9631.03
TX-01305,CO-0105,2024-12-02,ATM,47833.28
TX-01306,CO-0106,2024-07-20,POS,45902.05
TX-01307,CO-0107,2024-12-12,transferencia,21467.62
TX-01308,CO-0108,2024-12-19,transferencia,15136.23
TX-01309,CO-0109,2024-04-20,online,41448.3
TX-01310,CO-0110,2024-02-19,ATM,5359.81
TX-01311,CO-0111,2024-03-01,POS,43605.12
TX-01312,CO-0112,2024-03-04,ATM,16697.95
TX-01313,CO-0113,2024-02-09,POS,38243.83
TX-01314,CO-0114,2023-11-11,online,49605.01
TX-01315,CO-0115,2024-03-13,online,41997.08
TX-01316,CO-0116,2023-12-18,app_movil,48850.5
TX-01317,CO-0117,2024-08-06,app_movil,29151.25
TX-01318,CO-0118,2024-01-18,ATM,41483.08
TX-01319,CO-0119,2024-11-03,ATM,32544.16
TX-01320,CO-0120,2024-10-23,POS,17653.37
TX-01321,CO-0121,2023-04-10,POS,32210.24
TX-01322,CO-0122,2024-10-28,ATM,11187.6
TX-01323,CO-0123,2023-04-04,transferencia,3774.34
TX-01324,CO-0124,2023-08-24,online,34239.4
TX-01325,CO-0125,2024-11-30,POS,6293.99
TX-01326,CO-0126,2023-03-31,transferencia,38199.52
TX-01327,CO-0127,2024-08-12,ATM,48519.32
TX-01328,CO-0128,2023-07-24,transferencia,13160.3
TX-01329,CO-0129,2023-03-04,ATM,21761.58
TX-01330,CO-0130,2023-09-12,transferencia,45957.74
TX-01331,CO-0131,2024-04-19,online,35194.56
TX-01332,CO-0132,2023-01-22,app_movil,14518.62
TX-01333,CO-0133,2023-05-24,ATM,32017.62
TX-01334,CO-0134,2024-10-15,transferencia,1218.81
TX-01335,CO-0135,2023-02-11,ATM,35480.75
TX-01336,CO-0136,2024-05-03,ATM,7001.39
TX-01337,CO-0137,2023-05-14,ATM,26065.28
TX-01338,CO-0138,2023-01-08,app_movil,11154.82
TX-01339,CO-0139,2024-04-23,online,46002.21
TX-01340,CO-0140,2024-09-17,ATM,20052.76
TX-01341,CO-0141,2023-03-10,POS,29639.99
TX-01342,CO-0142,2023-05-28,ATM,34386.83
TX-01343,CO-0143,2023-12-01,app_movil,35587.51
TX-01344,CO-0144,2024-12-27,app_movil,34150.68
TX-01345,CO-0145,2024-06-14,app_movil,26738.73
TX-01346,CO-0146,2024-03-22,ATM,8948.23
TX-01347,CO-0147,2024-07-07,ATM,30336.32
TX-01348,CO-0148,2024-07-08,online,14354.01
TX-01349,CO-0149,2023-11-13,ATM,40348.22
TX-01350,CO-0150,2023-09-26,online,20375.12
TX-01351,CO-0151,2024-11-20,POS,4999.85
TX-01352,CO-0152,2024-08-13,POS,8479.29
TX-01353,CO-0153,2024-07-27,online,12527.54
TX-01354,CO-0154,2023-05-19,ATM,23746.55
TX-01355,CO-0155,2023-12-13,online,32362.26
TX-01356,CO-0156,2023-10-16,transferencia,34060.62
TX-01357,CO-0157,2023-01-03,online,45608.14
TX-01358,CO-0158,2023-06-20,transferencia,36683.89
TX-01359,CO-0159,2024-02-03,online,30255.04
TX-01360,CO-0160,2023-09-15,transferencia,23234.53
TX-01361,CO-0161,2024-06-21,transferencia,48308.95
TX-01362,CO-0162,2024-02-28,app_movil,20994.88
TX-01363,CO-0163,2024-11-16,online,27192.06
TX-01364,CO-0164,2023-09-11,transferencia,356.27
TX-01365,CO-0165,2024-02-11,app_movil,7697.28
TX-01366,CO-0166,2023-07-15,ATM,45418.44
TX-01367,CO-0167,2024-03-10,transferencia,44982.68
TX-01368,CO-0168,2024-01-23,ATM,29519.97
TX-01369,CO-0169,2024-12-14,online,3464.03
TX-01370,CO-0170,2024-11-26,POS,140.39
TX-01371,CO-0171,2024-12-12,transferencia,8341.5
TX-01372,CO-0172,2023-09-01,app_movil,16613.31
TX-01373,CO-0173,2024-10-14,app_movil,27976.69
TX-01374,CO-0174,2024-09-15,online,16197.0
TX-01375,CO-0175,2024-06-21,ATM,17979.23
TX-01376,CO-0176,2023-09-26,ATM,32476.45
TX-01377,CO-0177,2023-03-25,transferencia,44375.41
TX-01378,CO-0178,2023-01-19,transferencia,18290.27
TX-01379,CO-0179,2024-09-07,POS,35981.55
TX-01380,CO-0180,2024-04-24,transferencia,3233.57
TX-01381,CO-0181,2024-06-04,ATM,29793.97
TX-01382,CO-0182,2023-03-14,online,4053.05
TX-01383,CO-0183,2023-10-14,app_movil,8095.23
TX-01384,CO-0184,2023-02-13,app_movil,29349.37
TX-01385,CO-0185,2024-06-13,app_movil,27635.83
TX-01386,CO-0186,2023-01-22,POS,32842.74
TX-01387,CO-0187,2023-01-22,POS,22846.99
TX-01388,CO-0188,2023-11-26,ATM,33222.62
TX-01389,CO-0189,2024-12-15,transferencia,16515.49
TX-01390,CO-0190,2024-09-06,transferencia,21223.13
TX-01391,CO-0191,2023-08-05,transferencia,6394.41
TX-01392,CO-0192,2024-11-30,ATM,31037.69
TX-01393,CO-0193,2023-12-20,POS,48654.93
TX-01394,CO-0194,2023-10-03,app_movil,15420.18
TX-01395,CO-0195,2023-06-13,online,34457.91
TX-01396,CO-0196,2023-02-25,online,19323.08
TX-01397,CO-0197,2024-09-09,app_movil,33471.46
TX-01398,CO-0198,2024-03-03,POS,35808.68
TX-01399,CO-0199,2023-09-28,POS,727.81
TX-01400,CO-0200,2023-11-20,ATM,9745.84
TX-01401,CO-0201,2024-03-19,online,12467.13
TX-01402,CO-0202,2024-04-05,app_movil,17217.67
TX-01403,CO-0203,2023-11-28,online,20686.93
TX-01404,CO-0204,2024-05-27,app_movil,13375.99
TX-01405,CO-0205,2023-08-18,online,23654.01
TX-01406,CO-0206,2023-09-29,online,20266.42
TX-01407,CO-0207,2023-05-20,app_movil,25490.66
TX-01408,CO-0208,2023-05-02,app_movil,14339.36
TX-01409,CO-0209,2023-08-06,online,37262.01
TX-01410,CO-0210,2023-03-09,transferencia,32441.51
TX-01411,CO-0211,2024-03-27,POS,26745.5
TX-01412,CO-0212,2023-06-17,online,28196.76
TX-01413,CO-0213,2024-10-25,ATM,44226.3
TX-01414,CO-0214,2024-04-18,transferencia,42358.82
TX-01415,CO-0215,2024-03-28,POS,34680.25
TX-01416,CO-0216,2023-09-28,ATM,2589.58
TX-01417,CO-0217,2024-03-25,transferencia,30184.7
TX-01418,CO-0218,2024-04-26,app_movil,38485.03
TX-01419,CO-0219,2024-06-13,online,19527.88
TX-01420,CO-0220,2023-04-03,app_movil,19554.21
TX-01421,CO-0221,2023-11-20,app_movil,15363.31
TX-01422,CO-0222,2024-02-29,ATM,39472.87
TX-01423,CO-0223,2024-10-17,app_movil,36805.4
TX-01424,CO-0224,2023-01-21,POS,49641.48
TX-01425,CO-0225,2024-06-28,ATM,49749.21
TX-01426,CO-0226,2024-03-28,transferencia,26892.24
TX-01427,CO-0227,2024-06-12,POS,8536.79
TX-01428,CO-0228,2023-04-22,ATM,43342.35
TX-01429,CO-0229,2023-08-30,online,8560.75
TX-01430,CO-0230,2024-01-14,ATM,8830.29
TX-01431,CO-0231,2024-05-26,ATM,17382.97
TX-01432,CO-0232,2023-08-01,ATM,23266.82
TX-01433,CO-0233,2024-05-22,transferencia,10066.08
TX-01434,CO-0234,2023-02-04,app_movil,31701.08
TX-01435,CO-0235,2024-05-11,app_movil,39060.95
TX-01436,CO-0236,2023-01-03,ATM,33989.38
TX-01437,CO-0237,2024-02-12,ATM,36230.81
TX-01438,CO-0238,2024-05-22,transferencia,33201.85
TX-01439,CO-0239,2023-04-01,POS,36057.47
TX-01440,CO-0240,2023-07-22,POS,6544.02
TX-01441,CO-0241,2024-11-05,online,37224.62
TX-01442,CO-0242,2023-05-26,POS,44182.35
TX-01443,CO-0243,2023-09-20,app_movil,43863.54
TX-01444,CO-0244,2024-02-20,online,2282.47
TX-01445,CO-0245,2024-01-10,transferencia,223.35
TX-01446,CO-0246,2023-10-02,online,8264.87
TX-01447,CO-0247,2024-11-11,online,28124.82
TX-01448,CO-0248,2024-01-15,online,12000.67
TX-01449,CO-0249,2023-08-03,ATM,13039.15
TX-01450,CO-0250,2023-02-14,app_movil,28031.7
TX-01451,CO-0251,2023-01-04,ATM,45372.91
TX-01452,CO-0252,2023-10-23,app_movil,28904.47
TX-01453,CO-0253,2023-11-19,online,5138.47
TX-01454,CO-0254,2024-06-12,app_movil,39090.64
TX-01455,CO-0255,2024-07-01,POS,19892.24
TX-01456,CO-0256,2023-10-24,ATM,10105.76
TX-01457,CO-0257,2023-03-07,POS,11961.53
TX-01458,CO-0258,2023-04-14,transferencia,41908.01
TX-01459,CO-0259,2024-11-18,ATM,29590.84
TX-01460,CO-0260,2023-06-07,ATM,48795.88
TX-01461,CO-0261,2024-02-26,ATM,7894.18
TX-01462,CO-0262,2023-12-04,ATM,14385.36
TX-01463,CO-0263,2023-09-03,transferencia,8548.77
TX-01464,CO-0264,2023-07-15,POS,1371.2
TX-01465,CO-0265,2023-06-14,ATM,32968.11
TX-01466,CO-0266,2023-08-27,transferencia,28363.05
TX-01467,CO-0267,2024-05-11,app_movil,31814.53
TX-01468,CO-0268,2024-05-14,transferencia,20400.86
TX-01469,CO-0269,2024-04-14,transferencia,43411.34
TX-01470,CO-0270,2023-07-13,POS,183.77
TX-01471,CO-0271,2023-09-01,POS,12306.73
TX-01472,CO-0272,2023-12-09,ATM,36068.83
TX-01473,CO-0273,2023-07-22,app_movil,46626.7
TX-01474,CO-0274,2024-08-08,online,33428.86
TX-01475,CO-0275,2023-07-06,ATM,36316.84
TX-01476,CO-0276,2023-06-20,ATM,13975.37
TX-01477,CO-0277,2023-07-21,ATM,42708.68
TX-01478,CO-0278,2023-08-11,online,36096.31
TX-01479,CO-0279,2024-08-17,app_movil,1380.05
TX-01480,CO-0280,2023-10-12,POS,34375.08
TX-01481,CO-0281,2023-06-08,ATM,29517.25
TX-01482,CO-0282,2024-10-22,POS,33270.46
TX-01483,CO-0283,2023-06-10,online,13984.3
TX-01484,CO-0284,2023-10-13,ATM,47723.22
TX-01485,CO-0285,2023-08-28,transferencia,44243.1
TX-01486,CO-0286,2023-03-23,transferencia,39390.31
TX-01487,CO-0287,2023-10-02,ATM,28969.5
TX-01488,CO-0288,2023-07-09,online,25443.26
TX-01489,CO-0289,2023-07-15,ATM,34910.16
TX-01490,CO-0290,2024-09-09,app_movil,27882.09
TX-01491,CO-0291,2024-04-22,app_movil,22824.48
TX-01492,CO-0292,2023-09-13,transferencia,13451.17
TX-01493,CO-0293,2024-01-26,POS,31904.87
TX-01494,CO-0294,2023-05-14,POS,8643.9
TX-01495,CO-0295,2023-04-24,online,5174.14
TX-01496,CO-0296,2023-07-02,online,36945.83
TX-01497,CO-0297,2024-10-22,app_movil,21049.84
TX-01498,CO-0298,2024-02-16,POS,15660.65
TX-01499,CO-0299,2023-10-23,app_movil,8534.56
TX-01500,CO-0300,2023-10-05,ATM,21514.47
TX-01501,CO-0001,2023-08-14,app_movil,3366.95
TX-01502,CO-0002,2023-06-02,ATM,3569.08
TX-01503,CO-0003,2023-12-10,POS,30438.75
TX-01504,CO-0004,2024-01-09,POS,45685.1
TX-01505,CO-0005,2023-06-17,ATM,49569.93
TX-01506,CO-0006,2024-04-19,app_movil,21906.99
TX-01507,CO-0007,2024-06-02,app_movil,14097.69
TX-01508,CO-0008,2023-02-10,POS,26214.79
TX-01509,CO-0009,2023-01-10,online,26190.33
TX-01510,CO-0010,2024-06-05,ATM,5632.4
TX-01511,CO-0011,2023-03-13,POS,12816.29
TX-01512,CO-0012,2023-10-28,ATM,3578.61
TX-01513,CO-0013,2023-01-17,online,30051.46
TX-01514,CO-0014,2023-03-02,online,6513.29
TX-01515,CO-0015,2023-12-23,ATM,1470.79
TX-01516,CO-0016,2024-04-11,online,26114.47
TX-01517,CO-0017,2024-01-02,POS,22249.16
TX-01518,CO-0018,2023-03-15,transferencia,17284.7
TX-01519,CO-0019,2024-04-13,POS,35971.65
TX-01520,CO-0020,2023-04-18,ATM,19420.19
TX-01521,CO-0021,2024-04-27,app_movil,43252.35
TX-01522,CO-0022,2023-04-25,online,9648.48
TX-01523,CO-0023,2023-09-18,app_movil,530.77
TX-01524,CO-0024,2024-12-16,online,10780.39
TX-01525,CO-0025,2024-03-25,POS,7289.83
TX-01526,CO-0026,2023-07-01,online,40686.08
TX-01527,CO-0027,2024-09-16,app_movil,39560.55
TX-01528,CO-0028,2023-04-12,ATM,20381.4
TX-01529,CO-0029,2023-03-18,transferencia,11885.22
TX-01530,CO-0030,2024-09-01,online,1296.76
TX-01531,CO-0031,2023-04-24,transferencia,47075.23
TX-01532,CO-0032,2023-11-10,ATM,26044.15
TX-01533,CO-0033,2023-12-31,online,7509.65
TX-01534,CO-0034,2024-03-12,online,7440.97
TX-01535,CO-0035,2024-09-01,transferencia,21680.33
TX-01536,CO-0036,2023-02-08,transferencia,43937.54
TX-01537,CO-0037,2023-06-01,ATM,43899.6
TX-01538,CO-0038,2024-09-24,app_movil,23542.6
TX-01539,CO-0039,2023-01-04,transferencia,588.5
TX-01540,CO-0040,2023-08-17,POS,30487.88
TX-01541,CO-0041,2023-04-10,ATM,37122.46
TX-01542,CO-0042,2023-09-12,POS,9022.73
TX-01543,CO-0043,2023-03-26,app_movil,8207.14
TX-01544,CO-0044,2023-05-24,online,5865.58
TX-01545,CO-0045,2024-03-09,transferencia,47555.75
TX-01546,CO-0046,2024-11-20,POS,13550.72
TX-01547,CO-0047,2024-05-03,ATM,32763.51
TX-01548,CO-0048,2024-03-03,app_movil,38728.55
TX-01549,CO-0049,2023-12-21,transferencia,32412.07
TX-01550,CO-0050,2023-12-15,app_movil,439.28
TX-01551,CO-0051,2023-02-19,POS,41575.6
TX-01552,CO-0052,2023-07-11,POS,31290.42
TX-01553,CO-0053,2024-01-15,POS,49177.1
TX-01554,CO-0054,2023-10-22,POS,28699.94
TX-01555,CO-0055,2024-01-16,app_movil,19627.98
TX-01556,CO-0056,2024-03-26,transferencia,48434.0
TX-01557,CO-0057,2023-11-14,transferencia,37101.35
TX-01558,CO-0058,2023-01-15,app_movil,13183.73
TX-01559,CO-0059,2024-12-13,online,41677.85
TX-01560,CO-0060,2023-01-24,app_movil,16648.69
TX-01561,CO-0061,2023-07-23,app_movil,32087.88
TX-01562,CO-0062,2024-11-11,app_movil,32234.77
TX-01563,CO-0063,2024-07-26,POS,26923.63
TX-01564,CO-0064,2023-10-26,POS,21230.78
TX-01565,CO-0065,2023-07-28,app_movil,47576.31
TX-01566,CO-0066,2024-12-16,online,12942.97
TX-01567,CO-0067,2024-06-14,transferencia,24828.48
TX-01568,CO-0068,2024-05-19,POS,1298.24
TX-01569,CO-0069,2023-01-06,ATM,7173.91
TX-01570,CO-0070,2024-12-02,POS,491.36
TX-01571,CO-0071,2023-12-29,app_movil,26017.57
TX-01572,CO-0072,2024-02-10,transferencia,24939.15
TX-01573,CO-0073,2024-08-27,POS,11177.02
TX-01574,CO-0074,2024-12-07,app_movil,7074.1
TX-01575,CO-0075,2023-01-20,app_movil,21582.06
TX-01576,CO-0076,2023-07-04,app_movil,37285.85
TX-01577,CO-0077,2024-08-21,app_movil,36054.33
TX-01578,CO-0078,2024-06-03,transferencia,19159.16
TX-01579,CO-0079,2023-07-16,transferencia,44884.1
TX-01580,CO-0080,2023-03-06,online,43842.43
TX-01581,CO-0081,2023-03-28,online,22050.32
TX-01582,CO-0082,2023-08-18,ATM,35807.88
TX-01583,CO-0083,2024-09-27,app_movil,32301.21
TX-01584,CO-0084,2024-04-24,app_movil,11143.99
TX-01585,CO-0085,2023-08-12,ATM,26436.08
TX-01586,CO-0086,2024-08-30,POS,7930.81
TX-01587,CO-0087,2023-10-30,online,42348.99
TX-01588,CO-0088,2024-03-12,ATM,37777.15
TX-01589,CO-0089,2023-01-21,transferencia,2220.79
TX-01590,CO-0090,2024-11-24,transferencia,22294.51
TX-01591,CO-0091,2023-05-14,online,18033.05
TX-01592,CO-0092,2023-02-12,online,35125.29
TX-01593,CO-0093,2024-08-11,online,34474.03
TX-01594,CO-0094,2024-02-04,ATM,12695.52
TX-01595,CO-0095,2024-02-05,online,30361.9
TX-01596,CO-0096,2023-07-07,app_movil,49410.82
TX-01597,CO-0097,2023-01-23,online,46778.78
TX-01598,CO-0098,2023-10-26,POS,2131.95
TX-01599,CO-0099,2024-06-11,POS,17952.08
TX-01600,CO-0100,2023-03-14,ATM,40470.46
TX-01601,CO-0101,2023-03-31,online,13675.98
TX-01602,CO-0102,2024-10-28,transferencia,5411.45
TX-01603,CO-0103,2023-11-12,online,22898.23
TX-01604,CO-0104,2024-11-20,ATM,17783.75
TX-01605,CO-0105,2023-12-07,app_movil,22328.54
TX-01606,CO-0106,2024-10-14,ATM,15941.02
TX-01607,CO-0107,2023-08-02,ATM,42932.83
TX-01608,CO-0108,2023-03-28,ATM,23593.42
TX-01609,CO-0109,2024-03-23,ATM,30794.81
TX-01610,CO-0110,2024-12-17,transferencia,7821.66
TX-01611,CO-0111,2024-06-24,transferencia,3768.93
TX-01612,CO-0112,2024-02-01,app_movil,10156.27
TX-01613,CO-0113,2023-03-30,app_movil,12753.26
TX-01614,CO-0114,2024-08-25,POS,41262.09
TX-01615,CO-0115,2024-09-06,ATM,16509.23
TX-01616,CO-0116,2024-07-24,app_movil,12477.82
TX-01617,CO-0117,2023-11-01,online,6711.97
TX-01618,CO-0118,2023-07-17,online,5732.83
TX-01619,CO-0119,2024-03-04,transferencia,39093.96
TX-01620,CO-0120,2024-11-14,ATM,11145.36
TX-01621,CO-0121,2023-12-16,app_movil,38084.51
TX-01622,CO-0122,2024-06-06,online,31698.42
TX-01623,CO-0123,2023-12-04,app_movil,31012.54
TX-01624,CO-0124,2024-08-15,ATM,34295.1
TX-01625,CO-0125,2024-01-02,online,43281.58
TX-01626,CO-0126,2024-11-01,POS,47243.88
TX-01627,CO-0127,2023-09-03,app_movil,13635.25
TX-01628,CO-0128,2023-12-28,ATM,22542.68
TX-01629,CO-0129,2024-08-19,online,1242.38
TX-01630,CO-0130,2023-10-04,ATM,15902.82
TX-01631,CO-0131,2023-09-23,POS,30768.38
TX-01632,CO-0132,2024-06-21,online,21221.32
TX-01633,CO-0133,2024-07-06,transferencia,31094.4
TX-01634,CO-0134,2023-06-19,online,8713.21
TX-01635,CO-0135,2023-07-18,online,27498.04
TX-01636,CO-0136,2024-02-18,app_movil,41946.43
TX-01637,CO-0137,2024-06-24,app_movil,11735.0
TX-01638,CO-0138,2023-08-09,POS,31994.0
TX-01639,CO-0139,2023-05-04,POS,21263.85
TX-01640,CO-0140,2024-06-19,app_movil,36221.78
TX-01641,CO-0141,2023-03-19,app_movil,46786.26
TX-01642,CO-0142,2023-05-09,transferencia,31503.51
TX-01643,CO-0143,2024-12-04,transferencia,22003.61
TX-01644,CO-0144,2024-11-12,POS,13390.83
TX-01645,CO-0145,2024-12-09,online,26843.47
TX-01646,CO-0146,2023-01-27,transferencia,2767.49
TX-01647,CO-0147,2023-09-02,POS,38867.96
TX-01648,CO-0148,2023-04-09,online,41616.94
TX-01649,CO-0149,2023-03-09,transferencia,42876.15
TX-01650,CO-0150,2023-01-02,app_movil,39111.57
TX-01651,CO-0151,2024-11-14,app_movil,21377.63
TX-01652,CO-0152,2024-07-20,app_movil,15642.57
TX-01653,CO-0153,2023-01-09,ATM,16126.47
TX-01654,CO-0154,2023-04-13,ATM,4436.41
TX-01655,CO-0155,2024-09-02,app_movil,38465.62
TX-01656,CO-0156,2024-04-04,transferencia,42455.25
TX-01657,CO-0157,2024-06-29,app_movil,18025.17
TX-01658,CO-0158,2023-09-30,ATM,2065.23
TX-01659,CO-0159,2023-07-17,online,40232.36
TX-01660,CO-0160,2023-08-24,transferencia,40178.11
TX-01661,CO-0161,2023-11-13,online,15601.96
TX-01662,CO-0162,2023-07-18,POS,20196.23
TX-01663,CO-0163,2023-01-28,ATM,6989.44
TX-01664,CO-0164,2024-09-16,transferencia,7349.61
TX-01665,CO-0165,2023-08-06,ATM,22350.46
TX-01666,CO-0166,2023-06-23,transferencia,24170.9
TX-01667,CO-0167,2023-05-02,transferencia,6728.16
TX-01668,CO-0168,2024-06-01,ATM,29606.35
TX-01669,CO-0169,2023-01-03,POS,18460.36
TX-01670,CO-0170,2023-03-22,online,49213.19
TX-01671,CO-0171,2023-09-01,app_movil,1731.51
TX-01672,CO-0172,2023-10-04,online,49147.78
TX-01673,CO-0173,2023-10-08,ATM,41007.19
TX-01674,CO-0174,2023-07-10,online,13106.88
TX-01675,CO-0175,2024-09-26,online,28720.09
TX-01676,CO-0176,2023-04-21,POS,23704.07
TX-01677,CO-0177,2023-08-29,POS,43215.55
TX-01678,CO-0178,2024-08-05,app_movil,47713.62
TX-01679,CO-0179,2024-02-12,online,31727.6
TX-01680,CO-0180,2023-01-14,POS,41226.68
TX-01681,CO-0181,2024-10-01,ATM,20823.49
TX-01682,CO-0182,2023-07-20,online,42233.08
TX-01683,CO-0183,2024-08-20,ATM,159.1
TX-01684,CO-0184,2023-01-30,online,40206.68
TX-01685,CO-0185,2023-11-12,online,37253.49
TX-01686,CO-0186,2024-07-06,transferencia,48311.9
TX-01687,CO-0187,2023-10-10,app_movil,13243.78
TX-01688,CO-0188,2023-08-04,POS,20232.06
TX-01689,CO-0189,2024-11-19,online,44632.74
TX-01690,CO-0190,2024-08-03,transferencia,18486.56
TX-01691,CO-0191,2024-02-14,transferencia,34683.67
TX-01692,CO-0192,2024-06-03,online,3634.54
TX-01693,CO-0193,2023-02-13,app_movil,43767.3
TX-01694,CO-0194,2024-06-11,ATM,710.36
TX-01695,CO-0195,2024-07-06,ATM,38685.43
TX-01696,CO-0196,2024-07-11,ATM,35755.57
TX-01697,CO-0197,2023-03-26,app_movil,10315.45
TX-01698,CO-0198,2024-12-05,transferencia,28347.91
TX-01699,CO-0199,2024-04-14,POS,12607.93
TX-01700,CO-0200,2023-12-24,online,36143.08
TX-01701,CO-0201,2023-03-15,POS,2874.12
TX-01702,CO-0202,2023-02-04,app_movil,24718.39
TX-01703,CO-0203,2023-04-22,online,36410.51
TX-01704,CO-0204,2023-01-09,online,46262.81
TX-01705,CO-0205,2023-09-12,online,15923.14
TX-01706,CO-0206,2023-10-03,online,3925.08
TX-01707,CO-0207,2023-03-06,transferencia,22278.04
TX-01708,CO-0208,2024-08-25,ATM,16673.01
TX-01709,CO-0209,2023-11-12,POS,4820.93
TX-01710,CO-0210,2023-12-18,POS,20317.09
TX-01711,CO-0211,2024-02-02,app_movil,6594.42
TX-01712,CO-0212,2024-12-20,transferencia,25818.08
TX-01713,CO-0213,2023-08-13,POS,35483.29
TX-01714,CO-0214,2023-12-12,app_movil,41281.32
TX-01715,CO-0215,2024-10-24,ATM,11077.66
TX-01716,CO-0216,2023-11-11,online,14678.63
TX-01717,CO-0217,2023-09-28,transferencia,37500.85
TX-01718,CO-0218,2024-08-08,ATM,33699.66
TX-01719,CO-0219,2023-10-04,transferencia,380.34
TX-01720,CO-0220,2024-04-01,ATM,7628.7
TX-01721,CO-0221,2023-10-21,transferencia,9259.4
TX-01722,CO-0222,2023-12-25,online,3987.59
TX-01723,CO-0223,2023-04-04,POS,16985.2
TX-01724,CO-0224,2023-09-20,online,31138.97
TX-01725,CO-0225,2024-07-18,POS,9920.45
TX-01726,CO-0226,2024-08-03,app_movil,33503.17
TX-01727,CO-0227,2024-04-14,ATM,3812.76
TX-01728,CO-0228,2023-09-27,POS,32396.49
TX-01729,CO-0229,2023-09-08,app_movil,37677.89
TX-01730,CO-0230,2023-08-21,app_movil,36086.11
TX-01731,CO-0231,2023-01-16,online,10988.08
TX-01732,CO-0232,2023-07-09,app_movil,41643.57
TX-01733,CO-0233,2024-11-24,app_movil,33897.65
TX-01734,CO-0234,2024-05-04,transferencia,36951.87
TX-01735,CO-0235,2023-11-10,ATM,2663.17
TX-01736,CO-0236,2024-06-14,app_movil,29189.47
TX-01737,CO-0237,2023-11-10,transferencia,32401.81
TX-01738,CO-0238,2023-10-24,app_movil,21728.75
TX-01739,CO-0239,2023-08-11,app_movil,20149.88
TX-01740,CO-0240,2023-04-19,POS,5667.99
TX-01741,CO-0241,2023-12-31,POS,47440.95
TX-01742,CO-0242,2024-05-10,POS,44219.12
TX-01743,CO-0243,2024-01-14,ATM,47811.53
TX-01744,CO-0244,2023-03-29,ATM,38200.26
TX-01745,CO-0245,2024-02-20,app_movil,21574.72
TX-01746,CO-0246,2024-02-28,app_movil,33913.64
TX-01747,CO-0247,2024-08-16,POS,49800.65
TX-01748,CO-0248,2024-04-09,POS,24709.46
TX-01749,CO-0249,2024-10-24,ATM,5880.46
TX-01750,CO-0250,2023-08-04,ATM,15078.22
TX-01751,CO-0251,2024-07-04,online,39851.59
TX-01752,CO-0252,2023-10-15,transferencia,22304.54
TX-01753,CO-0253,2024-01-01,POS,33506.11
TX-01754,CO-0254,2024-10-09,POS,26435.59
TX-01755,CO-0255,2024-09-08,app_movil,38695.58
TX-01756,CO-0256,2023-07-29,ATM,30375.53
TX-01757,CO-0257,2024-02-11,online,26941.26
TX-01758,CO-0258,2023-03-11,transferencia,3810.3
TX-01759,CO-0259,2024-04-19,ATM,41183.23
TX-01760,CO-0260,2024-12-18,transferencia,14591.29
TX-01761,CO-0261,2023-04-15,ATM,31704.15
TX-01762,CO-0262,2023-10-19,app_movil,16361.33
TX-01763,CO-0263,2024-10-10,online,38376.36
TX-01764,CO-0264,2023-03-04,POS,23019.51
TX-01765,CO-0265,2023-12-12,online,31998.58
TX-01766,CO-0266,2023-09-26,POS,9800.03
TX-01767,CO-0267,2024-10-15,online,8778.73
TX-01768,CO-0268,2023-02-23,app_movil,6367.63
TX-01769,CO-0269,2023-04-18,ATM,42564.92
TX-01770,CO-0270,2024-10-27,online,16042.65
TX-01771,CO-0271,2023-06-08,online,21893.93
TX-01772,CO-0272,2023-10-09,POS,6367.94
TX-01773,CO-0273,2023-06-15,transferencia,2107.73
TX-01774,CO-0274,2024-04-17,POS,13936.9
TX-01775,CO-0275,2023-02-04,ATM,8520.33
TX-01776,CO-0276,2024-02-04,POS,28651.72
TX-01777,CO-0277,2023-01-02,ATM,18730.42
TX-01778,CO-0278,2023-04-27,transferencia,45520.92
TX-01779,CO-0279,2023-12-26,transferencia,13633.8
TX-01780,CO-0280,2023-01-28,online,5183.14
TX-01781,CO-0281,2023-02-04,transferencia,24588.83
TX-01782,CO-0282,2023-05-03,ATM,41826.99
TX-01783,CO-0283,2023-07-03,transferencia,23644.1
TX-01784,CO-0284,2023-03-24,transferencia,17688.74
TX-01785,CO-0285,2023-02-17,ATM,1649.98
TX-01786,CO-0286,2023-06-19,POS,22876.08
TX-01787,CO-0287,2024-08-03,transferencia,45627.62
TX-01788,CO-0288,2024-02-12,online,27041.45
TX-01789,CO-0289,2024-04-06,app_movil,43324.25
TX-01790,CO-0290,2023-03-07,transferencia,5913.04
TX-01791,CO-0291,2023-06-04,ATM,46713.17
TX-01792,CO-0292,2024-05-20,ATM,10526.6
TX-01793,CO-0293,2023-09-05,transferencia,19882.67
TX-01794,CO-0294,2024-02-24,transferencia,27448.93
TX-01795,CO-0295,2024-01-11,ATM,5250.46
TX-01796,CO-0296,2024-08-25,transferencia,9827.42
TX-01797,CO-0297,2024-01-30,online,19049.97
TX-01798,CO-0298,2024-09-17,app_movil,2532.32
TX-01799,CO-0299,2023-09-29,POS,37414.06
TX-01800,CO-0300,2024-04-14,ATM,33015.14
TX-01801,CO-0001,2023-06-22,ATM,20683.54
TX-01802,CO-0002,2023-11-30,online,33380.73
TX-01803,CO-0003,2023-03-29,transferencia,43617.5
TX-01804,CO-0004,2023-06-30,online,36605.12
TX-01805,CO-0005,2024-05-18,POS,3856.05
TX-01806,CO-0006,2024-04-10,transferencia,8576.55
TX-01807,CO-0007,2023-05-30,transferencia,47207.22
TX-01808,CO-0008,2023-03-14,online,27318.59
TX-01809,CO-0009,2024-02-19,app_movil,4341.07
TX-01810,CO-0010,2024-06-16,online,42034.21
TX-01811,CO-0011,2023-08-10,POS,29269.49
TX-01812,CO-0012,2023-07-19,ATM,40683.96
TX-01813,CO-0013,2024-08-13,POS,41661.85
TX-01814,CO-0014,2023-01-25,app_movil,32226.03
TX-01815,CO-0015,2023-02-22,online,16801.72
TX-01816,CO-0016,2023-07-26,app_movil,685.89
TX-01817,CO-0017,2023-02-06,POS,7777.87
TX-01818,CO-0018,2023-04-25,POS,7109.22
TX-01819,CO-0019,2023-08-22,ATM,41393.38
TX-01820,CO-0020,2024-08-07,transferencia,13923.29
TX-01821,CO-0021,2024-09-17,app_movil,43801.05
TX-01822,CO-0022,2023-11-13,transferencia,10721.17
TX-01823,CO-0023,2024-09-23,transferencia,39101.2
TX-01824,CO-0024,2023-01-27,app_movil,33243.02
TX-01825,CO-0025,2023-03-05,POS,26717.65
TX-01826,CO-0026,2023-05-31,app_movil,8857.98
TX-01827,CO-0027,2024-09-08,ATM,24200.36
TX-01828,CO-0028,2024-12-24,ATM,35189.84
TX-01829,CO-0029,2023-09-01,POS,49833.5
TX-01830,CO-0030,2023-07-12,app_movil,43255.87
TX-01831,CO-0031,2023-03-29,app_movil,18080.96
TX-01832,CO-0032,2024-02-13,POS,220.68
TX-01833,CO-0033,2024-08-18,online,11244.65
TX-01834,CO-0034,2023-06-02,online,16192.12
TX-01835,CO-0035,2024-11-27,online,3294.2
TX-01836,CO-0036,2023-06-08,ATM,200.9
TX-01837,CO-0037,2024-02-14,POS,13161.82
TX-01838,CO-0038,2024-12-12,app_movil,21637.23
TX-01839,CO-0039,2024-03-06,POS,22911.75
TX-01840,CO-0040,2024-09-03,transferencia,3770.64
TX-01841,CO-0041,2023-05-22,app_movil,37034.59
TX-01842,CO-0042,2023-12-22,transferencia,28671.83
TX-01843,CO-0043,2024-11-27,POS,13453.57
TX-01844,CO-0044,2023-07-22,POS,7775.07
TX-01845,CO-0045,2023-06-01,online,45035.11
TX-01846,CO-0046,2023-04-21,online,48353.46
TX-01847,CO-0047,2024-11-29,ATM,4641.29
TX-01848,CO-0048,2023-04-14,ATM,22690.53
TX-01849,CO-0049,2024-07-26,online,11828.16
TX-01850,CO-0050,2023-01-25,ATM,23703.02
TX-01851,CO-0051,2023-11-22,online,48263.73
TX-01852,CO-0052,2024-03-26,online,3281.27
TX-01853,CO-0053,2023-07-20,POS,11519.37
TX-01854,CO-0054,2023-09-24,POS,17932.44
TX-01855,CO-0055,2023-04-21,transferencia,16189.1
TX-01856,CO-0056,2023-02-03,ATM,33705.39
TX-01857,CO-0057,2024-07-18,transferencia,12742.81
TX-01858,CO-0058,2024-11-21,online,23048.47
TX-01859,CO-0059,2024-06-10,POS,33193.88
TX-01860,CO-0060,2023-07-20,online,29850.13
TX-01861,CO-0061,2023-08-11,app_movil,4999.66
TX-01862,CO-0062,2023-10-25,ATM,23302.63
TX-01863,CO-0063,2023-09-04,app_movil,15942.68
TX-01864,CO-0064,2023-05-11,ATM,23486.31
TX-01865,CO-0065,2024-01-19,app_movil,37647.03
TX-01866,CO-0066,2024-09-01,app_movil,40766.94
TX-01867,CO-0067,2023-05-24,app_movil,38482.97
TX-01868,CO-0068,2024-07-21,ATM,13649.88
TX-01869,CO-0069,2024-03-30,transferencia,32246.66
TX-01870,CO-0070,2024-05-18,transferencia,34515.55
TX-01871,CO-0071,2024-10-15,POS,41035.13
TX-01872,CO-0072,2023-01-02,app_movil,16316.94
TX-01873,CO-0073,2023-10-06,online,11706.24
TX-01874,CO-0074,2023-10-16,ATM,23843.56
TX-01875,CO-0075,2023-09-22,POS,14720.69
TX-01876,CO-0076,2023-02-27,app_movil,20440.19
TX-01877,CO-0077,2023-07-10,ATM,37789.2
TX-01878,CO-0078,2023-08-10,transferencia,24314.74
TX-01879,CO-0079,2024-11-18,online,34967.01
TX-01880,CO-0080,2024-04-22,transferencia,44103.28
TX-01881,CO-0081,2024-08-12,app_movil,40044.21
TX-01882,CO-0082,2024-02-21,online,24392.04
TX-01883,CO-0083,2023-04-29,app_movil,3850.59
TX-01884,CO-0084,2023-12-07,ATM,17131.2
TX-01885,CO-0085,2024-08-04,online,21255.31
TX-01886,CO-0086,2024-02-27,ATM,13190.83
TX-01887,CO-0087,2023-12-08,app_movil,7531.95
TX-01888,CO-0088,2024-09-23,transferencia,35043.4
TX-01889,CO-0089,2023-06-12,transferencia,5944.47
TX-01890,CO-0090,2024-02-03,POS,20074.98
TX-01891,CO-0091,2023-11-13,online,13092.46
TX-01892,CO-0092,2023-01-21,app_movil,34539.5
TX-01893,CO-0093,2023-08-26,app_movil,46696.67
TX-01894,CO-0094,2024-05-15,app_movil,40598.33
TX-01895,CO-0095,2023-04-11,app_movil,32782.98
TX-01896,CO-0096,2024-02-22,ATM,14031.71
TX-01897,CO-0097,2023-06-06,POS,2503.09
TX-01898,CO-0098,2024-12-17,ATM,4411.16
TX-01899,CO-0099,2023-03-07,transferencia,17801.26
TX-01900,CO-0100,2024-04-01,online,41450.13
TX-01901,CO-0101,2023-09-04,online,16106.86
TX-01902,CO-0102,2024-05-21,POS,30663.73
TX-01903,CO-0103,2024-01-27,transferencia,14184.82
TX-01904,CO-0104,2023-11-11,ATM,27909.56
TX-01905,CO-0105,2023-10-25,transferencia,10366.75
TX-01906,CO-0106,2023-05-01,online,10430.6
TX-01907,CO-0107,2023-09-27,online,42886.43
TX-01908,CO-0108,2023-10-25,transferencia,43722.54
TX-01909,CO-0109,2023-07-19,app_movil,44206.4
TX-01910,CO-0110,2024-04-09,POS,41714.28
TX-01911,CO-0111,2023-06-13,POS,42533.88
TX-01912,CO-0112,2023-06-18,app_movil,9425.61
TX-01913,CO-0113,2024-11-12,app_movil,49570.17
TX-01914,CO-0114,2023-03-04,POS,40123.09
TX-01915,CO-0115,2024-08-14,transferencia,44367.28
TX-01916,CO-0116,2024-04-05,ATM,39655.85
TX-01917,CO-0117,2024-11-06,online,15487.35
TX-01918,CO-0118,2024-04-07,ATM,14606.13
TX-01919,CO-0119,2023-06-16,transferencia,35073.35
TX-01920,CO-0120,2024-09-29,ATM,35122.48
TX-01921,CO-0121,2023-11-25,online,3774.4
TX-01922,CO-0122,2024-11-22,POS,9570.44
TX-01923,CO-0123,2023-12-15,app_movil,12084.06
TX-01924,CO-0124,2024-06-16,app_movil,11016.74
TX-01925,CO-0125,2023-10-30,online,47402.32
TX-01926,CO-0126,2024-06-17,online,19466.29
TX-01927,CO-0127,2023-12-06,transferencia,27396.62
TX-01928,CO-0128,2024-12-10,POS,34971.56
TX-01929,CO-0129,2023-11-14,online,27532.91
TX-01930,CO-0130,2024-12-08,online,18328.23
TX-01931,CO-0131,2023-04-16,ATM,6742.03
TX-01932,CO-0132,2023-12-19,transferencia,2742.02
TX-01933,CO-0133,2023-01-27,transferencia,28712.8
TX-01934,CO-0134,2023-08-24,online,36158.04
TX-01935,CO-0135,2024-09-03,POS,49363.48
TX-01936,CO-0136,2023-04-28,app_movil,49677.75
TX-01937,CO-0137,2024-03-12,POS,38134.02
TX-01938,CO-0138,2023-04-16,POS,7926.46
TX-01939,CO-0139,2023-05-01,transferencia,30561.76
TX-01940,CO-0140,2023-08-08,ATM,42665.49
TX-01941,CO-0141,2024-09-29,online,8862.42
TX-01942,CO-0142,2023-06-25,app_movil,3205.95
TX-01943,CO-0143,2024-08-03,POS,44810.01
TX-01944,CO-0144,2023-08-02,online,18230.33
TX-01945,CO-0145,2023-06-29,app_movil,45356.36
TX-01946,CO-0146,2023-11-16,transferencia,27174.44
TX-01947,CO-0147,2024-05-23,online,16169.68
TX-01948,CO-0148,2023-02-23,transferencia,43079.91
TX-01949,CO-0149,2023-12-12,transferencia,46169.82
TX-01950,CO-0150,2023-12-06,POS,30816.09
TX-01951,CO-0151,2024-09-17,ATM,13124.4
TX-01952,CO-0152,2023-11-03,transferencia,39260.03
TX-01953,CO-0153,2023-07-07,app_movil,25365.83
TX-01954,CO-0154,2024-04-20,POS,7119.55
TX-01955,CO-0155,2023-06-28,transferencia,9033.96
TX-01956,CO-0156,2023-10-16,ATM,40852.63
TX-01957,CO-0157,2023-11-28,ATM,18907.88
TX-01958,CO-0158,2024-08-27,online,23207.14
TX-01959,CO-0159,2023-12-03,POS,33649.54
TX-01960,CO-0160,2024-10-09,transferencia,11187.97
TX-01961,CO-0161,2024-09-09,online,30459.18
TX-01962,CO-0162,2024-10-22,online,47199.96
TX-01963,CO-0163,2024-11-26,transferencia,23679.32
TX-01964,CO-0164,2024-07-15,transferencia,2217.65
TX-01965,CO-0165,2023-05-06,app_movil,38309.66
TX-01966,CO-0166,2024-08-01,ATM,42532.02
TX-01967,CO-0167,2023-10-16,POS,33475.85
TX-01968,CO-0168,2024-09-25,app_movil,42481.52
TX-01969,CO-0169,2024-06-16,online,24542.68
TX-01970,CO-0170,2023-11-03,online,4459.71
TX-01971,CO-0171,2024-10-04,POS,9356.49
TX-01972,CO-0172,2024-07-14,transferencia,41659.64
TX-01973,CO-0173,2023-05-04,online,5980.34
TX-01974,CO-0174,2023-01-03,online,37958.93
TX-01975,CO-0175,2023-01-31,transferencia,32871.85
TX-01976,CO-0176,2023-08-05,app_movil,13786.98
TX-01977,CO-0177,2024-07-23,transferencia,39411.09
TX-01978,CO-0178,2024-07-05,online,41490.26
TX-01979,CO-0179,2024-09-26,POS,20467.29
TX-01980,CO-0180,2024-11-19,POS,19439.28
TX-01981,CO-0181,2024-10-22,app_movil,42547.5
TX-01982,CO-0182,2023-12-29,POS,35584.93
TX-01983,CO-0183,2024-08-23,transferencia,18278.33
TX-01984,CO-0184,2023-09-25,online,10282.69
TX-01985,CO-0185,2024-01-03,app_movil,10233.83
TX-01986,CO-0186,2023-09-06,online,34638.55
TX-01987,CO-0187,2023-04-26,transferencia,43536.66
TX-01988,CO-0188,2023-08-28,POS,36045.69
TX-01989,CO-0189,2023-09-30,ATM,10109.82
TX-01990,CO-0190,2023-04-11,app_movil,33461.53
TX-01991,CO-0191,2024-06-06,transferencia,12007.06
TX-01992,CO-0192,2024-11-22,transferencia,3438.91
TX-01993,CO-0193,2023-02-25,transferencia,9060.66
TX-01994,CO-0194,2024-05-17,ATM,5619.65
TX-01995,CO-0195,2023-04-25,online,17669.35
TX-01996,CO-0196,2024-09-29,ATM,43519.79
TX-01997,CO-0197,2023-05-17,ATM,14739.86
TX-01998,CO-0198,2024-10-31,POS,40037.88
TX-01999,CO-0199,2024-11-23,POS,24726.27
TX-02000,CO-0200,2024-04-29,POS,36945.58
TX-02001,CO-0201,2023-09-09,POS,11169.32
TX-02002,CO-0202,2023-06-16,app_movil,8172.98
TX-02003,CO-0203,2024-03-04,transferencia,24330.54
TX-02004,CO-0204,2024-04-07,POS,19274.91
TX-02005,CO-0205,2023-04-19,POS,6853.81
TX-02006,CO-0206,2024-10-13,app_movil,14231.07
TX-02007,CO-0207,2024-12-13,transferencia,5822.41
TX-02008,CO-0208,2023-09-20,POS,11998.68
TX-02009,CO-0209,2023-05-16,transferencia,1362.65
TX-02010,CO-0210,2024-08-22,transferencia,25441.63
TX-02011,CO-0211,2024-03-25,transferencia,36766.97
TX-02012,CO-0212,2023-02-26,ATM,44965.04
TX-02013,CO-0213,2024-04-03,online,33947.6
TX-02014,CO-0214,2023-09-27,online,104.75
TX-02015,CO-0215,2024-03-06,online,12937.19
TX-02016,CO-0216,2023-11-22,transferencia,39912.66
TX-02017,CO-0217,2024-02-08,transferencia,26711.73
TX-02018,CO-0218,2023-01-26,transferencia,11474.58
TX-02019,CO-0219,2023-09-01,transferencia,7771.22
TX-02020,CO-0220,2024-05-26,app_movil,30472.12
TX-02021,CO-0221,2023-05-16,ATM,24249.84
TX-02022,CO-0222,2023-06-17,online,41794.17
TX-02023,CO-0223,2024-06-23,POS,10186.09
TX-02024,CO-0224,2023-07-04,ATM,23745.59
TX-02025,CO-0225,2023-03-12,POS,14883.13
TX-02026,CO-0226,2023-02-23,app_movil,47148.85
TX-02027,CO-0227,2024-10-04,transferencia,27856.73
TX-02028,CO-0228,2023-06-13,ATM,47802.58
TX-02029,CO-0229,2024-04-16,transferencia,48383.46
TX-02030,CO-0230,2023-06-12,ATM,47209.91
TX-02031,CO-0231,2024-07-24,online,36365.76
TX-02032,CO-0232,2024-11-15,transferencia,48662.21
TX-02033,CO-0233,2024-07-28,transferencia,13520.73
TX-02034,CO-0234,2023-09-19,ATM,113.47
TX-02035,CO-0235,2023-11-13,online,9411.83
TX-02036,CO-0236,2024-09-02,app_movil,4948.56
TX-02037,CO-0237,2023-07-09,transferencia,47172.66
TX-02038,CO-0238,2023-03-24,POS,30649.31
TX-02039,CO-0239,2023-10-28,app_movil,11085.29
TX-02040,CO-0240,2024-05-06,app_movil,15296.01
TX-02041,CO-0241,2023-03-27,app_movil,44780.94
TX-02042,CO-0242,2024-03-18,transferencia,47122.28
TX-02043,CO-0243,2024-05-30,online,28449.39
TX-02044,CO-0244,2024-09-30,ATM,14551.04
TX-02045,CO-0245,2023-03-20,transferencia,31429.17
TX-02046,CO-0246,2024-06-02,POS,23180.97
TX-02047,CO-0247,2024-07-01,online,46561.83
TX-02048,CO-0248,2024-02-04,POS,23343.86
TX-02049,CO-0249,2024-04-27,app_movil,16981.85
TX-02050,CO-0250,2024-02-25,POS,19302.92
TX-02051,CO-0251,2024-05-01,online,29283.47
TX-02052,CO-0252,2023-04-04,app_movil,40853.96
TX-02053,CO-0253,2024-02-02,online,3735.84
TX-02054,CO-0254,2023-03-21,POS,29616.22
TX-02055,CO-0255,2023-04-26,app_movil,16516.86
TX-02056,CO-0256,2023-03-30,POS,43525.89
TX-02057,CO-0257,2024-01-28,app_movil,18152.81
TX-02058,CO-0258,2023-06-06,ATM,17528.14
TX-02059,CO-0259,2024-12-21,app_movil,47686.5
TX-02060,CO-0260,2023-11-01,POS,30099.5
TX-02061,CO-0261,2023-08-19,POS,19250.02
TX-02062,CO-0262,2023-09-19,ATM,7968.77
TX-02063,CO-0263,2024-12-15,ATM,20473.1
TX-02064,CO-0264,2023-12-31,app_movil,603.26
TX-02065,CO-0265,2023-06-24,ATM,36205.82
TX-02066,CO-0266,2023-05-31,app_movil,48504.78
TX-02067,CO-0267,2024-05-08,POS,13597.98
TX-02068,CO-0268,2024-06-07,ATM,42525.17
TX-02069,CO-0269,2024-01-25,app_movil,6151.84
TX-02070,CO-0270,2023-04-05,transferencia,18532.36
TX-02071,CO-0271,2023-12-22,ATM,251.49
TX-02072,CO-0272,2023-03-04,app_movil,48786.72
TX-02073,CO-0273,2023-09-04,POS,40231.79
TX-02074,CO-0274,2023-08-18,transferencia,47369.44
TX-02075,CO-0275,2024-09-19,transferencia,18659.12
TX-02076,CO-0276,2023-10-27,app_movil,6657.96
TX-02077,CO-0277,2023-11-07,POS,38435.11
TX-02078,CO-0278,2023-09-19,app_movil,20185.28
TX-02079,CO-0279,2024-12-10,transferencia,3095.92
TX-02080,CO-0280,2023-11-22,app_movil,46321.12
TX-02081,CO-0281,2024-02-18,transferencia,27171.25
TX-02082,CO-0282,2023-04-21,transferencia,18662.89
TX-02083,CO-0283,2023-03-14,ATM,20642.28
TX-02084,CO-0284,2023-08-10,ATM,16816.82
TX-02085,CO-0285,2024-09-29,POS,7353.3
TX-02086,CO-0286,2024-07-26,app_movil,15915.22
TX-02087,CO-0287,2023-02-12,online,40734.3
TX-02088,CO-0288,2023-03-08,ATM,31564.09
TX-02089,CO-0289,2023-06-11,POS,47890.09
TX-02090,CO-0290,2023-12-02,POS,21374.16
TX-02091,CO-0291,2024-06-20,ATM,35460.91
TX-02092,CO-0292,2023-07-14,POS,3889.87
TX-02093,CO-0293,2023-04-14,app_movil,30959.25
TX-02094,CO-0294,2024-05-02,transferencia,27598.93
TX-02095,CO-0295,2023-05-27,POS,40100.0
TX-02096,CO-0296,2023-03-28,online,46324.57
TX-02097,CO-0297,2023-01-02,app_movil,14609.9
TX-02098,CO-0298,2024-10-06,transferencia,6621.93
TX-02099,CO-0299,2023-04-07,POS,444.19
TX-02100,CO-0300,2023-03-05,app_movil,333.6
TX-02101,CO-0001,2023-04-30,ATM,6629.1
TX-02102,CO-0002,2023-04-09,ATM,2101.46
TX-02103,CO-0003,2024-01-23,POS,45434.14
TX-02104,CO-0004,2024-04-19,POS,39147.11
TX-02105,CO-0005,2023-04-23,POS,41941.56
TX-02106,CO-0006,2024-07-26,app_movil,41798.92
TX-02107,CO-0007,2023-05-19,transferencia,12871.98
TX-02108,CO-0008,2024-03-19,transferencia,19313.43
TX-02109,CO-0009,2023-06-09,app_movil,43382.87
TX-02110,CO-0010,2023-02-06,transferencia,15814.11
TX-02111,CO-0011,2024-06-14,ATM,4190.59
TX-02112,CO-0012,2023-12-06,online,26248.48
TX-02113,CO-0013,2023-06-24,online,49144.02
TX-02114,CO-0014,2024-01-19,ATM,10771.32
TX-02115,CO-0015,2024-05-24,online,25164.28
TX-02116,CO-0016,2024-12-07,ATM,20036.99
TX-02117,CO-0017,2024-03-11,POS,20771.89
TX-02118,CO-0018,2024-05-15,transferencia,8902.56
TX-02119,CO-0019,2023-11-03,transferencia,2204.41
TX-02120,CO-0020,2024-04-04,transferencia,20876.75
TX-02121,CO-0021,2024-12-27,app_movil,31642.03
TX-02122,CO-0022,2024-10-14,online,29914.92
TX-02123,CO-0023,2024-09-01,app_movil,41088.75
TX-02124,CO-0024,2023-09-29,online,25111.46
TX-02125,CO-0025,2023-09-09,app_movil,47329.9
TX-02126,CO-0026,2024-05-29,ATM,8373.94
TX-02127,CO-0027,2024-04-20,ATM,45446.97
TX-02128,CO-0028,2024-03-12,ATM,38377.85
TX-02129,CO-0029,2024-05-26,transferencia,14483.67
TX-02130,CO-0030,2023-12-17,online,34432.77
TX-02131,CO-0031,2024-10-20,POS,1405.42
TX-02132,CO-0032,2024-07-30,app_movil,37842.73
TX-02133,CO-0033,2023-08-09,transferencia,49162.21
TX-02134,CO-0034,2023-12-24,online,12242.36
TX-02135,CO-0035,2024-03-01,ATM,29937.53
TX-02136,CO-0036,2023-06-02,online,45082.5
TX-02137,CO-0037,2023-07-26,transferencia,46.2
TX-02138,CO-0038,2024-01-10,POS,3908.65
TX-02139,CO-0039,2023-04-28,POS,43833.65
TX-02140,CO-0040,2023-06-07,transferencia,31839.05
TX-02141,CO-0041,2023-04-26,online,27445.2
TX-02142,CO-0042,2023-03-07,app_movil,1962.23
TX-02143,CO-0043,2024-03-25,online,18462.5
TX-02144,CO-0044,2024-01-15,ATM,43588.95
TX-02145,CO-0045,2024-08-15,POS,1531.07
TX-02146,CO-0046,2023-08-19,POS,22976.91
TX-02147,CO-0047,2023-05-30,online,28297.34
TX-02148,CO-0048,2024-06-22,transferencia,41712.31
TX-02149,CO-0049,2023-08-20,app_movil,20864.9
TX-02150,CO-0050,2024-04-14,ATM,37332.72
TX-02151,CO-0051,2023-09-30,app_movil,13823.3
TX-02152,CO-0052,2023-02-01,online,29600.07
TX-02153,CO-0053,2024-06-02,POS,47025.58
TX-02154,CO-0054,2024-12-26,POS,24866.13
TX-02155,CO-0055,2023-12-31,online,43604.91
TX-02156,CO-0056,2023-12-11,transferencia,14647.94
TX-02157,CO-0057,2023-12-08,app_movil,32588.01
TX-02158,CO-0058,2023-07-11,transferencia,27164.56
TX-02159,CO-0059,2023-10-14,online,36406.94
TX-02160,CO-0060,2024-02-14,online,29581.65
TX-02161,CO-0061,2024-08-02,online,18594.52
TX-02162,CO-0062,2024-01-25,app_movil,31001.08
TX-02163,CO-0063,2023-08-09,app_movil,8844.54
TX-02164,CO-0064,2024-10-05,POS,37305.37
TX-02165,CO-0065,2024-11-05,ATM,16740.39
TX-02166,CO-0066,2024-05-14,ATM,42135.09
TX-02167,CO-0067,2024-06-27,online,15579.64
TX-02168,CO-0068,2023-04-30,POS,49990.66
TX-02169,CO-0069,2024-07-24,ATM,10319.88
TX-02170,CO-0070,2023-12-11,transferencia,8826.15
TX-02171,CO-0071,2024-07-14,online,27664.2
TX-02172,CO-0072,2024-09-15,ATM,47546.58
TX-02173,CO-0073,2023-10-13,POS,45699.98
TX-02174,CO-0074,2023-08-07,ATM,45431.61
TX-02175,CO-0075,2023-06-07,ATM,21528.75
TX-02176,CO-0076,2024-11-08,transferencia,33050.25
TX-02177,CO-0077,2024-05-07,ATM,34735.21
TX-02178,CO-0078,2024-08-27,app_movil,2366.51
TX-02179,CO-0079,2023-04-17,app_movil,30801.72
TX-02180,CO-0080,2024-02-10,transferencia,48290.77
TX-02181,CO-0081,2024-08-08,online,21024.37
TX-02182,CO-0082,2024-10-14,POS,15998.89
TX-02183,CO-0083,2023-05-09,POS,19348.16
TX-02184,CO-0084,2024-02-23,POS,12283.98
TX-02185,CO-0085,2023-06-25,POS,16273.63
TX-02186,CO-0086,2024-12-12,online,4672.73
TX-02187,CO-0087,2024-03-24,ATM,25782.87
TX-02188,CO-0088,2023-07-23,online,15402.96
TX-02189,CO-0089,2024-04-06,online,38167.69
TX-02190,CO-0090,2024-03-06,POS,44433.19
TX-02191,CO-0091,2023-09-08,transferencia,4863.6
TX-02192,CO-0092,2023-07-21,ATM,35292.46
TX-02193,CO-0093,2024-01-24,app_movil,25287.28
TX-02194,CO-0094,2023-12-11,POS,41366.24
TX-02195,CO-0095,2024-11-20,POS,28783.2
TX-02196,CO-0096,2023-02-18,ATM,4103.09
TX-02197,CO-0097,2024-01-30,online,10467.15
TX-02198,CO-0098,2023-03-07,POS,35459.83
TX-02199,CO-0099,2024-06-16,online,28444.55
TX-02200,CO-0100,2023-03-10,app_movil,366.1
TX-02201,CO-0101,2024-10-09,transferencia,5292.69
TX-02202,CO-0102,2024-10-08,ATM,33853.36
TX-02203,CO-0103,2023-08-14,POS,29624.76
TX-02204,CO-0104,2023-05-12,transferencia,43763.68
TX-02205,CO-0105,2024-01-06,transferencia,23273.17
TX-02206,CO-0106,2024-03-26,POS,21557.73
TX-02207,CO-0107,2024-09-03,ATM,6567.06
TX-02208,CO-0108,2024-06-06,transferencia,11250.04
TX-02209,CO-0109,2024-05-15,online,4030.44
TX-02210,CO-0110,2024-08-06,transferencia,45044.53
TX-02211,CO-0111,2023-07-06,app_movil,47509.5
TX-02212,CO-0112,2024-01-14,ATM,21159.44
TX-02213,CO-0113,2024-03-10,online,37675.21
TX-02214,CO-0114,2023-06-23,ATM,5494.49
TX-02215,CO-0115,2023-04-06,ATM,8616.03
TX-02216,CO-0116,2023-07-26,ATM,1184.38
TX-02217,CO-0117,2024-10-11,online,20796.74
TX-02218,CO-0118,2024-03-14,online,37247.62
TX-02219,CO-0119,2024-05-15,transferencia,5753.87
TX-02220,CO-0120,2023-11-30,POS,44715.44
TX-02221,CO-0121,2023-12-26,online,44994.3
TX-02222,CO-0122,2024-01-24,ATM,38209.72
TX-02223,CO-0123,2024-09-26,app_movil,34668.54
TX-02224,CO-0124,2023-09-30,ATM,24524.49
TX-02225,CO-0125,2023-09-02,online,8275.4
TX-02226,CO-0126,2023-03-31,ATM,43197.34
TX-02227,CO-0127,2024-09-27,ATM,36519.39
TX-02228,CO-0128,2024-12-31,online,38224.03
TX-02229,CO-0129,2023-08-27,POS,44599.43
TX-02230,CO-0130,2023-04-08,app_movil,12803.58
TX-02231,CO-0131,2023-04-25,transferencia,45101.51
TX-02232,CO-0132,2023-10-09,ATM,45856.53
TX-02233,CO-0133,2024-12-01,transferencia,23872.95
TX-02234,CO-0134,2024-11-11,ATM,10566.15
TX-02235,CO-0135,2024-05-28,app_movil,17988.32
TX-02236,CO-0136,2024-10-19,transferencia,35810.1
TX-02237,CO-0137,2024-10-02,online,42679.12
TX-02238,CO-0138,2024-05-03,online,35031.52
TX-02239,CO-0139,2024-09-08,POS,45869.91
TX-02240,CO-0140,2024-08-26,transferencia,46551.76
TX-02241,CO-0141,2024-07-05,transferencia,4830.73
TX-02242,CO-0142,2024-02-12,app_movil,25842.1
TX-02243,CO-0143,2023-05-30,transferencia,26262.45
TX-02244,CO-0144,2023-08-22,app_movil,3032.92
TX-02245,CO-0145,2023-06-22,online,4841.04
TX-02246,CO-0146,2023-08-17,online,49922.68
TX-02247,CO-0147,2024-03-23,online,18684.39
TX-02248,CO-0148,2024-10-09,POS,27001.71
TX-02249,CO-0149,2023-11-21,transferencia,2696.33
TX-02250,CO-0150,2024-08-04,app_movil,7182.44
TX-02251,CO-0151,2023-07-20,POS,47002.37
TX-02252,CO-0152,2023-05-04,POS,36065.69
TX-02253,CO-0153,2023-11-08,transferencia,9566.54
TX-02254,CO-0154,2023-03-09,online,48993.22
TX-02255,CO-0155,2023-11-16,online,46131.94
TX-02256,CO-0156,2024-04-06,online,48853.22
TX-02257,CO-0157,2023-09-12,ATM,39912.99
TX-02258,CO-0158,2024-10-03,ATM,3139.69
TX-02259,CO-0159,2023-03-18,app_movil,8130.83
TX-02260,CO-0160,2024-10-19,online,7064.07
TX-02261,CO-0161,2023-10-01,POS,6797.94
TX-02262,CO-0162,2023-12-12,online,45146.91
TX-02263,CO-0163,2023-05-28,app_movil,4018.07
TX-02264,CO-0164,2023-03-24,online,19480.33
TX-02265,CO-0165,2024-02-06,online,30520.37
TX-02266,CO-0166,2023-11-21,app_movil,49453.94
TX-02267,CO-0167,2023-08-08,app_movil,21799.4
TX-02268,CO-0168,2024-04-19,app_movil,4835.51
TX-02269,CO-0169,2024-11-02,transferencia,42714.95
TX-02270,CO-0170,2024-05-16,app_movil,33296.23
TX-02271,CO-0171,2023-06-14,app_movil,43091.79
TX-02272,CO-0172,2023-10-25,app_movil,49521.14
TX-02273,CO-0173,2024-05-23,POS,30325.65
TX-02274,CO-0174,2023-12-15,online,44905.31
TX-02275,CO-0175,2024-07-07,POS,38142.2
TX-02276,CO-0176,2024-09-08,transferencia,34850.76
TX-02277,CO-0177,2024-07-20,transferencia,8351.58
TX-02278,CO-0178,2024-04-26,POS,34255.64
TX-02279,CO-0179,2024-12-11,online,24210.73
TX-02280,CO-0180,2024-03-04,transferencia,13040.44
TX-02281,CO-0181,2023-06-27,POS,6457.01
TX-02282,CO-0182,2024-03-07,online,6914.8
TX-02283,CO-0183,2024-08-08,online,38021.09
TX-02284,CO-0184,2024-08-06,app_movil,4911.26
TX-02285,CO-0185,2024-03-24,ATM,12669.31
TX-02286,CO-0186,2023-03-02,ATM,48339.42
TX-02287,CO-0187,2024-06-24,ATM,15813.11
TX-02288,CO-0188,2024-09-04,app_movil,29380.97
TX-02289,CO-0189,2024-10-17,transferencia,32905.3
TX-02290,CO-0190,2023-07-20,ATM,9792.62
TX-02291,CO-0191,2024-02-13,ATM,35988.86
TX-02292,CO-0192,2023-08-04,transferencia,47980.0
TX-02293,CO-0193,2023-05-26,POS,17436.14
TX-02294,CO-0194,2023-08-30,transferencia,31594.12
TX-02295,CO-0195,2024-09-10,online,5709.17
TX-02296,CO-0196,2024-11-13,online,20199.72
TX-02297,CO-0197,2024-09-23,ATM,45435.98
TX-02298,CO-0198,2023-06-07,app_movil,49879.73
TX-02299,CO-0199,2024-03-26,POS,22481.67
TX-02300,CO-0200,2024-11-17,transferencia,48091.75
TX-02301,CO-0201,2023-02-16,transferencia,49164.98
TX-02302,CO-0202,2024-08-10,app_movil,47481.53
TX-02303,CO-0203,2023-10-15,online,34610.61
TX-02304,CO-0204,2023-02-26,online,19401.81
TX-02305,CO-0205,2023-07-12,transferencia,23617.0
TX-02306,CO-0206,2024-07-03,online,5560.42
TX-02307,CO-0207,2024-02-14,ATM,15064.28
TX-02308,CO-0208,2023-07-28,ATM,23360.66
TX-02309,CO-0209,2024-06-19,ATM,33029.41
TX-02310,CO-0210,2023-08-21,transferencia,35348.58
TX-02311,CO-0211,2024-08-25,POS,28951.33
TX-02312,CO-0212,2023-10-02,transferencia,39208.59
TX-02313,CO-0213,2024-09-23,online,43562.96
TX-02314,CO-0214,2024-05-14,ATM,36044.54
TX-02315,CO-0215,2023-10-28,online,49570.0
TX-02316,CO-0216,2024-08-10,POS,24978.45
TX-02317,CO-0217,2024-03-15,ATM,7077.87
TX-02318,CO-0218,2023-08-31,POS,46716.76
TX-02319,CO-0219,2024-01-08,POS,23016.12
TX-02320,CO-0220,2024-12-10,transferencia,38201.59
TX-02321,CO-0221,2023-11-23,transferencia,1944.66
TX-02322,CO-0222,2024-11-24,transferencia,32457.7
TX-02323,CO-0223,2023-02-08,POS,38086.06
TX-02324,CO-0224,2024-09-24,app_movil,42935.0
TX-02325,CO-0225,2024-08-22,online,10960.0
TX-02326,CO-0226,2024-03-22,online,15947.75
TX-02327,CO-0227,2024-07-02,POS,37155.93
TX-02328,CO-0228,2024-08-08,POS,31098.84
TX-02329,CO-0229,2023-08-02,app_movil,29988.84
TX-02330,CO-0230,2024-08-24,online,29194.11
TX-02331,CO-0231,2023-03-08,app_movil,18472.94
TX-02332,CO-0232,2024-10-28,ATM,45173.47
TX-02333,CO-0233,2024-05-29,app_movil,2061.4
TX-02334,CO-0234,2024-08-14,ATM,34344.92
TX-02335,CO-0235,2023-05-16,ATM,13777.0
TX-02336,CO-0236,2024-06-01,transferencia,19832.23
TX-02337,CO-0237,2024-01-05,ATM,14352.02
TX-02338,CO-0238,2024-07-27,online,43219.68
TX-02339,CO-0239,2023-09-26,ATM,20425.62
TX-02340,CO-0240,2023-09-27,transferencia,21057.72
TX-02341,CO-0241,2024-08-31,online,48066.93
TX-02342,CO-0242,2024-04-15,app_movil,49502.95
TX-02343,CO-0243,2023-09-17,POS,47645.32
TX-02344,CO-0244,2023-06-06,POS,19961.54
TX-02345,CO-0245,2023-11-13,app_movil,29224.78
TX-02346,CO-0246,2023-05-22,online,42954.51
TX-02347,CO-0247,2024-01-19,POS,19742.68
TX-02348,CO-0248,2024-09-24,online,49225.71
TX-02349,CO-0249,2023-12-04,online,22893.82
TX-02350,CO-0250,2023-09-12,app_movil,34980.26
TX-02351,CO-0251,2024-08-03,online,23088.84
TX-02352,CO-0252,2024-08-03,online,4141.63
TX-02353,CO-0253,2023-05-22,POS,6246.22
TX-02354,CO-0254,2024-10-29,online,12565.71
TX-02355,CO-0255,2024-10-25,transferencia,6547.17
TX-02356,CO-0256,2024-07-19,app_movil,49601.63
TX-02357,CO-0257,2024-07-04,ATM,30607.45
TX-02358,CO-0258,2023-01-14,ATM,24543.52
TX-02359,CO-0259,2024-06-11,ATM,44104.03
TX-02360,CO-0260,2024-07-19,app_movil,20176.54
TX-02361,CO-0261,2023-02-20,online,2046.38
TX-02362,CO-0262,2024-07-11,online,37685.6
TX-02363,CO-0263,2023-10-04,POS,42663.48
TX-02364,CO-0264,2024-07-27,online,27027.4
TX-02365,CO-0265,2023-04-20,online,46320.65
TX-02366,CO-0266,2024-10-11,POS,33488.6
TX-02367,CO-0267,2024-09-02,online,20323.08
TX-02368,CO-0268,2024-02-21,app_movil,1786.32
TX-02369,CO-0269,2024-07-20,app_movil,21415.52
TX-02370,CO-0270,2023-08-14,ATM,34252.16
TX-02371,CO-0271,2023-12-27,online,31039.77
TX-02372,CO-0272,2023-05-16,ATM,14085.82
TX-02373,CO-0273,2024-03-15,app_movil,9235.61
TX-02374,CO-0274,2024-10-25,transferencia,5394.79
TX-02375,CO-0275,2024-02-18,ATM,25841.14
TX-02376,CO-0276,2023-07-31,POS,18708.73
TX-02377,CO-0277,2023-07-21,ATM,33881.05
TX-02378,CO-0278,2024-06-02,app_movil,8201.1
TX-02379,CO-0279,2024-04-01,app_movil,39438.08
TX-02380,CO-0280,2024-01-25,transferencia,5521.07
TX-02381,CO-0281,2023-12-16,ATM,26116.85
TX-02382,CO-0282,2023-08-09,online,9859.47
TX-02383,CO-0283,2024-04-03,app_movil,765.17
TX-02384,CO-0284,2023-06-05,app_movil,30507.91
TX-02385,CO-0285,2024-03-25,app_movil,20372.24
TX-02386,CO-0286,2023-09-06,POS,6244.02
TX-02387,CO-0287,2024-09-03,POS,25306.87
TX-02388,CO-0288,2023-04-17,transferencia,6310.7
TX-02389,CO-0289,2023-09-15,app_movil,15570.71
TX-02390,CO-0290,2024-10-27,POS,22576.38
TX-02391,CO-0291,2023-08-06,POS,15303.81
TX-02392,CO-0292,2024-01-04,online,1013.32
TX-02393,CO-0293,2023-11-02,POS,34247.24
TX-02394,CO-0294,2024-06-14,ATM,23763.76
TX-02395,CO-0295,2024-06-02,online,31468.21
TX-02396,CO-0296,2024-10-19,POS,18723.19
TX-02397,CO-0297,2023-04-12,POS,29147.91
TX-02398,CO-0298,2023-08-06,ATM,24321.96
TX-02399,CO-0299,2024-03-12,app_movil,29742.41
TX-02400,CO-0300,2024-06-15,online,44740.81
TX-02401,CO-0001,2024-04-24,online,7004.64
TX-02402,CO-0002,2024-04-11,POS,30211.03
TX-02403,CO-0003,2023-01-04,app_movil,12544.55
TX-02404,CO-0004,2023-05-08,POS,17887.3
TX-02405,CO-0005,2023-08-05,POS,23975.62
TX-02406,CO-0006,2023-05-23,app_movil,35727.71
TX-02407,CO-0007,2024-03-12,ATM,11106.92
TX-02408,CO-0008,2024-01-31,ATM,45840.82
TX-02409,CO-0009,2023-08-04,online,11698.86
TX-02410,CO-0010,2023-02-23,online,29489.37
TX-02411,CO-0011,2023-11-09,transferencia,44432.42
TX-02412,CO-0012,2023-10-31,online,29374.41
TX-02413,CO-0013,2024-07-29,POS,1284.82
TX-02414,CO-0014,2023-04-02,online,35035.84
TX-02415,CO-0015,2023-03-12,app_movil,4565.48
TX-02416,CO-0016,2023-02-20,app_movil,21000.27
TX-02417,CO-0017,2023-02-13,online,21406.6
TX-02418,CO-0018,2023-07-13,transferencia,9165.76
TX-02419,CO-0019,2023-07-12,app_movil,45661.3
TX-02420,CO-0020,2024-07-29,transferencia,18370.46
TX-02421,CO-0021,2023-11-26,app_movil,43361.04
TX-02422,CO-0022,2023-11-19,app_movil,19913.48
TX-02423,CO-0023,2024-11-18,transferencia,44367.24
TX-02424,CO-0024,2024-03-09,ATM,24527.73
TX-02425,CO-0025,2023-06-21,POS,172.62
TX-02426,CO-0026,2023-08-04,transferencia,17828.3
TX-02427,CO-0027,2023-08-08,online,36857.3
TX-02428,CO-0028,2024-06-02,online,14434.04
TX-02429,CO-0029,2023-05-11,transferencia,28100.77
TX-02430,CO-0030,2023-07-16,ATM,31166.62
TX-02431,CO-0031,2023-12-27,online,48223.98
TX-02432,CO-0032,2023-01-22,online,21004.64
TX-02433,CO-0033,2024-12-30,transferencia,28258.07
TX-02434,CO-0034,2024-01-02,online,5109.3
TX-02435,CO-0035,2024-11-11,POS,27281.69
TX-02436,CO-0036,2023-04-16,POS,8983.74
TX-02437,CO-0037,2024-03-03,online,8951.54
TX-02438,CO-0038,2023-09-23,ATM,17760.93
TX-02439,CO-0039,2024-02-27,app_movil,31399.18
TX-02440,CO-0040,2024-05-01,online,10153.59
TX-02441,CO-0041,2024-07-10,POS,19644.34
TX-02442,CO-0042,2024-10-16,POS,33952.91
TX-02443,CO-0043,2023-07-10,ATM,26841.27
TX-02444,CO-0044,2023-10-03,app_movil,16891.28
TX-02445,CO-0045,2023-07-12,app_movil,28135.89
TX-02446,CO-0046,2023-07-25,transferencia,12374.61
TX-02447,CO-0047,2024-07-26,online,6890.92
TX-02448,CO-0048,2023-07-06,ATM,19053.92
TX-02449,CO-0049,2023-01-15,POS,29168.14
TX-02450,CO-0050,2024-09-06,transferencia,48911.13
TX-02451,CO-0051,2024-08-05,transferencia,24777.21
TX-02452,CO-0052,2023-04-21,transferencia,33397.41
TX-02453,CO-0053,2024-11-29,transferencia,28102.36
TX-02454,CO-0054,2024-12-13,ATM,4182.74
TX-02455,CO-0055,2024-05-21,POS,16849.19
TX-02456,CO-0056,2024-04-08,app_movil,44933.41
TX-02457,CO-0057,2024-08-30,app_movil,6536.96
TX-02458,CO-0058,2024-06-29,transferencia,40466.27
TX-02459,CO-0059,2024-01-30,online,3489.18
TX-02460,CO-0060,2023-03-28,app_movil,43162.97
TX-02461,CO-0061,2024-02-17,app_movil,39355.19
TX-02462,CO-0062,2024-03-25,POS,17002.26
TX-02463,CO-0063,2024-04-17,POS,38629.27
TX-02464,CO-0064,2024-07-15,transferencia,38168.63
TX-02465,CO-0065,2023-09-19,online,14976.66
TX-02466,CO-0066,2023-06-21,transferencia,38459.36
TX-02467,CO-0067,2023-05-23,transferencia,2278.24
TX-02468,CO-0068,2024-11-29,transferencia,27582.3
TX-02469,CO-0069,2023-05-08,transferencia,5780.58
TX-02470,CO-0070,2023-03-03,online,17920.08
TX-02471,CO-0071,2024-10-06,ATM,13319.31
TX-02472,CO-0072,2023-09-18,app_movil,39182.07
TX-02473,CO-0073,2023-11-24,app_movil,22617.22
TX-02474,CO-0074,2024-09-06,ATM,17035.19
TX-02475,CO-0075,2024-07-03,online,12682.71
TX-02476,CO-0076,2023-08-31,online,18376.92
TX-02477,CO-0077,2024-03-18,online,9295.36
TX-02478,CO-0078,2023-04-15,POS,32379.34
TX-02479,CO-0079,2023-09-23,app_movil,6155.26
TX-02480,CO-0080,2024-09-14,app_movil,8078.25
TX-02481,CO-0081,2023-09-10,POS,21771.74
TX-02482,CO-0082,2024-04-25,online,3879.68
TX-02483,CO-0083,2023-12-25,app_movil,6772.41
TX-02484,CO-0084,2023-02-22,app_movil,26573.88
TX-02485,CO-0085,2023-07-04,app_movil,27521.53
TX-02486,CO-0086,2023-04-28,app_movil,1783.61
TX-02487,CO-0087,2023-07-10,POS,46248.71
TX-02488,CO-0088,2023-09-15,app_movil,22257.52
TX-02489,CO-0089,2024-01-01,ATM,46149.27
TX-02490,CO-0090,2024-12-09,transferencia,49346.3
TX-02491,CO-0091,2023-11-06,app_movil,4354.73
TX-02492,CO-0092,2024-10-19,transferencia,49840.46
TX-02493,CO-0093,2024-01-26,POS,3812.95
TX-02494,CO-0094,2023-08-01,app_movil,24812.01
TX-02495,CO-0095,2023-11-05,ATM,4182.64
TX-02496,CO-0096,2023-11-29,ATM,6968.89
TX-02497,CO-0097,2024-09-01,online,9356.47
TX-02498,CO-0098,2023-12-30,online,42444.04
TX-02499,CO-0099,2023-06-30,ATM,11068.1
TX-02500,CO-0100,2024-03-19,app_movil,335.73
