transaccionId,monto,fecha,descripcion,estado,esSospechosa,canal,moneda,categoriaGasto,horaLocal
TX-00001,40057.15,2024-10-18,Ad ipsam ut nostrum ea.,aprobada,false,online,GTQ,servicios,5
TX-00002,1912.99,2024-04-02,Aspernatur minima quam sequi nemo.,rechazada,false,transferencia,USD,viajes,10
TX-00003,22942.78,2023-08-17,Veritatis velit voluptatem sunt.,pendiente,false,online,GTQ,educacion,10
TX-00004,46025.04,2023-06-08,Voluptate excepturi quasi animi.,aprobada,false,online,GTQ,entretenimiento,23
TX-00005,27544.96,2023-10-25,Autem expedita explicabo omnis optio.,aprobada,false,online,GTQ,transferencia,23
TX-00006,32986.98,2023-11-29,Repudiandae asperiores.,rechazada,false,POS,USD,entretenimiento,2
TX-00007,45389.87,2024-09-28,Culpa quos eveniet voluptatum.,rechazada,false,transferencia,GTQ,viajes,20
TX-00008,39329.04,2024-02-11,Molestiae magnam molestias esse.,aprobada,false,ATM,GTQ,transferencia,6
TX-00009,2646.24,2023-03-03,Assumenda possimus quia.,revertida,false,transferencia,USD,retiro_efectivo,19
TX-00010,56.06,2024-07-27,Expedita cum.,aprobada,false,POS,GTQ,transporte,14
TX-00011,14150.6,2024-02-29,Libero quam voluptatum culpa.,aprobada,false,POS,GTQ,ropa,4
TX-00012,41859.46,2024-07-10,Reiciendis quis corrupti similique.,aprobada,false,online,GTQ,salud,7
TX-00013,18762.05,2023-09-11,Quo debitis.,aprobada,false,transferencia,GTQ,transferencia,15
TX-00014,6550.74,2024-03-20,Corporis omnis reiciendis nihil dignissimos.,aprobada,false,POS,USD,alimentacion,9
TX-00015,7045.46,2024-02-12,Sed facere harum.,aprobada,false,transferencia,USD,salud,11
TX-00016,3456.7,2024-09-05,Tempora suscipit et.,aprobada,false,app_movil,GTQ,servicios,2
TX-00017,8986.11,2024-01-27,Eaque iusto libero iusto voluptatibus.,aprobada,false,ATM,USD,transferencia,16
TX-00018,10933.42,2024-06-03,Deleniti quod in unde.,pendiente,false,ATM,GTQ,transporte,21
TX-00019,24053.35,2024-01-29,Nihil praesentium assumenda eligendi.,aprobada,false,transferencia,GTQ,salud,2
TX-00020,25235.12,2024-01-18,Modi quos eaque.,aprobada,false,ATM,GTQ,transporte,1
TX-00021,20987.76,2024-03-16,Unde ab similique repellat.,aprobada,false,online,GTQ,entretenimiento,7
TX-00022,4367.22,2024-04-27,Nobis incidunt totam laudantium.,aprobada,false,transferencia,USD,retiro_efectivo,6
TX-00023,45426.16,2023-02-02,Enim placeat modi.,aprobada,false,ATM,GTQ,viajes,21
TX-00024,46977.73,2024-04-19,Soluta velit eius.,aprobada,false,app_movil,GTQ,viajes,15
TX-00025,15564.48,2023-12-23,Cupiditate provident.,aprobada,false,app_movil,GTQ,transferencia,12
TX-00026,44976.72,2024-05-31,Quibusdam illum.,pendiente,false,ATM,GTQ,ropa,8
TX-00027,17917.83,2023-04-24,Voluptatem totam saepe voluptas.,rechazada,false,online,GTQ,alimentacion,6
TX-00028,28714.17,2024-01-16,Eligendi quisquam quibusdam reprehenderit pariatur.,aprobada,false,transferencia,GTQ,alimentacion,6
TX-00029,34560.46,2023-07-13,Soluta porro neque incidunt.,aprobada,false,ATM,GTQ,transporte,6
TX-00030,48690.5,2024-06-16,Distinctio harum ipsa suscipit.,aprobada,false,POS,GTQ,alimentacion,9
TX-00031,12527.45,2024-03-18,Cumque molestiae.,aprobada,false,ATM,GTQ,viajes,12
TX-00032,35867.89,2023-11-24,Aspernatur saepe sequi enim.,aprobada,false,app_movil,GTQ,transporte,9
TX-00033,40750.17,2024-05-03,Et mollitia deleniti soluta.,aprobada,false,online,GTQ,transporte,9
TX-00034,28128.73,2023-09-08,Totam repellendus eos mollitia.,pendiente,false,app_movil,USD,educacion,9
TX-00035,43938.73,2024-08-15,Doloremque omnis iste vel.,aprobada,false,app_movil,GTQ,alimentacion,22
TX-00036,21844.75,2023-12-02,Enim iste tenetur.,aprobada,false,online,USD,entretenimiento,1
TX-00037,11452.2,2024-01-05,Ea sit aperiam.,aprobada,false,POS,GTQ,salud,5
TX-00038,18718.23,2023-07-05,Sed vitae.,aprobada,false,POS,GTQ,retiro_efectivo,5
TX-00039,44701.64,2024-08-28,Natus modi voluptate fugiat hic.,revertida,false,transferencia,GTQ,transferencia,19
TX-00040,17918.24,2023-03-26,Aut minima.,revertida,false,online,GTQ,ropa,19
TX-00041,35346.39,2024-08-20,Incidunt necessitatibus quia totam.,aprobada,false,POS,GTQ,viajes,23
TX-00042,21633.62,2023-11-26,Saepe atque molestiae.,aprobada,false,online,GTQ,transferencia,9
TX-00043,48427.05,2023-06-23,Perferendis nulla laborum qui.,aprobada,false,online,GTQ,entretenimiento,2
TX-00044,24780.8,2024-01-10,Voluptas deleniti nulla quia.,revertida,false,transferencia,GTQ,servicios,12
TX-00045,29400.24,2024-05-14,Quasi enim harum distinctio.,pendiente,false,POS,GTQ,ropa,16
TX-00046,15070.05,2024-04-07,Delectus ad maiores ea incidunt.,rechazada,false,POS,USD,transferencia,21
TX-00047,24509.73,2024-10-19,Tenetur expedita quia repellendus.,aprobada,false,ATM,USD,alimentacion,13
TX-00048,1402.66,2024-12-08,Dicta itaque consequatur.,aprobada,false,transferencia,GTQ,transporte,22
TX-00049,24769.4,2023-10-04,Earum laborum.,aprobada,false,POS,USD,viajes,20
TX-00050,20686.13,2023-08-15,Illo natus ipsa sunt.,aprobada,false,ATM,GTQ,alimentacion,3
TX-00051,6383.86,2024-12-02,Quis et deleniti.,aprobada,false,transferencia,USD,viajes,19
TX-00052,16187.45,2023-07-01,Sint consectetur magni excepturi.,pendiente,false,online,GTQ,educacion,15
TX-00053,46080.25,2023-07-26,Harum quo nesciunt soluta.,aprobada,false,transferencia,USD,retiro_efectivo,22
TX-00054,44956.66,2023-12-13,Nulla itaque voluptatibus dicta sequi.,rechazada,false,app_movil,USD,ropa,21
TX-00055,26058.22,2024-06-04,Eveniet sequi laudantium quam dicta.,aprobada,false,app_movil,GTQ,ropa,12
TX-00056,16261.81,2024-03-01,Sapiente molestias nobis quia.,aprobada,false,POS,GTQ,transporte,22
TX-00057,49288.33,2023-11-05,Dolore enim ratione ipsa ducimus.,rechazada,false,app_movil,USD,transferencia,17
TX-00058,12551.7,2024-10-16,Et totam eius occaecati.,aprobada,false,ATM,GTQ,transferencia,12
TX-00059,34783.17,2023-04-30,Odit adipisci.,pendiente,false,online,USD,transporte,3
TX-00060,20772.15,2023-07-12,Aspernatur corporis a ullam facilis.,aprobada,false,transferencia,GTQ,educacion,10
TX-00061,7438.05,2024-02-09,Dolores aliquid.,pendiente,false,POS,GTQ,transporte,16
TX-00062,32065.54,2024-03-15,Perspiciatis laboriosam dolorum distinctio.,aprobada,false,POS,USD,servicios,4
TX-00063,41976.93,2024-12-17,Quisquam dolores debitis laudantium.,rechazada,false,online,USD,transferencia,17
TX-00064,24091.93,2024-06-03,Ex reiciendis accusamus facilis praesentium.,aprobada,false,online,GTQ,viajes,16
TX-00065,21248.62,2023-08-18,Sequi aliquid commodi ipsa.,aprobada,false,POS,GTQ,entretenimiento,18
TX-00066,35433.98,2024-02-03,Blanditiis dolorem magni.,aprobada,false,POS,GTQ,entretenimiento,8
TX-00067,36591.42,2024-03-08,Aliquid a labore.,aprobada,false,online,GTQ,salud,18
TX-00068,24139.02,2024-02-20,Perferendis illum odio adipisci.,aprobada,false,POS,GTQ,alimentacion,4
TX-00069,48651.6,2024-09-12,Ipsam amet.,aprobada,false,app_movil,GTQ,retiro_efectivo,6
TX-00070,49809.8,2024-10-29,Mollitia placeat quasi.,rechazada,false,ATM,GTQ,retiro_efectivo,14
TX-00071,40617.07,2023-01-05,Nulla accusantium.,aprobada,false,online,GTQ,entretenimiento,7
TX-00072,9436.27,2024-03-03,Quis iusto quae iusto.,aprobada,false,POS,GTQ,ropa,13
TX-00073,31020.88,2023-10-24,Voluptatibus quas nemo.,aprobada,false,online,GTQ,transferencia,12
TX-00074,39964.97,2023-01-09,Optio impedit temporibus atque.,aprobada,false,POS,USD,alimentacion,0
TX-00075,10169.94,2023-08-12,Iste magnam culpa molestias.,aprobada,false,ATM,USD,educacion,15
TX-00076,22230.02,2024-12-12,Impedit ab velit.,rechazada,false,ATM,USD,salud,22
TX-00077,34178.7,2023-08-23,Explicabo at.,aprobada,false,online,USD,viajes,4
TX-00078,34528.19,2023-06-04,Maiores odit adipisci corrupti.,aprobada,false,transferencia,GTQ,salud,16
TX-00079,34339.75,2024-03-15,Ab deleniti laborum.,rechazada,false,transferencia,USD,transferencia,0
TX-00080,33069.2,2024-07-29,Dolores consequuntur inventore nihil.,aprobada,false,app_movil,GTQ,transporte,4
TX-00081,46506.58,2024-05-29,Dicta beatae aspernatur.,aprobada,false,POS,USD,servicios,20
TX-00082,40478.87,2023-08-03,Voluptatum commodi eveniet.,aprobada,false,transferencia,GTQ,viajes,0
TX-00083,32550.07,2024-09-23,Error quia dignissimos.,aprobada,false,ATM,GTQ,entretenimiento,12
TX-00084,20713.15,2023-12-01,Deleniti porro fugiat fuga.,aprobada,false,ATM,GTQ,educacion,5
TX-00085,48859.12,2024-05-18,Ad laudantium.,aprobada,false,ATM,GTQ,entretenimiento,6
TX-00086,49394.58,2023-02-01,Commodi nobis reprehenderit.,aprobada,false,transferencia,USD,servicios,8
TX-00087,34427.87,2024-11-13,Eveniet ab.,aprobada,false,online,USD,salud,20
TX-00088,17154.07,2024-12-06,Quasi distinctio officiis laudantium nemo.,aprobada,false,online,GTQ,ropa,23
TX-00089,31571.66,2023-02-18,Pariatur corporis quae suscipit veniam.,aprobada,false,POS,USD,salud,18
TX-00090,22744.19,2023-03-05,Nam voluptate.,aprobada,false,app_movil,GTQ,transporte,16
TX-00091,7596.62,2024-09-29,Accusantium corrupti voluptates rerum iste.,aprobada,false,app_movil,GTQ,retiro_efectivo,10
TX-00092,8007.08,2024-09-05,Expedita eum dolore consectetur necessitatibus.,aprobada,false,transferencia,USD,salud,11
TX-00093,45347.67,2023-03-17,Vero corporis.,aprobada,false,ATM,GTQ,educacion,0
TX-00094,20688.66,2024-08-11,Occaecati exercitationem velit eum cupiditate.,aprobada,false,app_movil,GTQ,viajes,15
TX-00095,22028.77,2023-12-21,Fugiat consequuntur vero distinctio.,aprobada,false,app_movil,GTQ,entretenimiento,11
TX-00096,41985.66,2024-11-02,Sunt dolor veniam.,revertida,false,app_movil,GTQ,educacion,3
TX-00097,40732.1,2023-05-15,Nostrum ad vero aperiam.,aprobada,false,transferencia,GTQ,retiro_efectivo,21
TX-00098,9493.7,2023-09-20,Temporibus quam voluptas.,rechazada,false,transferencia,USD,ropa,9
TX-00099,3850.44,2023-09-01,Possimus eaque.,aprobada,false,app_movil,USD,retiro_efectivo,12
TX-00100,17003.42,2023-02-04,Sapiente esse consequatur voluptatem assumenda.,rechazada,false,online,USD,transferencia,20
TX-00101,17340.47,2024-02-14,Eum molestias corrupti magni.,rechazada,false,online,USD,retiro_efectivo,19
TX-00102,34851.33,2024-01-09,Inventore explicabo.,aprobada,false,ATM,USD,transferencia,18
TX-00103,46184.89,2024-08-16,Ipsam ex.,rechazada,false,app_movil,USD,transporte,0
TX-00104,20759.27,2023-04-19,Dignissimos incidunt reiciendis possimus.,aprobada,false,app_movil,GTQ,ropa,0
TX-00105,35276.61,2024-05-19,Ex soluta exercitationem.,aprobada,false,app_movil,GTQ,servicios,1
TX-00106,45120.04,2023-08-17,Optio modi vitae.,aprobada,false,ATM,USD,salud,0
TX-00107,47175.71,2023-06-11,Aspernatur odit hic.,aprobada,false,transferencia,GTQ,transferencia,3
TX-00108,21436.23,2023-08-14,Harum alias ipsa.,aprobada,false,app_movil,GTQ,alimentacion,15
TX-00109,14768.95,2023-09-14,Odit unde architecto molestiae maiores.,aprobada,false,app_movil,GTQ,viajes,7
TX-00110,23005.43,2023-04-14,Illo ipsum facilis quo.,aprobada,false,app_movil,GTQ,alimentacion,0
TX-00111,40278.39,2023-07-18,Adipisci aliquid minima.,aprobada,false,online,GTQ,servicios,15
TX-00112,19560.76,2024-04-06,Sit iusto ipsam numquam vel.,aprobada,false,online,GTQ,salud,8
TX-00113,29853.65,2024-08-27,Eius ipsa.,aprobada,false,online,USD,ropa,23
TX-00114,32693.58,2024-05-22,Minima doloremque labore error.,aprobada,false,app_movil,USD,salud,17
TX-00115,25879.03,2024-05-29,Perferendis voluptate laborum.,aprobada,false,POS,GTQ,transporte,11
TX-00116,10625.14,2023-04-07,Excepturi quam nulla aut.,aprobada,false,ATM,GTQ,transferencia,10
TX-00117,6397.72,2023-10-06,Tempore atque expedita harum.,rechazada,false,app_movil,USD,retiro_efectivo,13
TX-00118,16395.68,2023-02-22,Voluptate voluptas voluptatibus.,pendiente,false,POS,GTQ,transporte,18
TX-00119,41600.82,2024-09-14,Quisquam rem nesciunt.,rechazada,false,app_movil,USD,alimentacion,3
TX-00120,33579.42,2023-02-05,Aliquam alias reprehenderit numquam aliquam.,aprobada,false,POS,GTQ,retiro_efectivo,18
TX-00121,19630.49,2024-12-27,Unde ex ipsa atque et.,aprobada,false,online,GTQ,educacion,8
TX-00122,42229.02,2024-08-09,Quibusdam sint.,aprobada,false,online,GTQ,transferencia,7
TX-00123,30223.08,2023-04-18,Officia error ab.,aprobada,false,POS,GTQ,transferencia,17
TX-00124,24895.56,2024-06-20,Voluptas molestias quasi.,aprobada,false,transferencia,GTQ,transporte,12
TX-00125,14696.71,2024-11-07,Ab recusandae necessitatibus voluptatum.,aprobada,false,POS,GTQ,educacion,11
TX-00126,31516.63,2023-04-17,Vero fugit nam ipsum.,aprobada,false,ATM,GTQ,transferencia,11
TX-00127,30062.17,2023-01-15,Itaque expedita quidem.,aprobada,false,ATM,GTQ,entretenimiento,11
TX-00128,41286.32,2023-11-18,Rerum dicta quisquam odio itaque.,aprobada,false,online,GTQ,transferencia,2
TX-00129,36437.61,2023-08-22,Est eligendi minus.,aprobada,false,transferencia,USD,entretenimiento,1
TX-00130,22388.44,2024-03-04,Soluta non sunt sint.,aprobada,false,transferencia,USD,viajes,22
TX-00131,19368.25,2023-06-19,Illum odio ut.,rechazada,false,POS,USD,retiro_efectivo,20
TX-00132,44713.24,2023-11-14,Architecto impedit voluptatibus.,aprobada,false,online,GTQ,salud,2
TX-00133,10901.2,2024-04-17,Ea molestiae cumque aliquam aspernatur.,aprobada,false,app_movil,GTQ,salud,17
TX-00134,9835.68,2023-09-02,Quaerat praesentium explicabo iure.,aprobada,false,POS,GTQ,transferencia,16
TX-00135,40949.05,2024-12-23,Earum rem nisi.,aprobada,false,transferencia,GTQ,viajes,21
TX-00136,8350.54,2023-01-05,Molestias nihil.,rechazada,false,ATM,GTQ,ropa,16
TX-00137,27551.06,2023-05-01,Asperiores pariatur repellendus.,pendiente,false,transferencia,GTQ,transporte,2
TX-00138,20753.92,2023-12-16,Vero perspiciatis.,aprobada,false,app_movil,GTQ,servicios,16
TX-00139,3583.08,2023-05-20,Adipisci cumque explicabo ex.,aprobada,false,app_movil,USD,retiro_efectivo,15
TX-00140,43729.85,2023-03-02,Quam perspiciatis.,aprobada,false,ATM,USD,retiro_efectivo,1
TX-00141,40193.32,2023-10-04,Tempora perspiciatis necessitatibus.,revertida,false,app_movil,GTQ,retiro_efectivo,10
TX-00142,33981.98,2023-01-14,Dolorem ipsam at.,aprobada,false,ATM,GTQ,alimentacion,7
TX-00143,24113.9,2024-08-31,Eum reprehenderit nisi veritatis.,aprobada,false,app_movil,USD,entretenimiento,16
TX-00144,33122.89,2023-06-29,Error consequatur cum.,aprobada,false,transferencia,GTQ,ropa,15
TX-00145,9475.25,2024-02-19,Provident sequi.,rechazada,false,app_movil,GTQ,viajes,2
TX-00146,18180.78,2024-12-12,Corporis voluptate minima.,aprobada,false,online,USD,ropa,22
TX-00147,17778.65,2023-11-04,Aut eos minima.,aprobada,false,online,USD,educacion,5
TX-00148,7319.37,2023-11-27,Mollitia expedita.,aprobada,false,transferencia,GTQ,viajes,17
TX-00149,48357.39,2024-12-25,Deserunt ab doloremque dicta.,aprobada,false,transferencia,GTQ,retiro_efectivo,18
TX-00150,40948.54,2023-11-19,Debitis iste sed itaque.,aprobada,false,POS,USD,servicios,3
TX-00151,43231.41,2023-03-18,Modi atque voluptatem.,pendiente,false,ATM,GTQ,viajes,17
TX-00152,49659.41,2024-10-26,Itaque voluptate.,aprobada,false,app_movil,GTQ,viajes,15
TX-00153,48528.05,2024-07-11,Exercitationem quisquam.,rechazada,false,transferencia,GTQ,salud,0
TX-00154,12966.25,2023-11-28,Explicabo rerum consequuntur.,revertida,false,transferencia,USD,entretenimiento,7
TX-00155,47654.02,2023-02-22,Magnam repellendus omnis sed iure.,rechazada,false,online,GTQ,educacion,16
TX-00156,10145.5,2023-09-04,Quisquam assumenda suscipit possimus ipsa.,aprobada,false,online,USD,retiro_efectivo,12
TX-00157,31187.16,2024-01-04,Dicta a.,aprobada,false,ATM,GTQ,ropa,9
TX-00158,15846.45,2023-12-12,Ut eum.,aprobada,false,online,USD,retiro_efectivo,2
TX-00159,9627.0,2024-07-10,Ullam minus consequatur sed.,pendiente,false,ATM,GTQ,salud,12
TX-00160,36951.89,2023-05-29,Nam ipsum.,rechazada,false,online,GTQ,viajes,21
TX-00161,33589.22,2023-06-14,Eos exercitationem.,aprobada,false,transferencia,USD,retiro_efectivo,23
TX-00162,46776.89,2023-09-14,Rem fugiat velit.,pendiente,false,app_movil,GTQ,entretenimiento,18
TX-00163,23474.95,2023-08-03,Aliquid ipsa voluptatem.,revertida,false,ATM,GTQ,ropa,20
TX-00164,28017.72,2024-03-30,Ut praesentium.,aprobada,false,online,USD,entretenimiento,15
TX-00165,49543.94,2023-07-13,Repellat facilis neque.,aprobada,false,POS,USD,transferencia,18
TX-00166,4522.92,2024-12-30,Corrupti eos ullam eos.,aprobada,false,transferencia,USD,salud,8
TX-00167,9279.64,2023-09-04,Commodi voluptatem est sint.,aprobada,false,POS,GTQ,educacion,12
TX-00168,18032.93,2023-12-16,Suscipit velit rem.,rechazada,false,POS,GTQ,transporte,16
TX-00169,15921.7,2024-06-26,Fugit laudantium.,rechazada,false,transferencia,USD,salud,5
TX-00170,44528.11,2023-12-22,Nesciunt eaque excepturi.,aprobada,false,POS,GTQ,alimentacion,1
TX-00171,7541.62,2024-05-01,Magnam ratione aliquid.,aprobada,false,ATM,GTQ,educacion,16
TX-00172,49192.86,2024-08-16,Optio culpa tempore.,pendiente,false,POS,USD,retiro_efectivo,9
TX-00173,5022.08,2024-05-30,Quas mollitia atque deserunt veritatis.,revertida,false,online,GTQ,viajes,14
TX-00174,7396.48,2024-01-11,Accusantium perferendis et debitis.,aprobada,false,POS,GTQ,viajes,6
TX-00175,45362.08,2023-11-18,Eveniet deserunt.,aprobada,false,transferencia,GTQ,salud,13
TX-00176,34264.27,2024-06-20,Provident esse repudiandae asperiores praesentium.,aprobada,false,app_movil,USD,retiro_efectivo,1
TX-00177,8508.22,2024-01-06,Explicabo rerum.,aprobada,false,POS,GTQ,entretenimiento,18
TX-00178,23346.87,2024-11-11,Sit neque iure cumque earum.,aprobada,false,online,GTQ,salud,12
TX-00179,832.15,2024-07-21,Laudantium earum veritatis dolorum.,aprobada,false,ATM,GTQ,alimentacion,7
TX-00180,19712.64,2023-06-05,Vitae fuga illum quos.,aprobada,false,ATM,GTQ,alimentacion,23
TX-00181,44528.6,2023-11-16,Facere repellat deserunt.,aprobada,false,ATM,GTQ,retiro_efectivo,22
TX-00182,24985.49,2024-08-07,Odio doloribus quidem.,rechazada,false,online,GTQ,transporte,21
TX-00183,42663.14,2024-12-25,Exercitationem fugit molestiae nam amet.,aprobada,false,ATM,GTQ,alimentacion,8
TX-00184,35669.35,2024-12-07,Quam itaque similique laboriosam itaque.,aprobada,false,POS,GTQ,viajes,1
TX-00185,8954.4,2023-05-28,Occaecati perferendis ipsam maiores hic.,aprobada,false,app_movil,GTQ,ropa,13
TX-00186,14512.31,2023-01-03,Tenetur natus.,rechazada,false,online,GTQ,ropa,2
TX-00187,8150.44,2024-08-11,Dolores minima ut assumenda et.,aprobada,false,app_movil,GTQ,transporte,4
TX-00188,26357.16,2023-03-23,Velit doloribus qui fugit.,aprobada,false,transferencia,GTQ,viajes,9
TX-00189,43316.59,2023-01-07,A dolorum accusantium.,aprobada,false,POS,GTQ,transferencia,5
TX-00190,13099.72,2024-11-06,Eaque sed praesentium iure.,aprobada,false,POS,GTQ,retiro_efectivo,14
TX-00191,45451.62,2024-01-24,Non eveniet eos illo.,rechazada,false,transferencia,USD,entretenimiento,3
TX-00192,48220.55,2024-03-02,Placeat optio distinctio repellendus.,pendiente,false,online,GTQ,servicios,2
TX-00193,49337.69,2023-08-15,Harum enim aspernatur ducimus dicta.,aprobada,false,online,USD,entretenimiento,10
TX-00194,2808.36,2023-07-01,Officia assumenda inventore id nihil.,pendiente,false,app_movil,USD,educacion,11
TX-00195,28616.05,2023-12-21,Quae ipsa fugiat.,aprobada,false,ATM,GTQ,educacion,16
TX-00196,3822.47,2023-03-11,Ducimus maiores.,rechazada,false,POS,GTQ,alimentacion,14
TX-00197,25795.33,2023-01-25,Enim quas quis.,aprobada,false,ATM,GTQ,alimentacion,19
TX-00198,21691.72,2023-04-07,Perferendis dolorum eos aut.,revertida,false,POS,GTQ,ropa,13
TX-00199,9968.03,2023-05-05,Tempore adipisci ea quibusdam at.,aprobada,false,ATM,GTQ,transporte,21
TX-00200,17848.02,2023-03-09,Corporis ad facere.,aprobada,false,transferencia,GTQ,retiro_efectivo,10
TX-00201,8896.88,2023-01-06,Reprehenderit deleniti expedita.,aprobada,false,online,USD,entretenimiento,18
TX-00202,17833.33,2024-10-31,Eveniet iste sint.,aprobada,false,transferencia,GTQ,retiro_efectivo,2
TX-00203,5542.03,2024-03-27,Ipsa eaque nemo dolorum.,aprobada,false,online,USD,retiro_efectivo,4
TX-00204,30367.79,2023-06-20,Voluptatum omnis veniam sit.,aprobada,false,ATM,GTQ,alimentacion,13
TX-00205,36836.12,2024-12-30,Explicabo quos mollitia ullam.,rechazada,false,POS,GTQ,transferencia,15
TX-00206,11938.1,2023-09-10,Est illum numquam.,aprobada,false,transferencia,USD,entretenimiento,9
TX-00207,12537.62,2024-02-11,Ut dolor consectetur quia.,aprobada,false,ATM,USD,salud,15
TX-00208,14791.43,2024-11-26,Atque rerum.,aprobada,false,transferencia,USD,servicios,9
TX-00209,10532.23,2024-08-21,Nam inventore beatae excepturi dolorem.,aprobada,false,online,GTQ,entretenimiento,8
TX-00210,36871.49,2023-01-20,Alias laudantium non esse.,rechazada,false,transferencia,GTQ,alimentacion,11
TX-00211,14381.24,2024-02-26,In minus ipsa hic.,aprobada,false,online,GTQ,entretenimiento,3
TX-00212,15972.98,2023-01-21,Repellendus assumenda eum consequatur.,aprobada,false,POS,GTQ,alimentacion,16
TX-00213,25562.77,2024-05-22,Pariatur sapiente.,rechazada,false,online,GTQ,ropa,21
TX-00214,27859.12,2023-08-05,Dolorem sit quidem atque.,aprobada,false,online,GTQ,entretenimiento,3
TX-00215,24170.29,2023-10-23,Inventore molestiae.,aprobada,false,transferencia,GTQ,transferencia,1
TX-00216,34593.83,2024-04-27,Ex fuga.,aprobada,false,transferencia,GTQ,educacion,3
TX-00217,10028.46,2023-09-20,Assumenda excepturi a rem.,rechazada,false,POS,GTQ,retiro_efectivo,0
TX-00218,13859.28,2024-06-26,Architecto repellat dolorem quia possimus.,aprobada,false,transferencia,GTQ,servicios,22
TX-00219,39038.84,2024-09-05,Quas nulla.,rechazada,false,app_movil,GTQ,viajes,9
TX-00220,10963.91,2024-01-23,Quis illo suscipit aperiam.,pendiente,false,app_movil,USD,educacion,4
TX-00221,5185.81,2023-01-07,Tenetur quos illum.,rechazada,false,app_movil,GTQ,retiro_efectivo,8
TX-00222,29714.66,2024-05-28,Quibusdam iure placeat.,aprobada,false,app_movil,GTQ,ropa,16
TX-00223,33922.25,2024-08-22,Harum dolorum nisi optio.,rechazada,false,ATM,GTQ,alimentacion,17
TX-00224,38688.01,2023-04-30,Sint nemo deserunt.,aprobada,false,transferencia,GTQ,entretenimiento,7
TX-00225,48713.93,2024-01-18,Doloribus occaecati magni.,aprobada,false,online,GTQ,viajes,15
TX-00226,46766.71,2023-08-11,Qui quis exercitationem.,aprobada,false,online,GTQ,transporte,17
TX-00227,26166.76,2024-04-15,A eius autem.,aprobada,false,app_movil,GTQ,educacion,15
TX-00228,12432.19,2023-09-07,Quae repellat impedit.,rechazada,false,transferencia,GTQ,educacion,2
TX-00229,37795.73,2023-08-14,Illo sunt modi natus itaque.,aprobada,false,transferencia,GTQ,transferencia,7
TX-00230,29974.79,2023-05-19,Expedita nesciunt eius.,rechazada,false,online,USD,viajes,7
TX-00231,9418.42,2024-09-06,Sint dolor.,aprobada,false,transferencia,USD,servicios,11
TX-00232,43255.16,2023-04-06,Blanditiis quam tempore possimus.,pendiente,false,online,GTQ,transferencia,22
TX-00233,15235.97,2023-12-03,Accusantium qui eligendi.,rechazada,false,app_movil,GTQ,servicios,23
TX-00234,1856.68,2024-08-25,Impedit rerum.,aprobada,false,app_movil,USD,alimentacion,14
TX-00235,26705.13,2024-09-09,Nostrum doloribus laboriosam.,aprobada,false,app_movil,GTQ,viajes,14
TX-00236,23968.95,2024-04-06,Quae alias tempore architecto excepturi.,revertida,false,online,GTQ,viajes,18
TX-00237,10036.53,2024-12-04,Distinctio accusamus voluptate.,aprobada,false,POS,GTQ,ropa,21
TX-00238,45197.88,2024-08-17,Optio laudantium reprehenderit.,aprobada,false,app_movil,GTQ,alimentacion,17
TX-00239,40519.8,2024-12-23,Porro laboriosam ducimus.,aprobada,false,POS,GTQ,ropa,9
TX-00240,1594.53,2024-12-31,Voluptate impedit excepturi mollitia.,aprobada,false,online,USD,transporte,6
TX-00241,39651.66,2024-04-12,Enim magni eaque.,pendiente,false,transferencia,GTQ,transporte,21
TX-00242,29413.8,2024-02-01,Facilis voluptatem maxime.,aprobada,false,app_movil,GTQ,servicios,18
TX-00243,15417.06,2023-03-13,Inventore quisquam sint ullam.,aprobada,false,app_movil,GTQ,educacion,7
TX-00244,49836.46,2024-03-05,Expedita dignissimos.,aprobada,false,online,GTQ,transporte,14
TX-00245,40462.75,2024-12-11,Distinctio et aperiam.,pendiente,false,app_movil,GTQ,transporte,10
TX-00246,42004.92,2023-06-20,Cupiditate aliquam natus.,aprobada,false,ATM,USD,retiro_efectivo,18
TX-00247,18357.91,2024-10-26,In amet.,aprobada,false,transferencia,GTQ,transferencia,16
TX-00248,31229.79,2024-02-19,Repellendus suscipit odit.,revertida,false,transferencia,GTQ,retiro_efectivo,2
TX-00249,49969.44,2023-12-09,Deserunt nostrum illum.,aprobada,false,online,USD,salud,21
TX-00250,35310.8,2023-10-12,Consectetur animi neque cum.,aprobada,false,ATM,GTQ,viajes,1
TX-00251,18426.82,2024-02-18,Repellat magnam optio tempore officia.,aprobada,false,transferencia,USD,alimentacion,10
TX-00252,37571.29,2023-09-19,Vero hic culpa commodi.,aprobada,false,POS,GTQ,transporte,13
TX-00253,248.85,2023-10-06,Accusantium ducimus repudiandae aspernatur.,aprobada,false,online,GTQ,servicios,0
TX-00254,11929.7,2023-05-06,Quos totam quos.,aprobada,false,POS,GTQ,viajes,4
TX-00255,38438.87,2024-09-13,Quas repellendus suscipit.,aprobada,false,POS,GTQ,transferencia,14
TX-00256,36651.49,2024-05-30,Repellendus sit numquam maiores.,aprobada,false,ATM,GTQ,ropa,5
TX-00257,22678.07,2023-07-31,Odio qui ex voluptatum ratione.,aprobada,false,online,USD,educacion,4
TX-00258,41143.43,2024-09-05,Asperiores libero iste facilis incidunt.,revertida,false,app_movil,GTQ,ropa,18
TX-00259,34485.78,2024-02-25,Voluptate magnam fuga vel.,aprobada,false,transferencia,GTQ,ropa,15
TX-00260,46983.03,2024-06-04,Amet illo animi.,revertida,false,app_movil,USD,servicios,23
TX-00261,24220.9,2023-03-10,Pariatur ratione fugit.,rechazada,false,ATM,USD,ropa,21
TX-00262,34795.94,2023-12-30,Sapiente sapiente inventore eius.,aprobada,false,transferencia,GTQ,transferencia,23
TX-00263,40331.15,2024-04-15,Explicabo provident quaerat.,aprobada,false,app_movil,GTQ,ropa,22
TX-00264,38394.85,2023-04-20,Sequi ab aperiam ullam distinctio.,aprobada,false,app_movil,GTQ,salud,0
TX-00265,48151.01,2023-06-11,Delectus quis tenetur cum.,aprobada,false,online,GTQ,alimentacion,1
TX-00266,45019.99,2024-02-23,Non dolorum ab.,aprobada,false,POS,GTQ,servicios,6
TX-00267,38822.79,2023-01-01,Harum molestias beatae laudantium dolorem.,aprobada,false,ATM,GTQ,entretenimiento,15
TX-00268,36751.75,2024-04-24,Quae ex labore soluta.,pendiente,false,transferencia,GTQ,viajes,22
TX-00269,20527.64,2023-10-30,Quis enim.,aprobada,false,online,GTQ,servicios,0
TX-00270,34380.83,2023-08-04,Molestiae error expedita repellat.,aprobada,false,transferencia,GTQ,transporte,0
TX-00271,19887.99,2023-06-21,Voluptas officiis perspiciatis magni nisi.,aprobada,false,app_movil,USD,servicios,14
TX-00272,12336.27,2023-03-15,Consectetur incidunt odio.,aprobada,false,online,GTQ,salud,9
TX-00273,15455.94,2024-03-07,Rem esse minus.,aprobada,false,online,GTQ,servicios,16
TX-00274,41309.8,2024-01-29,Libero non ut magni.,aprobada,false,app_movil,USD,retiro_efectivo,1
TX-00275,10216.18,2024-09-27,Temporibus incidunt.,aprobada,false,POS,GTQ,transporte,21
TX-00276,33159.55,2023-07-09,Ut voluptate placeat ipsa quisquam.,aprobada,false,online,GTQ,transporte,1
TX-00277,31195.4,2024-04-27,Voluptatum veritatis voluptatum voluptates minima.,aprobada,false,POS,GTQ,entretenimiento,22
TX-00278,21603.66,2024-03-25,Consequuntur maiores ducimus ducimus maiores.,aprobada,false,POS,GTQ,ropa,22
TX-00279,11723.24,2024-10-12,Officia molestias molestiae.,aprobada,false,POS,GTQ,entretenimiento,10
TX-00280,43123.13,2024-08-01,Deleniti qui doloremque provident.,aprobada,false,POS,GTQ,ropa,22
TX-00281,37273.25,2023-03-17,Nulla qui.,aprobada,false,ATM,GTQ,alimentacion,16
TX-00282,48800.13,2024-06-15,Sunt ex totam.,aprobada,false,POS,GTQ,ropa,7
TX-00283,11186.67,2024-03-30,Excepturi dolor consequuntur.,aprobada,false,ATM,USD,retiro_efectivo,3
TX-00284,41609.62,2023-05-17,Quibusdam maiores excepturi omnis.,aprobada,false,online,GTQ,ropa,10
TX-00285,49645.24,2023-12-23,Cum adipisci incidunt.,aprobada,false,app_movil,GTQ,servicios,0
TX-00286,47313.85,2023-02-06,Voluptas vel alias eveniet.,aprobada,false,ATM,GTQ,retiro_efectivo,19
TX-00287,4639.57,2023-07-15,Ab asperiores.,aprobada,false,online,GTQ,transferencia,9
TX-00288,21706.6,2023-06-27,Molestias nobis.,aprobada,false,transferencia,USD,ropa,18
TX-00289,43714.06,2023-09-10,Aspernatur eum.,aprobada,false,transferencia,GTQ,alimentacion,4
TX-00290,33278.95,2023-03-06,Consequuntur mollitia distinctio porro nemo.,aprobada,false,ATM,GTQ,servicios,10
TX-00291,34742.41,2024-01-07,Exercitationem numquam eos.,rechazada,false,transferencia,GTQ,transferencia,14
TX-00292,29402.2,2023-08-12,Eius quis corrupti.,aprobada,false,transferencia,GTQ,entretenimiento,8
TX-00293,38263.91,2023-09-15,Modi adipisci.,aprobada,false,ATM,USD,ropa,8
TX-00294,3316.21,2024-05-19,Incidunt esse tempore.,aprobada,false,POS,GTQ,entretenimiento,21
TX-00295,38167.08,2024-02-11,Sed assumenda impedit voluptate.,aprobada,false,online,GTQ,viajes,13
TX-00296,40228.57,2024-03-17,Perspiciatis optio corporis.,aprobada,false,ATM,USD,salud,22
TX-00297,42344.17,2023-09-25,Quas perferendis.,aprobada,false,ATM,USD,servicios,4
TX-00298,49011.44,2023-01-03,Nisi earum mollitia.,aprobada,false,transferencia,GTQ,retiro_efectivo,3
TX-00299,36029.86,2023-03-16,Earum similique.,aprobada,false,ATM,GTQ,retiro_efectivo,18
TX-00300,43987.29,2024-11-05,Nostrum velit magni.,aprobada,false,transferencia,GTQ,servicios,19
TX-00301,33304.65,2024-10-25,Et animi qui quaerat.,rechazada,false,online,USD,transporte,17
TX-00302,5507.18,2024-09-07,Minus maxime dignissimos dignissimos sit.,rechazada,false,app_movil,GTQ,alimentacion,16
TX-00303,25754.1,2024-08-29,Ea ad quibusdam voluptatem consequuntur.,aprobada,false,POS,GTQ,alimentacion,10
TX-00304,27329.84,2023-10-02,Consectetur similique voluptas natus dolorem.,aprobada,false,transferencia,GTQ,salud,1
TX-00305,49698.52,2024-07-20,Incidunt dolore similique est.,aprobada,false,POS,USD,transporte,10
TX-00306,18838.98,2024-12-28,Ducimus sed provident sit dolorem.,aprobada,false,POS,GTQ,retiro_efectivo,10
TX-00307,29519.04,2024-10-11,Praesentium tempore atque.,aprobada,false,app_movil,GTQ,transporte,18
TX-00308,20552.5,2024-02-29,Illo fugiat adipisci eius commodi.,rechazada,false,POS,GTQ,viajes,3
TX-00309,3763.57,2023-10-25,Inventore inventore dignissimos.,aprobada,false,ATM,USD,servicios,20
TX-00310,25290.95,2023-06-02,Nostrum error voluptatum.,rechazada,false,online,USD,ropa,4
TX-00311,38868.51,2023-02-22,Voluptatem animi.,aprobada,false,ATM,GTQ,educacion,12
TX-00312,29243.55,2024-12-07,Aliquam pariatur explicabo.,aprobada,false,transferencia,USD,transferencia,8
TX-00313,234.95,2024-08-15,Deleniti in.,aprobada,false,ATM,GTQ,salud,12
TX-00314,21642.45,2024-03-03,Mollitia quis in et.,aprobada,false,online,USD,ropa,23
TX-00315,19543.25,2024-05-17,Incidunt soluta explicabo veniam repellat.,aprobada,false,POS,USD,retiro_efectivo,13
TX-00316,14277.62,2024-08-11,Nemo a.,aprobada,false,ATM,GTQ,alimentacion,0
TX-00317,33773.86,2024-02-10,Fuga natus inventore eveniet.,aprobada,false,transferencia,GTQ,transporte,18
TX-00318,26422.88,2023-05-28,Eius repellendus odit.,aprobada,false,online,USD,transferencia,1
TX-00319,38445.48,2023-08-20,Quasi repellendus.,pendiente,false,ATM,GTQ,entretenimiento,4
TX-00320,19283.55,2023-04-07,Nemo explicabo dolores.,revertida,false,transferencia,USD,viajes,15
TX-00321,43321.69,2024-01-08,Ad odit aperiam at.,aprobada,false,ATM,USD,ropa,21
TX-00322,19849.07,2024-05-31,Quaerat voluptas consequatur.,aprobada,false,online,USD,ropa,17
TX-00323,12277.55,2023-02-07,Soluta adipisci molestiae.,rechazada,false,ATM,GTQ,ropa,18
TX-00324,33769.69,2024-04-30,Molestias dolore.,aprobada,false,online,GTQ,ropa,4
TX-00325,29479.66,2023-01-16,A vero dolorum sint.,aprobada,false,transferencia,GTQ,viajes,3
TX-00326,8897.22,2024-11-11,Neque aliquam laboriosam doloribus.,aprobada,false,transferencia,USD,viajes,6
TX-00327,34420.09,2023-05-23,Cum eos quidem laborum assumenda.,rechazada,false,app_movil,GTQ,retiro_efectivo,13
TX-00328,17029.41,2023-09-18,Eligendi officia molestiae in nam.,aprobada,false,ATM,GTQ,salud,15
TX-00329,37632.16,2023-12-19,Ipsum ex nihil.,aprobada,false,transferencia,USD,servicios,22
TX-00330,45255.21,2023-05-18,Similique adipisci.,rechazada,false,POS,USD,alimentacion,5
TX-00331,4042.48,2023-01-28,Maxime eligendi voluptatibus neque debitis.,aprobada,false,app_movil,GTQ,transferencia,15
TX-00332,37447.53,2024-11-07,Eius rerum.,aprobada,false,POS,USD,educacion,4
TX-00333,33350.63,2023-10-12,Ipsa praesentium illum quas.,aprobada,false,ATM,GTQ,educacion,11
TX-00334,1542.23,2023-08-11,Ea corrupti voluptatem debitis.,aprobada,false,transferencia,GTQ,salud,2
TX-00335,21564.87,2024-11-09,Sapiente nulla fugiat in.,aprobada,false,POS,USD,servicios,16
TX-00336,21107.22,2024-05-13,Amet dolore voluptatibus optio.,rechazada,false,POS,USD,educacion,13
TX-00337,35624.4,2023-04-10,Fugiat voluptates laboriosam eius.,aprobada,false,ATM,GTQ,alimentacion,1
TX-00338,25469.75,2023-09-10,Atque aut accusamus.,aprobada,false,transferencia,USD,retiro_efectivo,7
TX-00339,32124.12,2024-04-02,Ipsam voluptate porro dolor.,aprobada,false,POS,GTQ,servicios,2
TX-00340,11092.22,2023-10-17,Sapiente accusamus.,rechazada,false,online,GTQ,ropa,20
TX-00341,6492.29,2023-09-28,Quas vitae.,aprobada,false,ATM,GTQ,servicios,19
TX-00342,22814.83,2024-01-06,Rem quia dicta asperiores maiores.,aprobada,false,ATM,GTQ,ropa,14
TX-00343,40228.22,2024-06-22,Enim sit assumenda dolorem.,aprobada,false,POS,USD,entretenimiento,21
TX-00344,15457.5,2023-02-05,Ut iusto voluptatibus.,aprobada,false,online,GTQ,viajes,16
TX-00345,41356.96,2024-12-29,Provident deleniti aliquam cumque.,aprobada,false,ATM,USD,servicios,18
TX-00346,8825.54,2023-01-17,Quibusdam deleniti tempora minima.,aprobada,false,transferencia,USD,educacion,9
TX-00347,12336.74,2024-11-10,Possimus odit.,aprobada,false,transferencia,GTQ,transferencia,17
TX-00348,44024.2,2024-08-13,Eveniet nisi sed.,aprobada,false,app_movil,USD,salud,1
TX-00349,17023.25,2023-05-14,Consequuntur quasi excepturi.,aprobada,false,ATM,GTQ,alimentacion,16
TX-00350,20371.04,2024-03-05,Occaecati laudantium exercitationem.,aprobada,false,online,USD,servicios,9
TX-00351,37309.06,2024-03-31,Dolore enim dolores et.,aprobada,false,online,GTQ,retiro_efectivo,13
TX-00352,49683.27,2024-08-06,Praesentium nulla ipsam harum.,aprobada,false,POS,GTQ,viajes,16
TX-00353,45976.21,2023-08-19,Perferendis esse amet.,aprobada,false,app_movil,USD,ropa,23
TX-00354,16408.2,2024-08-22,Consectetur veritatis temporibus.,aprobada,false,online,GTQ,transporte,20
TX-00355,37418.64,2023-06-27,Quam exercitationem maxime.,aprobada,false,transferencia,GTQ,ropa,10
TX-00356,30942.45,2024-04-16,Quod laboriosam voluptates accusantium.,revertida,false,POS,GTQ,servicios,2
TX-00357,33737.44,2024-06-01,Consectetur modi dolores.,aprobada,false,ATM,USD,transferencia,12
TX-00358,38291.85,2024-07-30,Laborum ullam iste laboriosam.,aprobada,false,online,USD,servicios,9
TX-00359,35402.92,2024-07-21,Omnis animi voluptatem.,aprobada,false,transferencia,GTQ,entretenimiento,2
TX-00360,2209.18,2024-10-22,Repudiandae autem sint alias.,rechazada,false,ATM,GTQ,alimentacion,0
TX-00361,25235.44,2024-02-22,Commodi deserunt consequatur.,aprobada,false,online,GTQ,transferencia,5
TX-00362,4299.47,2024-05-15,Optio in explicabo.,aprobada,false,ATM,GTQ,ropa,10
TX-00363,28257.47,2024-02-12,Consequuntur possimus repellendus debitis.,aprobada,false,transferencia,GTQ,alimentacion,1
TX-00364,35661.5,2024-10-08,Quaerat rerum.,aprobada,false,POS,USD,retiro_efectivo,0
TX-00365,7839.76,2023-06-28,Corporis blanditiis atque debitis.,aprobada,false,ATM,GTQ,educacion,8
TX-00366,21182.72,2024-12-21,Vero asperiores debitis quisquam.,pendiente,false,transferencia,GTQ,transferencia,12
TX-00367,42675.51,2023-12-20,Labore quibusdam vel.,aprobada,false,transferencia,GTQ,transporte,6
TX-00368,16601.05,2023-07-04,Numquam sint accusamus inventore commodi.,aprobada,false,ATM,GTQ,educacion,23
TX-00369,11608.37,2024-03-18,Nam cupiditate minima rem.,aprobada,false,ATM,GTQ,servicios,10
TX-00370,10641.67,2023-05-14,Quisquam vel exercitationem minima.,aprobada,false,app_movil,GTQ,ropa,14
TX-00371,2413.93,2024-11-12,Quo repellat facere.,aprobada,false,app_movil,GTQ,educacion,10
TX-00372,29967.28,2023-09-20,Cum illum.,aprobada,false,transferencia,GTQ,servicios,14
TX-00373,1502.01,2024-02-27,Maxime molestias nulla.,aprobada,false,ATM,GTQ,transferencia,16
TX-00374,49822.47,2024-02-07,Id architecto.,aprobada,false,app_movil,USD,viajes,8
TX-00375,13654.73,2023-06-05,Repudiandae esse blanditiis.,aprobada,false,app_movil,USD,transporte,21
TX-00376,38404.65,2024-01-13,Quisquam dolorum natus sunt.,aprobada,false,ATM,GTQ,retiro_efectivo,9
TX-00377,2530.39,2023-06-07,Quae corrupti assumenda.,aprobada,false,ATM,GTQ,salud,23
TX-00378,35759.28,2024-01-07,Facilis dolores nesciunt ullam.,aprobada,false,transferencia,GTQ,servicios,11
TX-00379,10351.95,2023-01-11,Cumque necessitatibus occaecati laborum.,aprobada,false,app_movil,GTQ,retiro_efectivo,15
TX-00380,24965.96,2024-06-19,Rem temporibus veniam dolorum.,rechazada,false,POS,GTQ,transferencia,21
TX-00381,13408.79,2024-03-01,Tenetur et.,aprobada,false,app_movil,USD,transporte,12
TX-00382,13022.8,2024-12-15,Reiciendis voluptates minus.,aprobada,false,app_movil,GTQ,transferencia,2
TX-00383,46602.46,2023-04-20,Eligendi nulla beatae odit repellat.,aprobada,false,app_movil,USD,viajes,21
TX-00384,19729.19,2023-11-02,Cumque accusamus animi.,aprobada,false,app_movil,GTQ,transferencia,10
TX-00385,15924.98,2024-10-06,Aspernatur illo perferendis facilis.,rechazada,false,POS,GTQ,ropa,18
TX-00386,49941.87,2023-03-05,Dignissimos nobis labore.,aprobada,false,app_movil,GTQ,salud,6
TX-00387,17941.56,2023-03-21,Veritatis labore blanditiis aut.,aprobada,false,POS,GTQ,alimentacion,1
TX-00388,48253.06,2024-12-30,Iste sit cum repellat labore.,aprobada,false,app_movil,USD,alimentacion,23
TX-00389,4529.39,2024-10-31,Voluptatibus nemo ipsum.,pendiente,false,transferencia,GTQ,salud,3
TX-00390,31593.28,2024-11-17,Reiciendis maxime animi.,pendiente,false,app_movil,GTQ,transferencia,23
TX-00391,46096.46,2023-06-17,Reprehenderit illum laborum laborum.,aprobada,false,ATM,USD,transferencia,15
TX-00392,22038.93,2024-04-25,Cupiditate aut sequi incidunt.,aprobada,false,transferencia,GTQ,ropa,12
TX-00393,29242.67,2023-02-07,Dolorum ut numquam veniam doloribus.,aprobada,false,transferencia,GTQ,entretenimiento,18
TX-00394,30453.11,2024-09-07,Voluptatibus iusto nemo consectetur.,aprobada,false,transferencia,USD,ropa,12
TX-00395,48697.95,2024-05-04,Dolorem nesciunt esse.,aprobada,false,transferencia,GTQ,entretenimiento,5
TX-00396,41270.5,2023-08-06,Cumque iste rem incidunt.,aprobada,false,ATM,USD,viajes,22
TX-00397,40770.39,2024-03-06,Mollitia id magni occaecati.,aprobada,false,ATM,GTQ,transporte,15
TX-00398,14363.5,2024-01-04,Accusamus recusandae minima culpa.,aprobada,false,transferencia,GTQ,transporte,17
TX-00399,26319.77,2023-06-26,Hic asperiores neque itaque tenetur.,aprobada,false,transferencia,USD,ropa,2
TX-00400,39826.89,2023-03-29,Sit voluptatum sint veniam ipsa.,aprobada,false,transferencia,GTQ,ropa,11
TX-00401,7765.38,2024-12-10,Soluta necessitatibus nisi minus.,aprobada,false,transferencia,GTQ,entretenimiento,5
TX-00402,24517.41,2023-01-27,Eius id natus.,aprobada,false,online,USD,viajes,17
TX-00403,27351.43,2024-12-31,Sit eius excepturi.,aprobada,false,ATM,GTQ,salud,4
TX-00404,27162.96,2024-03-25,Magni amet ipsam delectus soluta.,rechazada,false,online,GTQ,servicios,4
TX-00405,40143.49,2024-09-04,Magnam vitae explicabo.,aprobada,false,ATM,GTQ,educacion,11
TX-00406,26317.14,2023-11-14,Perspiciatis sed.,aprobada,false,ATM,USD,servicios,13
TX-00407,18003.21,2023-02-04,Iusto ex blanditiis alias rerum.,aprobada,false,online,GTQ,entretenimiento,21
TX-00408,37911.98,2023-05-06,Sapiente labore.,pendiente,false,ATM,USD,ropa,3
TX-00409,27321.08,2024-07-06,Voluptate perspiciatis nihil exercitationem voluptas.,aprobada,false,POS,GTQ,viajes,16
TX-00410,37361.23,2023-12-13,Magnam maxime.,aprobada,false,online,GTQ,alimentacion,0
TX-00411,85.41,2024-10-19,Eveniet eos rem tempore sed.,aprobada,false,POS,GTQ,viajes,3
TX-00412,12689.4,2024-03-21,Id in aperiam at.,aprobada,false,app_movil,GTQ,salud,8
TX-00413,18852.62,2024-01-29,Accusamus quae iure ullam.,aprobada,false,transferencia,USD,educacion,13
TX-00414,46801.77,2023-08-28,At ipsa modi possimus.,aprobada,false,online,GTQ,servicios,7
TX-00415,48703.6,2023-07-23,Voluptas dignissimos.,aprobada,false,transferencia,USD,transferencia,13
TX-00416,39662.76,2024-12-10,Eveniet est porro.,pendiente,false,ATM,GTQ,entretenimiento,4
TX-00417,17252.96,2023-07-05,Nobis sapiente architecto.,aprobada,false,transferencia,GTQ,educacion,2
TX-00418,14422.09,2023-11-17,Praesentium nihil laudantium.,aprobada,false,app_movil,GTQ,entretenimiento,7
TX-00419,15981.36,2024-10-10,Praesentium quam consequatur.,aprobada,false,online,GTQ,servicios,0
TX-00420,31219.44,2024-10-18,Ducimus maxime eos ipsa.,aprobada,false,app_movil,GTQ,entretenimiento,0
TX-00421,47474.27,2024-05-13,Et corrupti quaerat.,aprobada,false,online,GTQ,viajes,11
TX-00422,37556.22,2023-11-21,Perferendis aspernatur.,aprobada,false,transferencia,GTQ,transferencia,17
TX-00423,24239.62,2023-08-26,Velit modi sed.,aprobada,false,app_movil,GTQ,ropa,9
TX-00424,26440.69,2023-12-25,Officia iure explicabo.,aprobada,false,app_movil,GTQ,educacion,20
TX-00425,34001.74,2024-11-01,Suscipit illum ut.,aprobada,false,transferencia,USD,servicios,21
TX-00426,30607.58,2023-09-17,Pariatur cupiditate quam rerum.,aprobada,false,POS,USD,educacion,20
TX-00427,3235.36,2024-03-21,Quos vitae aperiam.,revertida,false,transferencia,GTQ,transferencia,12
TX-00428,12556.21,2024-05-03,Iste beatae vel.,aprobada,false,online,GTQ,salud,15
TX-00429,7088.75,2024-06-03,Exercitationem inventore nisi.,aprobada,false,ATM,GTQ,servicios,2
TX-00430,39274.64,2024-09-27,Sequi accusamus aspernatur dolor.,aprobada,false,app_movil,GTQ,retiro_efectivo,2
TX-00431,16612.19,2024-05-19,Adipisci dolores minima soluta.,rechazada,false,transferencia,GTQ,retiro_efectivo,15
TX-00432,36526.27,2024-08-31,Amet perspiciatis excepturi.,rechazada,false,ATM,GTQ,alimentacion,4
TX-00433,624.64,2023-10-21,Maiores inventore quae reiciendis.,pendiente,false,online,GTQ,transporte,18
TX-00434,27530.95,2023-10-19,Assumenda temporibus iste.,aprobada,false,app_movil,GTQ,transferencia,10
TX-00435,15152.81,2023-07-09,Sapiente saepe.,aprobada,false,ATM,GTQ,entretenimiento,8
TX-00436,49033.97,2023-07-12,Vitae fuga accusantium doloribus quia.,rechazada,false,app_movil,GTQ,salud,3
TX-00437,16818.37,2023-07-27,Dolorum quibusdam.,pendiente,false,POS,GTQ,salud,13
TX-00438,47245.01,2023-11-18,Corporis inventore ullam quidem quos.,pendiente,false,online,USD,transferencia,19
TX-00439,19803.61,2023-06-10,Necessitatibus vero atque.,aprobada,false,POS,GTQ,transporte,18
TX-00440,24509.44,2024-05-15,Et eveniet quaerat vero.,aprobada,false,POS,USD,ropa,16
TX-00441,42979.61,2023-05-30,Corporis debitis dolorum eligendi vitae.,aprobada,false,transferencia,USD,servicios,20
TX-00442,12385.07,2024-08-25,Vel repudiandae reprehenderit illum animi.,revertida,false,app_movil,USD,servicios,13
TX-00443,12370.48,2024-03-23,Doloremque cupiditate.,aprobada,false,transferencia,USD,viajes,23
TX-00444,28473.44,2024-05-25,Expedita culpa.,aprobada,false,app_movil,GTQ,ropa,21
TX-00445,34309.04,2023-10-27,Velit harum placeat eaque vitae.,pendiente,false,POS,GTQ,ropa,1
TX-00446,7033.41,2024-02-14,Culpa eaque laborum voluptatem.,aprobada,false,app_movil,GTQ,transferencia,22
TX-00447,4093.68,2024-03-28,Aliquam porro.,pendiente,false,POS,GTQ,entretenimiento,21
TX-00448,17791.06,2024-04-04,Corporis voluptas ullam perferendis laborum.,aprobada,false,ATM,GTQ,ropa,12
TX-00449,16634.99,2023-11-08,Unde dolorum excepturi sapiente iure.,aprobada,false,ATM,GTQ,ropa,0
TX-00450,22946.05,2023-11-24,Fuga mollitia blanditiis ex.,aprobada,false,POS,GTQ,retiro_efectivo,2
TX-00451,13905.26,2024-10-14,Consequatur vel voluptatum.,rechazada,false,app_movil,GTQ,transporte,5
TX-00452,23023.05,2023-02-05,Maxime omnis.,aprobada,false,transferencia,USD,retiro_efectivo,17
TX-00453,35594.88,2023-07-25,Similique neque omnis at.,aprobada,false,app_movil,GTQ,alimentacion,10
TX-00454,30933.2,2024-05-03,Repudiandae iure qui ex aliquid.,aprobada,false,app_movil,GTQ,retiro_efectivo,10
TX-00455,1671.51,2024-04-09,Cumque deleniti reiciendis voluptate.,aprobada,false,transferencia,USD,alimentacion,11
TX-00456,20443.21,2024-03-01,Labore recusandae dolore voluptatum.,aprobada,false,ATM,GTQ,transporte,1
TX-00457,15885.43,2024-07-14,Eligendi magni ipsa esse.,rechazada,false,transferencia,GTQ,servicios,3
TX-00458,43253.98,2024-06-17,Aliquam eligendi.,rechazada,false,ATM,USD,salud,15
TX-00459,5590.84,2024-08-10,Quo pariatur modi.,aprobada,false,transferencia,GTQ,transporte,4
TX-00460,12074.28,2024-03-12,Vel deserunt corrupti.,aprobada,false,POS,GTQ,transferencia,15
TX-00461,26539.44,2023-02-04,Vel qui quia.,aprobada,false,transferencia,GTQ,educacion,11
TX-00462,48889.1,2024-03-11,Consectetur recusandae reprehenderit.,aprobada,false,transferencia,USD,retiro_efectivo,6
TX-00463,8102.54,2024-07-02,Totam asperiores.,pendiente,false,app_movil,GTQ,ropa,14
TX-00464,23745.42,2024-01-16,Illo fugiat.,aprobada,false,POS,USD,ropa,12
TX-00465,36753.31,2023-12-01,Culpa quis fuga.,aprobada,false,app_movil,GTQ,alimentacion,7
TX-00466,45011.15,2023-05-14,Minus ratione tempore.,aprobada,false,app_movil,GTQ,alimentacion,15
TX-00467,34425.4,2024-06-29,Officiis illo officiis dolore.,aprobada,false,ATM,GTQ,retiro_efectivo,10
TX-00468,27033.57,2023-11-24,Suscipit cum.,aprobada,false,POS,USD,retiro_efectivo,20
TX-00469,24226.7,2023-10-26,Recusandae excepturi voluptatum et.,aprobada,false,ATM,USD,servicios,10
TX-00470,1073.79,2023-10-23,Ex atque dicta magni.,aprobada,false,POS,USD,alimentacion,16
TX-00471,2972.77,2024-04-23,Modi inventore iusto magni.,rechazada,false,POS,USD,educacion,11
TX-00472,18954.97,2024-06-19,Tempora iste.,aprobada,false,POS,GTQ,viajes,12
TX-00473,17170.39,2024-01-11,Iusto cumque facere provident.,rechazada,false,POS,GTQ,viajes,2
TX-00474,35234.36,2024-03-27,Illum magnam totam.,aprobada,false,online,GTQ,ropa,0
TX-00475,16792.4,2023-11-05,Amet quaerat laudantium quaerat ex.,aprobada,false,POS,GTQ,retiro_efectivo,9
TX-00476,23883.11,2024-02-20,Veniam ipsum.,aprobada,false,ATM,USD,transferencia,20
TX-00477,19227.5,2024-09-13,Eius cupiditate a quidem.,aprobada,false,POS,USD,transferencia,20
TX-00478,17420.73,2024-12-13,Illum porro ipsa.,aprobada,false,app_movil,USD,retiro_efectivo,20
TX-00479,19693.14,2024-07-29,Rem dolorum doloremque.,pendiente,false,ATM,GTQ,educacion,20
TX-00480,18147.37,2024-06-06,Itaque aliquam autem asperiores cupiditate.,aprobada,false,ATM,USD,transporte,9
TX-00481,11054.35,2023-12-24,Vitae laboriosam quibusdam atque fugiat.,aprobada,false,transferencia,GTQ,educacion,23
TX-00482,13614.63,2024-10-13,Nisi cum accusantium amet.,pendiente,false,ATM,USD,transferencia,8
TX-00483,35120.38,2024-11-18,Dolor deserunt.,aprobada,false,app_movil,GTQ,alimentacion,12
TX-00484,10593.83,2024-12-28,Consequuntur nesciunt nulla quidem et.,aprobada,false,online,GTQ,educacion,11
TX-00485,39953.63,2024-03-03,Et tempora libero.,aprobada,false,transferencia,GTQ,entretenimiento,17
TX-00486,522.18,2024-08-12,Porro odit.,rechazada,false,POS,GTQ,servicios,9
TX-00487,47261.6,2023-08-04,Illum nulla dolore.,aprobada,false,transferencia,GTQ,alimentacion,16
TX-00488,44378.12,2024-02-21,Totam mollitia commodi distinctio.,revertida,false,transferencia,USD,retiro_efectivo,3
TX-00489,42897.96,2024-07-12,Saepe deserunt.,aprobada,false,POS,GTQ,transferencia,7
TX-00490,4805.55,2023-02-25,Nisi atque provident.,aprobada,false,ATM,GTQ,educacion,17
TX-00491,49766.45,2024-01-14,Quaerat facere distinctio autem.,aprobada,false,app_movil,GTQ,transporte,12
TX-00492,21090.97,2023-05-11,Repellendus sint at.,aprobada,false,online,GTQ,transferencia,7
TX-00493,38516.14,2023-06-15,Praesentium unde illo omnis et.,aprobada,false,app_movil,USD,transferencia,5
TX-00494,31947.39,2023-11-13,Atque distinctio perferendis dolore maxime.,aprobada,false,app_movil,GTQ,ropa,23
TX-00495,28207.81,2024-06-01,Nisi occaecati.,aprobada,false,POS,GTQ,servicios,20
TX-00496,11031.34,2023-12-11,Pariatur aspernatur animi.,aprobada,false,ATM,USD,transporte,20
TX-00497,8632.76,2023-03-26,Architecto autem tenetur provident molestias.,pendiente,false,POS,GTQ,educacion,8
TX-00498,1854.22,2023-09-29,Aperiam aspernatur molestiae.,aprobada,false,app_movil,GTQ,transporte,10
TX-00499,14203.6,2023-12-20,Molestias architecto quibusdam.,aprobada,false,app_movil,GTQ,retiro_efectivo,8
TX-00500,45147.27,2024-02-29,Velit sint.,aprobada,false,ATM,USD,educacion,19
TX-00501,4324.69,2024-11-20,Earum sequi iure doloremque.,aprobada,false,online,USD,transporte,8
TX-00502,2236.39,2024-09-01,Incidunt laboriosam dicta veniam.,rechazada,false,app_movil,GTQ,viajes,17
TX-00503,40531.12,2023-07-16,Sint iure molestiae deleniti dicta.,aprobada,false,transferencia,GTQ,transferencia,6
TX-00504,8247.41,2023-06-27,Voluptatem quasi praesentium alias.,aprobada,false,online,USD,viajes,23
TX-00505,32998.19,2023-05-04,Natus voluptas mollitia saepe quam.,aprobada,false,app_movil,GTQ,educacion,9
TX-00506,39839.91,2024-03-21,Neque cupiditate facere odio.,rechazada,false,online,GTQ,salud,0
TX-00507,16284.24,2023-12-16,Modi quae quam assumenda doloribus.,aprobada,false,online,GTQ,retiro_efectivo,4
TX-00508,7630.27,2023-04-01,Quam saepe eius dolor.,aprobada,false,app_movil,GTQ,educacion,23
TX-00509,3628.98,2023-01-10,Ad accusamus.,pendiente,false,online,GTQ,ropa,11
TX-00510,18107.77,2023-05-25,Omnis voluptatem consectetur ex.,aprobada,false,ATM,USD,ropa,20
TX-00511,25170.86,2023-03-05,Explicabo voluptatem placeat.,aprobada,false,app_movil,GTQ,educacion,17
TX-00512,34859.22,2024-03-25,Hic sint alias rerum laboriosam.,aprobada,false,transferencia,GTQ,transporte,5
TX-00513,15349.58,2024-12-09,Vero recusandae deleniti occaecati molestias.,aprobada,false,ATM,GTQ,transferencia,6
TX-00514,36667.82,2023-09-12,Ex dolor nobis consectetur officiis.,aprobada,false,transferencia,GTQ,servicios,3
TX-00515,7741.0,2024-02-24,Veniam assumenda ratione id.,aprobada,false,ATM,GTQ,servicios,7
TX-00516,14578.11,2024-09-21,Unde consequatur.,pendiente,false,app_movil,GTQ,retiro_efectivo,14
TX-00517,31731.59,2023-10-27,Debitis odio voluptates.,rechazada,false,POS,USD,retiro_efectivo,18
TX-00518,29182.66,2023-06-04,Ducimus explicabo veritatis quas.,revertida,false,app_movil,USD,educacion,9
TX-00519,39370.39,2023-07-26,Dolores fugiat doloremque architecto.,aprobada,false,transferencia,GTQ,ropa,6
TX-00520,49409.6,2024-02-17,Nihil excepturi incidunt.,aprobada,false,app_movil,GTQ,educacion,5
TX-00521,45492.14,2023-12-05,Optio reiciendis.,aprobada,false,transferencia,GTQ,viajes,0
TX-00522,38165.19,2023-02-02,Tempore nulla sunt optio.,pendiente,false,transferencia,GTQ,viajes,6
TX-00523,24188.33,2024-09-03,Iure itaque modi ducimus.,aprobada,false,ATM,GTQ,salud,3
TX-00524,34032.61,2023-08-15,Hic ea incidunt dolores.,aprobada,false,ATM,GTQ,transporte,17
TX-00525,796.05,2024-02-12,Quo enim repellendus hic.,aprobada,false,POS,GTQ,retiro_efectivo,16
TX-00526,21174.5,2024-07-04,Consequuntur nulla hic quos dolorum.,rechazada,false,ATM,GTQ,transporte,7
TX-00527,26430.01,2024-12-10,Vel eos.,pendiente,false,ATM,USD,transferencia,16
TX-00528,3607.42,2023-12-29,Nisi vero magni amet.,aprobada,false,online,GTQ,salud,6
TX-00529,17980.38,2023-09-09,Perspiciatis corporis.,aprobada,false,transferencia,GTQ,transporte,3
TX-00530,1084.22,2024-01-22,Aliquid quidem laboriosam reiciendis.,rechazada,false,transferencia,USD,alimentacion,2
TX-00531,35789.06,2023-12-28,Ratione eum veniam veritatis nam.,aprobada,false,ATM,GTQ,viajes,7
TX-00532,45643.33,2024-10-30,Rem odio voluptatum.,aprobada,false,ATM,GTQ,entretenimiento,13
TX-00533,31958.48,2023-05-15,Nulla aliquid praesentium.,aprobada,false,app_movil,GTQ,ropa,17
TX-00534,7329.38,2024-03-12,Atque est.,aprobada,false,transferencia,USD,transporte,22
TX-00535,2165.17,2024-03-01,Molestias culpa eius maiores.,pendiente,false,ATM,GTQ,alimentacion,10
TX-00536,16160.68,2024-05-06,Quis laborum harum cum.,aprobada,false,POS,USD,transferencia,2
TX-00537,6806.05,2024-09-21,Harum atque esse tempora.,aprobada,false,POS,USD,transporte,12
TX-00538,32131.94,2023-07-08,Aliquam corporis nam soluta.,aprobada,false,transferencia,USD,viajes,15
TX-00539,2490.38,2024-06-30,Autem praesentium veritatis exercitationem.,aprobada,false,app_movil,GTQ,retiro_efectivo,11
TX-00540,46500.14,2024-11-20,Sed ipsa iusto numquam.,aprobada,false,app_movil,USD,transporte,17
TX-00541,23557.51,2023-07-20,Culpa hic iusto inventore magni.,aprobada,false,app_movil,GTQ,servicios,7
TX-00542,28932.41,2023-07-19,Doloremque minus voluptates mollitia atque.,aprobada,false,online,GTQ,transferencia,6
TX-00543,45671.41,2023-12-16,Repellendus fugiat tempore.,pendiente,false,ATM,USD,viajes,0
TX-00544,373.53,2023-07-01,Aut qui perspiciatis tempora iure.,aprobada,false,POS,USD,educacion,15
TX-00545,44641.7,2024-04-04,Quis molestiae nihil.,aprobada,false,transferencia,GTQ,retiro_efectivo,10
TX-00546,3164.92,2023-06-22,Aspernatur delectus illo.,rechazada,false,transferencia,GTQ,retiro_efectivo,5
TX-00547,7642.28,2023-08-01,Ratione eos atque.,aprobada,false,online,GTQ,transferencia,5
TX-00548,12803.55,2023-04-25,Deleniti animi ullam delectus.,aprobada,false,ATM,GTQ,salud,10
TX-00549,38545.09,2024-01-12,Esse dolores tenetur maiores fugiat.,aprobada,false,online,GTQ,transporte,15
TX-00550,18056.77,2023-10-02,Facere est.,aprobada,false,app_movil,GTQ,alimentacion,9
TX-00551,36824.92,2023-10-04,Accusantium quis.,aprobada,false,transferencia,USD,salud,5
TX-00552,12116.68,2023-12-25,Perferendis recusandae.,aprobada,false,transferencia,GTQ,ropa,16
TX-00553,27212.29,2024-07-06,Deleniti a natus.,aprobada,false,online,GTQ,alimentacion,10
TX-00554,23244.04,2023-02-02,Mollitia rerum eum atque.,aprobada,false,app_movil,GTQ,alimentacion,23
TX-00555,39479.31,2023-04-08,Dolores iusto nostrum.,aprobada,false,POS,GTQ,transporte,14
TX-00556,35333.6,2023-01-03,Accusamus quidem.,rechazada,false,online,GTQ,salud,18
TX-00557,21036.58,2024-03-06,Debitis odit saepe ab tempore.,aprobada,false,online,GTQ,transporte,21
TX-00558,1559.4,2024-09-24,Suscipit earum ipsum voluptates quo.,aprobada,false,online,GTQ,salud,12
TX-00559,8327.39,2023-06-28,Quo fugiat molestiae nobis vitae.,aprobada,false,POS,USD,viajes,13
TX-00560,3872.32,2024-02-02,Recusandae qui nam.,aprobada,false,transferencia,USD,entretenimiento,6
TX-00561,11562.83,2024-01-24,Est asperiores qui quas quis.,rechazada,false,app_movil,GTQ,alimentacion,7
TX-00562,5279.14,2023-03-07,Maxime nulla quisquam odit rerum.,pendiente,false,ATM,GTQ,servicios,6
TX-00563,15828.62,2023-09-14,Corporis inventore amet.,aprobada,false,transferencia,GTQ,transporte,9
TX-00564,1451.78,2023-03-17,Quis recusandae magni.,aprobada,false,transferencia,GTQ,alimentacion,11
TX-00565,38569.95,2023-08-27,Vel iure nesciunt.,aprobada,false,online,GTQ,entretenimiento,13
TX-00566,29909.06,2023-03-31,Rerum laudantium adipisci cumque.,rechazada,false,ATM,GTQ,viajes,11
TX-00567,5480.27,2024-10-29,Vitae laudantium nihil.,aprobada,false,ATM,USD,entretenimiento,8
TX-00568,23952.07,2023-04-11,Recusandae quibusdam architecto nobis minus.,aprobada,false,transferencia,GTQ,viajes,12
TX-00569,8434.89,2024-08-18,Earum odit minima repellat quidem.,aprobada,false,app_movil,GTQ,salud,0
TX-00570,22195.3,2023-03-25,Expedita doloribus cumque perspiciatis.,aprobada,false,app_movil,GTQ,transferencia,14
TX-00571,24923.8,2023-07-16,Porro omnis quidem ullam veritatis.,aprobada,false,app_movil,GTQ,servicios,2
TX-00572,42353.53,2024-05-20,Porro laboriosam praesentium repellat.,rechazada,false,transferencia,GTQ,ropa,19
TX-00573,26350.9,2024-06-19,Debitis saepe ullam.,aprobada,false,POS,GTQ,retiro_efectivo,10
TX-00574,40785.43,2024-07-21,Odio consequatur consequatur dolorum.,aprobada,false,POS,USD,transporte,12
TX-00575,43289.8,2023-04-27,Et nisi quas.,aprobada,false,POS,GTQ,educacion,10
TX-00576,7869.13,2024-12-19,Vitae animi sit dolorum necessitatibus.,aprobada,false,online,USD,educacion,3
TX-00577,21985.63,2023-03-18,Totam fugiat incidunt neque adipisci.,revertida,false,online,USD,salud,13
TX-00578,13192.25,2024-08-10,Laboriosam blanditiis quasi quam.,aprobada,false,app_movil,USD,alimentacion,22
TX-00579,16065.61,2023-11-22,Rem inventore voluptates.,aprobada,false,app_movil,GTQ,retiro_efectivo,19
TX-00580,12715.77,2023-05-06,Rerum praesentium nihil fugiat sapiente.,aprobada,false,POS,GTQ,transporte,6
TX-00581,23080.71,2024-02-01,Tempora sed.,pendiente,false,app_movil,GTQ,alimentacion,2
TX-00582,10668.73,2023-08-15,Totam vitae sed incidunt quas.,aprobada,false,ATM,USD,retiro_efectivo,14
TX-00583,8125.02,2023-09-08,Aut minus.,aprobada,false,POS,USD,servicios,14
TX-00584,12983.82,2023-02-01,Facilis recusandae dolor.,aprobada,false,online,GTQ,transporte,13
TX-00585,42790.83,2024-02-13,Tenetur architecto dolorum nihil.,aprobada,false,online,USD,servicios,9
TX-00586,3765.28,2024-03-07,Itaque velit dolorum.,aprobada,false,ATM,USD,salud,9
TX-00587,48020.09,2024-12-25,Minus repellendus sequi enim quos.,aprobada,false,ATM,USD,transporte,9
TX-00588,15862.01,2023-10-26,Vitae ducimus aliquam.,rechazada,false,online,GTQ,viajes,15
TX-00589,6355.21,2023-03-05,Doloremque cupiditate.,aprobada,false,transferencia,GTQ,educacion,4
TX-00590,21142.23,2024-06-07,Incidunt fugiat odio.,aprobada,false,POS,GTQ,alimentacion,2
TX-00591,4898.84,2024-12-19,Excepturi vero sit.,aprobada,false,transferencia,GTQ,entretenimiento,11
TX-00592,15936.92,2023-03-08,Quae eum pariatur ipsum fugit.,aprobada,false,app_movil,USD,servicios,12
TX-00593,9424.36,2023-08-28,Culpa quaerat fugiat.,aprobada,false,online,GTQ,viajes,10
TX-00594,39627.6,2023-01-10,Assumenda perferendis repellendus aspernatur.,rechazada,false,online,GTQ,ropa,18
TX-00595,4815.46,2023-08-07,Repellendus doloribus reiciendis perferendis.,aprobada,false,online,GTQ,transporte,3
TX-00596,21270.34,2023-09-05,Temporibus impedit facilis.,pendiente,false,online,GTQ,alimentacion,20
TX-00597,42393.01,2023-02-16,Tempore repellat voluptatibus debitis.,pendiente,false,transferencia,GTQ,retiro_efectivo,19
TX-00598,37387.12,2023-02-24,Deserunt numquam.,aprobada,false,online,GTQ,retiro_efectivo,14
TX-00599,5332.82,2024-11-20,Officiis saepe quis fuga.,aprobada,false,POS,GTQ,educacion,8
TX-00600,41892.31,2023-09-04,Ex libero reiciendis dolorem.,aprobada,false,app_movil,GTQ,salud,9
TX-00601,12437.98,2024-09-09,Animi dolorem delectus qui.,aprobada,false,transferencia,GTQ,transporte,15
TX-00602,7820.27,2024-01-07,Ratione cupiditate molestias.,aprobada,false,transferencia,USD,transporte,11
TX-00603,2448.58,2023-01-05,Aperiam facilis aliquid.,aprobada,false,app_movil,USD,salud,10
TX-00604,5787.61,2023-12-02,Et doloribus.,aprobada,false,POS,GTQ,retiro_efectivo,23
TX-00605,32216.74,2024-09-27,Incidunt cumque blanditiis.,aprobada,false,app_movil,GTQ,transferencia,8
TX-00606,29952.16,2024-05-09,Doloribus placeat veritatis perspiciatis dignissimos.,aprobada,false,online,USD,entretenimiento,1
TX-00607,22351.16,2023-06-06,Distinctio quas.,aprobada,false,transferencia,GTQ,retiro_efectivo,8
TX-00608,43939.4,2024-09-12,Facere placeat ullam.,aprobada,false,ATM,GTQ,entretenimiento,23
TX-00609,4751.51,2024-09-03,Asperiores quasi ex.,aprobada,false,app_movil,GTQ,educacion,20
TX-00610,36986.28,2024-06-09,Architecto expedita.,aprobada,false,app_movil,GTQ,transferencia,5
TX-00611,37258.93,2023-02-25,Eum excepturi illo.,aprobada,false,transferencia,GTQ,salud,23
TX-00612,48001.73,2023-05-01,Ea doloribus est et.,aprobada,false,POS,GTQ,transferencia,4
TX-00613,7434.52,2023-06-14,Aperiam temporibus cupiditate.,aprobada,false,ATM,GTQ,transporte,17
TX-00614,24923.48,2023-12-21,Ratione libero laudantium.,aprobada,false,app_movil,GTQ,salud,15
TX-00615,6173.09,2023-06-29,Fuga similique ullam eos officia.,aprobada,false,online,GTQ,transporte,13
TX-00616,9482.08,2023-06-28,Quisquam atque.,revertida,false,online,GTQ,servicios,2
TX-00617,32531.4,2023-08-27,Minima laudantium maiores sapiente maiores.,aprobada,false,ATM,GTQ,educacion,10
TX-00618,44795.61,2023-06-04,Sit voluptates aut eos.,aprobada,false,POS,GTQ,educacion,21
TX-00619,11930.61,2024-05-07,Tempora nobis aliquid ipsa.,aprobada,false,app_movil,GTQ,ropa,19
TX-00620,30884.5,2024-09-23,Veniam corrupti quasi commodi doloremque.,aprobada,false,app_movil,GTQ,ropa,2
TX-00621,6805.72,2023-12-04,Recusandae cumque.,aprobada,false,online,GTQ,alimentacion,18
TX-00622,17951.11,2024-12-01,Est consequatur libero officiis nemo.,rechazada,false,transferencia,GTQ,servicios,11
TX-00623,19775.11,2024-11-18,Provident ipsum libero.,aprobada,false,transferencia,USD,servicios,7
TX-00624,22697.04,2023-08-16,Rerum doloribus sit dolorum illo.,aprobada,false,transferencia,GTQ,transporte,11
TX-00625,29153.94,2023-03-29,Iste iure dolorem quam ad.,aprobada,false,POS,GTQ,transporte,4
TX-00626,32783.58,2023-02-21,Perferendis quaerat.,aprobada,false,POS,GTQ,servicios,7
TX-00627,2227.12,2023-09-24,Voluptatibus doloribus fugiat.,aprobada,false,online,GTQ,transferencia,21
TX-00628,35576.18,2023-04-17,Fugit beatae delectus.,aprobada,false,transferencia,GTQ,entretenimiento,9
TX-00629,11415.08,2023-06-24,Voluptatem eos rem tenetur laborum.,rechazada,false,ATM,USD,retiro_efectivo,5
TX-00630,37632.93,2024-12-21,Omnis reprehenderit quia esse iste.,aprobada,false,ATM,USD,servicios,16
TX-00631,10367.91,2023-04-18,Ipsam cupiditate nobis dolores.,aprobada,false,transferencia,GTQ,alimentacion,9
TX-00632,43900.04,2024-06-15,Fuga cupiditate ullam ex.,revertida,false,online,GTQ,transferencia,17
TX-00633,21218.3,2024-07-21,Molestiae cumque.,aprobada,false,ATM,GTQ,viajes,3
TX-00634,30867.37,2024-09-02,Commodi nesciunt earum.,aprobada,false,transferencia,GTQ,transporte,0
TX-00635,3734.91,2024-04-04,Facere quisquam iusto dolorum.,aprobada,false,transferencia,USD,educacion,7
TX-00636,27960.01,2023-09-10,Nulla nostrum nostrum.,aprobada,false,transferencia,GTQ,salud,17
TX-00637,21889.17,2023-08-25,A mollitia.,aprobada,false,online,GTQ,transporte,20
TX-00638,3069.39,2023-09-14,Quaerat molestias nihil est.,aprobada,false,ATM,GTQ,viajes,14
TX-00639,15436.23,2024-03-26,Voluptas eaque perspiciatis perferendis.,aprobada,false,online,USD,alimentacion,10
TX-00640,16102.25,2024-06-03,Temporibus deleniti id laudantium.,aprobada,false,ATM,GTQ,salud,11
TX-00641,5064.87,2023-05-08,Fuga beatae dolore accusamus.,pendiente,false,transferencia,USD,alimentacion,23
TX-00642,32598.97,2023-08-26,Voluptatem debitis tempora.,aprobada,false,ATM,GTQ,ropa,18
TX-00643,45535.76,2023-10-15,Cupiditate exercitationem rem.,aprobada,false,ATM,GTQ,transferencia,23
TX-00644,25777.11,2023-12-29,Occaecati corrupti eum.,revertida,false,ATM,GTQ,transporte,10
TX-00645,5024.74,2023-08-29,Deserunt quam facilis.,revertida,false,app_movil,GTQ,alimentacion,9
TX-00646,20554.16,2024-11-28,Ratione perferendis temporibus impedit.,aprobada,false,POS,USD,alimentacion,12
TX-00647,38279.88,2023-08-27,Harum nam sed vero hic.,aprobada,false,app_movil,GTQ,transferencia,6
TX-00648,21543.14,2023-04-06,Commodi illo molestias mollitia tempora.,rechazada,false,POS,USD,transferencia,22
TX-00649,29752.55,2024-05-16,Cupiditate sequi repellendus.,aprobada,false,ATM,GTQ,transporte,0
TX-00650,2863.04,2024-05-14,Enim quam accusantium dolore rem.,rechazada,false,online,GTQ,transporte,21
TX-00651,24287.41,2024-10-08,Nihil labore voluptatem.,revertida,false,POS,GTQ,alimentacion,6
TX-00652,6864.95,2023-02-22,In qui ratione.,aprobada,false,transferencia,USD,educacion,18
TX-00653,6488.22,2024-05-03,Quod minima quos.,revertida,false,online,GTQ,transporte,16
TX-00654,48688.97,2023-11-02,Illo vitae.,aprobada,false,online,GTQ,viajes,14
TX-00655,7380.09,2023-11-25,Labore mollitia eveniet blanditiis.,aprobada,false,app_movil,GTQ,viajes,7
TX-00656,33031.91,2023-01-25,Distinctio rem ex officiis.,pendiente,false,ATM,GTQ,salud,18
TX-00657,31790.43,2023-05-13,Blanditiis impedit laudantium cum recusandae.,aprobada,false,app_movil,GTQ,servicios,19
TX-00658,17285.73,2024-07-15,Eveniet ipsum unde soluta nihil.,revertida,false,POS,USD,transferencia,19
TX-00659,34769.22,2024-12-19,Voluptatem fugit sapiente.,aprobada,false,ATM,GTQ,retiro_efectivo,10
TX-00660,26984.95,2023-09-27,Reiciendis optio sequi tenetur commodi.,aprobada,false,transferencia,GTQ,viajes,13
TX-00661,34854.16,2024-07-05,Mollitia necessitatibus eum neque.,aprobada,false,app_movil,USD,servicios,23
TX-00662,48486.95,2023-09-24,Veniam voluptas sapiente consectetur.,aprobada,false,ATM,GTQ,ropa,1
TX-00663,33302.4,2024-03-05,Ad rem veritatis.,pendiente,false,online,GTQ,educacion,22
TX-00664,5860.99,2024-02-08,Eveniet repudiandae nam.,aprobada,false,ATM,GTQ,ropa,1
TX-00665,12144.29,2023-01-25,Inventore cum id laudantium voluptas.,aprobada,false,transferencia,GTQ,educacion,21
TX-00666,43657.62,2023-12-24,Quaerat eum.,rechazada,false,POS,USD,retiro_efectivo,9
TX-00667,28549.85,2023-09-18,Quas id facere aliquam.,aprobada,false,app_movil,USD,educacion,0
TX-00668,25962.17,2023-01-06,Dolores facere unde recusandae.,revertida,false,online,USD,alimentacion,9
TX-00669,1134.7,2024-12-31,Culpa rerum repellendus.,aprobada,false,online,GTQ,ropa,1
TX-00670,26425.87,2023-08-05,Quibusdam odit.,aprobada,false,app_movil,GTQ,retiro_efectivo,12
TX-00671,18070.47,2023-01-20,Nihil recusandae odit.,rechazada,false,online,GTQ,retiro_efectivo,5
TX-00672,19821.81,2023-05-18,Officiis maxime quidem est.,aprobada,false,ATM,GTQ,viajes,9
TX-00673,1985.74,2024-04-26,Explicabo qui provident.,aprobada,false,ATM,GTQ,transporte,16
TX-00674,8540.21,2023-04-20,Quam aut illum exercitationem.,aprobada,false,transferencia,USD,viajes,3
TX-00675,27848.07,2023-05-01,Ullam asperiores distinctio.,aprobada,false,online,GTQ,ropa,1
TX-00676,5451.39,2023-01-23,Vel consequuntur harum et.,aprobada,false,online,GTQ,transporte,7
TX-00677,31601.36,2024-12-01,Similique accusantium temporibus.,rechazada,false,online,GTQ,servicios,2
TX-00678,40929.74,2023-04-14,Explicabo earum accusantium veniam quas.,rechazada,false,app_movil,GTQ,salud,6
TX-00679,12382.77,2024-08-20,Eum dolores vero.,rechazada,false,ATM,GTQ,servicios,22
TX-00680,48170.81,2023-04-13,Repellendus tenetur aspernatur totam.,aprobada,false,online,GTQ,educacion,9
TX-00681,29689.78,2023-10-17,Perspiciatis quas rerum ut maxime.,pendiente,false,online,GTQ,retiro_efectivo,12
TX-00682,34162.36,2023-03-28,Fugit omnis quas.,aprobada,false,ATM,USD,retiro_efectivo,8
TX-00683,43341.89,2023-09-05,Magnam quam magnam quidem dolorum.,aprobada,false,transferencia,USD,entretenimiento,2
TX-00684,46677.55,2024-09-01,Omnis modi.,aprobada,false,online,USD,entretenimiento,15
TX-00685,35854.81,2024-08-11,Velit ratione numquam expedita.,rechazada,false,app_movil,GTQ,educacion,23
TX-00686,45475.35,2024-08-12,Porro nihil nihil.,pendiente,false,online,USD,alimentacion,16
TX-00687,15483.71,2023-12-14,Mollitia inventore.,pendiente,false,transferencia,USD,retiro_efectivo,21
TX-00688,44099.65,2024-08-16,Nihil sequi possimus magnam ut.,aprobada,false,app_movil,GTQ,educacion,7
TX-00689,28011.89,2024-10-21,Asperiores voluptates laudantium dolor.,aprobada,false,transferencia,USD,salud,15
TX-00690,40142.28,2024-08-08,Veritatis asperiores perspiciatis.,aprobada,false,app_movil,GTQ,salud,13
TX-00691,12419.09,2023-06-01,Ut quaerat omnis.,aprobada,false,POS,GTQ,transferencia,10
TX-00692,6139.74,2023-05-10,Hic doloremque.,aprobada,false,transferencia,USD,transferencia,14
TX-00693,40338.5,2024-03-18,Commodi quos est voluptas.,aprobada,false,app_movil,GTQ,viajes,13
TX-00694,29420.49,2024-09-07,In autem corrupti tenetur expedita.,rechazada,false,transferencia,GTQ,ropa,2
TX-00695,17132.15,2024-11-04,Repudiandae hic molestiae.,aprobada,false,online,GTQ,salud,4
TX-00696,24815.91,2023-01-16,Culpa nobis enim veniam.,aprobada,false,app_movil,GTQ,ropa,18
TX-00697,28762.34,2023-01-27,Tempore voluptas quae reprehenderit.,aprobada,false,app_movil,GTQ,viajes,10
TX-00698,29564.8,2024-11-18,Temporibus temporibus.,aprobada,false,ATM,USD,viajes,23
TX-00699,39257.0,2024-05-03,Reprehenderit earum iste.,aprobada,false,online,USD,transporte,8
TX-00700,42295.06,2024-04-24,Illum similique architecto fugiat quidem.,aprobada,false,online,USD,alimentacion,14
TX-00701,923.4,2023-03-29,Debitis maiores reprehenderit repellendus.,aprobada,false,online,GTQ,educacion,23
TX-00702,31998.58,2024-09-27,Amet laudantium maiores.,aprobada,false,online,GTQ,retiro_efectivo,1
TX-00703,18516.41,2024-10-07,Quia voluptatibus consequuntur excepturi aliquam.,aprobada,false,online,GTQ,educacion,4
TX-00704,27483.23,2024-01-01,Non aspernatur.,pendiente,false,online,GTQ,ropa,23
TX-00705,47112.24,2024-11-20,Consectetur occaecati eum doloribus.,aprobada,false,app_movil,GTQ,salud,12
TX-00706,171.17,2023-12-08,Nihil minus perspiciatis.,rechazada,false,online,GTQ,transferencia,5
TX-00707,34294.43,2023-06-14,Unde nihil iure explicabo voluptatibus.,pendiente,false,ATM,GTQ,servicios,0
TX-00708,19459.78,2023-12-01,Similique tempora excepturi.,aprobada,false,ATM,GTQ,retiro_efectivo,15
TX-00709,49548.97,2023-06-11,Ipsa nam error.,aprobada,false,transferencia,USD,viajes,18
TX-00710,20493.32,2024-03-09,Eos dolores impedit repellendus suscipit.,rechazada,false,POS,USD,retiro_efectivo,7
TX-00711,21764.59,2023-11-10,Porro nostrum odit.,aprobada,false,ATM,GTQ,entretenimiento,14
TX-00712,9835.33,2024-01-05,Iure sint ipsa tempore vero.,aprobada,false,transferencia,GTQ,servicios,9
TX-00713,21623.28,2023-08-18,Numquam numquam.,aprobada,false,app_movil,GTQ,servicios,3
TX-00714,13916.89,2023-04-19,Nulla ratione perferendis illo hic.,aprobada,false,online,GTQ,educacion,4
TX-00715,5593.7,2023-07-17,Expedita labore.,aprobada,false,POS,USD,viajes,18
TX-00716,23542.1,2023-06-27,Nihil officiis.,aprobada,false,POS,GTQ,entretenimiento,21
TX-00717,30325.84,2023-12-24,Ullam inventore in nam.,aprobada,false,POS,GTQ,servicios,12
TX-00718,25486.14,2023-08-02,Eveniet debitis.,aprobada,false,app_movil,GTQ,alimentacion,19
TX-00719,10795.79,2023-11-12,Harum quos.,aprobada,false,POS,USD,transferencia,6
TX-00720,14989.59,2023-07-02,Dolore beatae provident aliquam.,aprobada,false,ATM,USD,viajes,15
TX-00721,31179.65,2023-04-11,Delectus rem praesentium.,aprobada,false,ATM,GTQ,transporte,8
TX-00722,17629.39,2024-09-17,Quos numquam eligendi qui.,aprobada,false,transferencia,GTQ,transporte,20
TX-00723,42354.03,2024-03-06,Quis laboriosam recusandae animi.,aprobada,false,ATM,USD,alimentacion,18
TX-00724,7792.93,2024-04-18,Nesciunt ratione illo.,aprobada,false,POS,USD,transporte,17
TX-00725,17450.43,2023-03-26,Facilis numquam.,aprobada,false,online,GTQ,alimentacion,18
TX-00726,40681.93,2023-03-02,Fugiat id dolores.,rechazada,false,ATM,USD,transferencia,18
TX-00727,21641.34,2024-08-16,Quos nam recusandae facere.,revertida,false,app_movil,GTQ,salud,21
TX-00728,27885.64,2023-08-01,Non tempora quam.,aprobada,false,online,USD,ropa,6
TX-00729,26499.76,2023-11-04,Qui earum sequi quasi.,pendiente,false,online,GTQ,servicios,5
TX-00730,31394.14,2024-10-07,Dolorum labore error saepe.,aprobada,false,ATM,USD,alimentacion,9
TX-00731,8973.74,2024-04-04,Commodi voluptates harum.,aprobada,false,POS,GTQ,entretenimiento,23
TX-00732,28776.99,2023-03-18,Minima quibusdam incidunt eius.,aprobada,false,POS,GTQ,ropa,14
TX-00733,9901.41,2024-03-10,In dolore explicabo nostrum.,aprobada,false,online,GTQ,transferencia,11
TX-00734,38703.53,2024-06-07,Est reprehenderit minus ratione officiis.,aprobada,false,online,GTQ,servicios,21
TX-00735,23073.74,2024-12-25,Praesentium harum dolores.,aprobada,false,transferencia,GTQ,salud,22
TX-00736,41607.39,2024-08-31,Quod dolore mollitia fugiat.,aprobada,false,transferencia,GTQ,entretenimiento,18
TX-00737,8295.42,2024-05-14,Nihil repellat voluptatum provident.,rechazada,false,app_movil,GTQ,servicios,14
TX-00738,4182.42,2023-10-29,Eveniet sapiente iste consequuntur.,rechazada,false,app_movil,GTQ,viajes,19
TX-00739,18863.95,2024-09-27,Harum totam molestias.,aprobada,false,ATM,USD,viajes,19
TX-00740,37185.35,2024-05-12,In debitis a molestias excepturi.,aprobada,false,online,GTQ,retiro_efectivo,3
TX-00741,1019.18,2023-03-21,Itaque esse dolor quibusdam natus.,aprobada,false,POS,USD,alimentacion,9
TX-00742,3462.37,2024-09-01,Soluta quasi esse id.,aprobada,false,POS,USD,educacion,18
TX-00743,2820.89,2023-07-04,Quaerat adipisci dicta quae alias.,aprobada,false,ATM,GTQ,servicios,14
TX-00744,31019.99,2023-08-16,Impedit explicabo temporibus.,aprobada,false,POS,USD,ropa,9
TX-00745,18507.88,2023-03-06,Sapiente in quam vel blanditiis.,aprobada,false,transferencia,GTQ,alimentacion,6
TX-00746,15114.12,2024-02-10,Nesciunt possimus suscipit.,pendiente,false,online,GTQ,salud,16
TX-00747,23862.71,2024-12-12,Voluptatibus sequi corrupti.,revertida,false,POS,GTQ,transporte,7
TX-00748,28365.69,2023-04-05,Nisi asperiores quibusdam.,revertida,false,app_movil,USD,servicios,8
TX-00749,49946.31,2023-01-07,Exercitationem enim impedit nulla.,aprobada,false,POS,GTQ,transporte,15
TX-00750,22662.68,2023-08-30,Quam fugiat.,aprobada,false,app_movil,USD,servicios,6
TX-00751,42074.56,2023-01-06,Labore reiciendis repellat aspernatur.,rechazada,false,POS,GTQ,educacion,2
TX-00752,3846.69,2024-07-18,Minus rerum sit culpa.,aprobada,false,app_movil,GTQ,entretenimiento,5
TX-00753,33866.59,2023-09-25,Delectus sint.,pendiente,false,ATM,GTQ,alimentacion,23
TX-00754,19069.59,2023-10-04,Odio quos explicabo quae.,aprobada,false,ATM,USD,transferencia,16
TX-00755,8561.83,2024-10-27,Tenetur porro nesciunt.,aprobada,false,app_movil,GTQ,transporte,1
TX-00756,17076.16,2023-02-12,Vero molestiae.,revertida,false,online,USD,servicios,7
TX-00757,42672.33,2023-02-03,Voluptatum esse odio illum quidem.,aprobada,false,transferencia,USD,ropa,22
TX-00758,12128.74,2023-03-13,Repellendus incidunt provident.,aprobada,false,online,USD,transferencia,23
TX-00759,20328.16,2023-06-04,Ullam illum itaque temporibus.,pendiente,false,transferencia,GTQ,transferencia,20
TX-00760,49834.53,2024-09-13,Dolorum eveniet occaecati aspernatur.,rechazada,false,online,GTQ,alimentacion,15
TX-00761,42135.55,2023-12-07,Neque hic placeat.,rechazada,false,online,GTQ,ropa,16
TX-00762,8465.36,2023-11-14,Distinctio rerum molestias.,aprobada,false,POS,GTQ,educacion,8
TX-00763,43837.6,2024-11-09,Nemo porro.,rechazada,false,app_movil,USD,retiro_efectivo,18
TX-00764,38006.47,2023-12-12,Cum possimus atque.,aprobada,false,POS,USD,transporte,23
TX-00765,38861.01,2023-04-22,Asperiores facilis iusto nostrum.,aprobada,false,ATM,USD,educacion,15
TX-00766,2785.28,2024-07-23,Rerum amet.,aprobada,false,POS,GTQ,transporte,12
TX-00767,45525.3,2023-02-13,Quibusdam reiciendis sint nesciunt.,aprobada,false,online,GTQ,viajes,11
TX-00768,42515.39,2023-11-30,Culpa laudantium.,aprobada,false,transferencia,USD,educacion,12
TX-00769,45116.4,2023-10-13,Eveniet labore minima quod.,aprobada,false,online,USD,transferencia,2
TX-00770,37438.51,2024-05-20,Quae dicta odit numquam.,revertida,false,online,USD,alimentacion,4
TX-00771,17333.96,2023-02-14,Nam at ipsa.,aprobada,false,POS,GTQ,transporte,22
TX-00772,20758.4,2023-07-01,Rem iste asperiores.,aprobada,false,transferencia,GTQ,educacion,21
TX-00773,14672.78,2023-09-18,Impedit architecto maxime incidunt.,pendiente,false,app_movil,GTQ,transferencia,1
TX-00774,7501.88,2023-01-06,Deserunt officiis.,aprobada,false,POS,GTQ,viajes,9
TX-00775,32672.53,2023-02-15,Assumenda quae illum exercitationem.,aprobada,false,POS,GTQ,transporte,14
TX-00776,18003.76,2024-04-28,Repellendus aliquam ducimus eos delectus.,pendiente,false,ATM,GTQ,salud,13
TX-00777,20561.71,2023-04-18,Possimus assumenda.,aprobada,false,app_movil,GTQ,ropa,12
TX-00778,16129.08,2023-01-30,Est necessitatibus fugiat odio culpa.,aprobada,false,app_movil,USD,viajes,2
TX-00779,37891.07,2023-04-24,Eum a animi molestias.,aprobada,false,app_movil,USD,retiro_efectivo,11
TX-00780,45630.35,2024-07-20,Impedit itaque mollitia quisquam.,pendiente,false,POS,GTQ,retiro_efectivo,14
TX-00781,22833.11,2023-04-16,Sint voluptatibus.,aprobada,false,online,GTQ,viajes,11
TX-00782,21679.1,2024-05-14,Dolor incidunt.,pendiente,false,app_movil,GTQ,transporte,1
TX-00783,27666.15,2023-08-27,Perferendis deserunt.,aprobada,false,ATM,GTQ,transporte,5
TX-00784,29597.58,2023-06-04,Deserunt at magnam.,aprobada,false,POS,GTQ,entretenimiento,20
TX-00785,18183.55,2024-05-11,Dolores harum atque ab.,aprobada,false,ATM,GTQ,salud,23
TX-00786,39259.43,2023-02-25,Enim voluptatum.,aprobada,false,app_movil,USD,transferencia,8
TX-00787,29654.5,2023-10-02,Vitae ducimus dicta molestiae.,aprobada,false,POS,USD,servicios,11
TX-00788,36728.37,2024-06-30,Eaque sed.,aprobada,false,app_movil,USD,retiro_efectivo,18
TX-00789,38712.67,2023-12-17,Recusandae unde nesciunt.,aprobada,false,ATM,USD,entretenimiento,21
TX-00790,4810.87,2023-01-15,Nobis natus.,aprobada,false,ATM,USD,retiro_efectivo,13
TX-00791,41191.89,2023-02-09,Omnis dolore.,aprobada,false,online,USD,viajes,15
TX-00792,2372.8,2024-10-31,Blanditiis eius voluptas.,pendiente,false,ATM,GTQ,salud,22
TX-00793,46354.63,2024-09-25,Voluptates aliquam.,aprobada,false,ATM,GTQ,transferencia,11
TX-00794,21911.2,2024-01-23,Ex impedit.,aprobada,false,POS,USD,viajes,12
TX-00795,20299.41,2023-12-22,Repellat a.,aprobada,false,ATM,GTQ,viajes,18
TX-00796,42795.48,2023-02-25,Facilis illo illo.,pendiente,false,ATM,GTQ,ropa,12
TX-00797,24413.95,2023-05-28,Architecto amet explicabo quisquam.,aprobada,false,app_movil,USD,transferencia,16
TX-00798,17985.75,2024-07-16,Eius odit perspiciatis maxime.,aprobada,false,online,USD,alimentacion,8
TX-00799,30630.47,2024-07-26,Reprehenderit maiores placeat corporis.,aprobada,false,online,USD,servicios,0
TX-00800,45569.05,2024-07-02,Cupiditate numquam officiis quidem.,rechazada,false,transferencia,USD,educacion,15
TX-00801,31989.7,2024-03-23,Illum exercitationem ea voluptatibus.,pendiente,false,POS,GTQ,retiro_efectivo,1
TX-00802,42583.99,2024-07-31,Dicta quia dolorum doloremque ipsum.,aprobada,false,online,GTQ,alimentacion,7
TX-00803,3108.26,2024-12-19,Maiores deserunt laboriosam earum.,rechazada,false,online,USD,viajes,13
TX-00804,34818.68,2024-10-05,Laborum placeat possimus.,aprobada,false,transferencia,GTQ,alimentacion,19
TX-00805,12256.36,2024-01-17,Sequi illo tenetur.,aprobada,false,transferencia,GTQ,alimentacion,21
TX-00806,48876.59,2024-10-12,Similique reiciendis voluptatem neque repellat.,aprobada,false,app_movil,USD,ropa,19
TX-00807,13147.6,2023-01-16,Neque veniam molestiae.,aprobada,false,ATM,GTQ,retiro_efectivo,1
TX-00808,21278.39,2024-01-13,Illo hic adipisci expedita ab.,aprobada,false,ATM,GTQ,salud,14
TX-00809,46057.4,2023-02-21,Eum reiciendis nemo.,aprobada,false,POS,USD,transporte,10
TX-00810,45778.69,2023-12-03,Est magni ex.,pendiente,false,transferencia,GTQ,salud,10
TX-00811,27101.54,2023-07-04,Nihil eum ab quos consequatur.,pendiente,false,transferencia,GTQ,alimentacion,0
TX-00812,25073.66,2023-01-03,Porro doloribus.,aprobada,false,transferencia,GTQ,ropa,5
TX-00813,18528.86,2023-05-24,Vitae suscipit voluptatum nam.,aprobada,false,ATM,USD,ropa,0
TX-00814,5862.15,2023-12-04,Voluptas rerum.,aprobada,false,online,GTQ,servicios,1
TX-00815,25512.14,2024-11-19,Sed tempore cumque nulla.,aprobada,false,app_movil,USD,ropa,17
TX-00816,10421.12,2024-09-29,At sit aliquid corrupti labore.,aprobada,false,online,USD,transporte,3
TX-00817,25648.97,2024-01-03,Amet sed ipsam voluptatum.,pendiente,false,online,USD,educacion,2
TX-00818,46816.71,2023-01-04,Eos quaerat vel.,aprobada,false,POS,GTQ,alimentacion,22
TX-00819,16567.72,2024-08-17,Et ipsa.,revertida,false,online,GTQ,salud,2
TX-00820,20364.22,2024-10-01,Incidunt voluptas.,aprobada,false,ATM,GTQ,viajes,15
TX-00821,22409.19,2024-06-07,Sint fuga dignissimos a.,aprobada,false,transferencia,GTQ,transferencia,8
TX-00822,33722.52,2023-07-02,Vero earum sint cum.,aprobada,false,transferencia,USD,transferencia,4
TX-00823,20644.68,2024-02-26,Exercitationem reprehenderit ad cumque.,aprobada,false,POS,USD,servicios,11
TX-00824,10187.25,2023-07-30,Rem corrupti quaerat soluta nisi.,aprobada,false,online,GTQ,educacion,3
TX-00825,15653.76,2023-03-13,Perspiciatis aliquam perspiciatis.,aprobada,false,ATM,GTQ,viajes,20
TX-00826,21539.66,2023-08-01,Molestiae unde optio maxime distinctio.,aprobada,false,online,USD,ropa,6
TX-00827,32892.79,2023-11-19,Illum possimus consequuntur.,aprobada,false,ATM,GTQ,transferencia,2
TX-00828,47616.76,2024-07-19,Culpa laudantium maxime.,revertida,false,online,USD,ropa,11
TX-00829,15987.53,2023-04-22,Nulla natus illum eos.,aprobada,false,transferencia,USD,viajes,18
TX-00830,22392.84,2024-07-17,Voluptatibus corrupti debitis.,aprobada,false,POS,GTQ,viajes,17
TX-00831,37985.14,2023-05-12,Possimus sequi commodi.,rechazada,false,ATM,GTQ,educacion,21
TX-00832,40648.7,2024-12-09,Unde ea recusandae.,aprobada,false,ATM,GTQ,salud,7
TX-00833,213.33,2023-05-29,Ea laboriosam itaque laborum.,aprobada,false,transferencia,GTQ,transferencia,12
TX-00834,817.57,2023-01-06,Eius ea.,aprobada,false,ATM,GTQ,educacion,15
TX-00835,46444.57,2024-03-15,Nostrum at.,aprobada,false,transferencia,GTQ,servicios,13
TX-00836,7650.07,2023-02-13,Accusamus harum.,aprobada,false,app_movil,USD,servicios,20
TX-00837,20929.06,2024-03-12,Et nesciunt sit in aspernatur.,aprobada,false,transferencia,GTQ,retiro_efectivo,19
TX-00838,9684.67,2023-03-01,Quisquam inventore placeat.,aprobada,false,ATM,USD,retiro_efectivo,15
TX-00839,9503.46,2023-02-14,Molestiae sequi mollitia error id.,revertida,false,ATM,GTQ,alimentacion,6
TX-00840,8494.59,2024-04-20,Culpa debitis ducimus.,aprobada,false,transferencia,GTQ,servicios,17
TX-00841,46110.38,2023-05-22,Occaecati soluta.,aprobada,false,transferencia,GTQ,transferencia,22
TX-00842,20194.21,2024-06-24,Expedita quia placeat.,aprobada,false,app_movil,USD,entretenimiento,6
TX-00843,27226.7,2024-08-10,Mollitia quibusdam ab repellat.,aprobada,false,POS,GTQ,alimentacion,13
TX-00844,34049.82,2024-06-20,Labore voluptates unde.,aprobada,false,app_movil,GTQ,entretenimiento,16
TX-00845,36348.34,2023-06-17,Perferendis iusto.,aprobada,false,POS,GTQ,retiro_efectivo,9
TX-00846,25183.99,2023-01-24,Veniam tempore fugiat nulla reprehenderit.,aprobada,false,app_movil,GTQ,transporte,10
TX-00847,7847.57,2023-10-20,Placeat repudiandae delectus fuga qui.,aprobada,false,transferencia,GTQ,transferencia,4
TX-00848,22148.86,2023-08-11,Voluptate odit consequatur nihil.,aprobada,false,app_movil,GTQ,retiro_efectivo,19
TX-00849,27942.65,2023-01-05,Asperiores aliquid ab velit sapiente.,aprobada,false,ATM,GTQ,ropa,8
TX-00850,45417.35,2024-04-11,Quos maiores.,pendiente,false,online,GTQ,alimentacion,8
TX-00851,12341.71,2023-09-19,Magni omnis dignissimos.,pendiente,false,online,GTQ,ropa,17
TX-00852,31723.73,2024-02-01,Facilis debitis commodi consequuntur quisquam.,aprobada,false,app_movil,GTQ,transporte,23
TX-00853,1487.33,2024-12-21,Illum itaque modi.,aprobada,false,transferencia,GTQ,viajes,22
TX-00854,30295.97,2024-08-14,Eaque dolorem inventore.,aprobada,false,online,GTQ,educacion,20
TX-00855,24940.01,2024-07-23,Assumenda alias explicabo.,aprobada,false,POS,GTQ,salud,16
TX-00856,38799.31,2024-12-23,Perferendis sunt sit placeat.,aprobada,false,ATM,USD,salud,20
TX-00857,36750.29,2024-06-22,Veniam eius magnam.,aprobada,false,ATM,GTQ,alimentacion,13
TX-00858,39328.11,2023-11-24,Odit labore vitae eos odio.,aprobada,false,POS,GTQ,transporte,10
TX-00859,35723.12,2023-10-18,Saepe corporis.,aprobada,false,app_movil,USD,transporte,6
TX-00860,49109.42,2023-10-04,Nihil commodi.,rechazada,false,online,GTQ,transferencia,12
TX-00861,9827.7,2023-04-24,Rerum unde.,aprobada,false,online,GTQ,retiro_efectivo,7
TX-00862,40361.94,2023-12-27,Delectus neque ipsum.,aprobada,false,ATM,GTQ,transferencia,23
TX-00863,1610.98,2023-11-13,Quam doloremque porro exercitationem.,aprobada,false,app_movil,USD,servicios,4
TX-00864,44845.0,2023-04-28,Consectetur id nesciunt eius sunt.,aprobada,false,app_movil,GTQ,servicios,8
TX-00865,5851.04,2024-09-21,Autem tempore inventore perferendis.,aprobada,false,app_movil,GTQ,retiro_efectivo,4
TX-00866,31560.05,2023-11-20,Fugit vel doloribus.,aprobada,false,app_movil,USD,educacion,10
TX-00867,39414.54,2024-02-16,Nobis doloribus ea quos.,aprobada,false,online,GTQ,transferencia,17
TX-00868,49698.85,2023-06-15,Possimus inventore delectus.,aprobada,false,transferencia,GTQ,viajes,1
TX-00869,21678.4,2023-01-25,Blanditiis ducimus.,aprobada,false,online,GTQ,educacion,1
TX-00870,21920.27,2023-08-27,Dolores numquam nemo.,aprobada,false,transferencia,GTQ,retiro_efectivo,5
TX-00871,6756.58,2023-07-27,Et aut.,aprobada,false,ATM,USD,transferencia,19
TX-00872,17913.99,2023-09-16,Iste debitis debitis.,aprobada,false,ATM,GTQ,retiro_efectivo,4
TX-00873,20619.87,2024-03-17,Quaerat nostrum nulla.,aprobada,false,ATM,USD,alimentacion,18
TX-00874,24866.91,2024-10-18,Itaque temporibus necessitatibus consequuntur.,aprobada,false,app_movil,GTQ,retiro_efectivo,11
TX-00875,32594.64,2023-03-23,Harum distinctio numquam ducimus facilis.,pendiente,false,ATM,USD,transferencia,15
TX-00876,11598.41,2024-01-10,Earum temporibus veniam.,aprobada,false,ATM,GTQ,viajes,15
TX-00877,41097.91,2024-02-27,Maiores illum quisquam quam.,aprobada,false,POS,USD,viajes,4
TX-00878,39970.84,2023-03-19,Quis totam debitis.,aprobada,false,POS,GTQ,alimentacion,18
TX-00879,2357.37,2023-04-19,Fugit ea doloribus.,aprobada,false,POS,GTQ,ropa,0
TX-00880,15452.19,2023-11-15,Temporibus fuga consectetur.,rechazada,false,transferencia,USD,salud,10
TX-00881,44255.42,2023-10-03,Laborum perspiciatis reiciendis ab.,aprobada,false,POS,USD,entretenimiento,15
TX-00882,14912.81,2024-10-28,Laborum quos repellat.,aprobada,false,app_movil,GTQ,alimentacion,23
TX-00883,41069.01,2023-05-14,Dolorem autem iste blanditiis.,pendiente,false,online,GTQ,retiro_efectivo,5
TX-00884,46533.2,2023-07-22,Molestiae porro ipsum veniam voluptatibus.,aprobada,false,app_movil,GTQ,salud,21
TX-00885,18682.08,2024-02-14,Nam aperiam reprehenderit consequatur.,aprobada,false,app_movil,GTQ,transporte,12
TX-00886,31363.64,2024-11-26,Maiores aspernatur.,aprobada,false,app_movil,GTQ,transporte,1
TX-00887,10677.82,2023-09-16,Similique sed debitis pariatur ad.,rechazada,false,app_movil,GTQ,entretenimiento,2
TX-00888,13494.03,2023-06-01,Vero laboriosam molestiae.,aprobada,false,POS,USD,viajes,13
TX-00889,15512.47,2024-08-12,In magnam facere.,pendiente,false,online,GTQ,viajes,7
TX-00890,34293.89,2023-12-31,Sint quisquam.,aprobada,false,app_movil,GTQ,ropa,21
TX-00891,44439.34,2024-11-19,Ipsam aut doloremque debitis sed.,revertida,false,online,USD,transporte,15
TX-00892,7856.55,2024-01-18,Libero similique.,aprobada,false,app_movil,USD,ropa,0
TX-00893,36061.68,2023-12-18,Corporis deleniti distinctio exercitationem nihil.,aprobada,false,transferencia,GTQ,retiro_efectivo,17
TX-00894,46600.35,2023-07-11,Nemo voluptate voluptate incidunt.,aprobada,false,online,GTQ,transporte,18
TX-00895,48113.41,2024-06-26,Voluptas voluptate asperiores.,aprobada,false,online,USD,entretenimiento,5
TX-00896,19974.32,2023-10-08,Quos ipsa ratione.,rechazada,false,POS,USD,alimentacion,3
TX-00897,48310.26,2023-05-18,Perspiciatis nesciunt alias.,pendiente,false,ATM,GTQ,servicios,20
TX-00898,32171.95,2023-10-22,Atque nobis libero in.,aprobada,false,online,GTQ,entretenimiento,9
TX-00899,33958.47,2024-06-21,Ipsa ipsam quibusdam quae doloribus.,aprobada,false,online,GTQ,servicios,11
TX-00900,2699.09,2024-04-28,Fugit ipsum repudiandae est.,aprobada,false,online,USD,entretenimiento,22
TX-00901,13704.65,2024-09-27,Reiciendis laudantium.,aprobada,false,app_movil,GTQ,retiro_efectivo,23
TX-00902,28150.39,2023-01-11,Quibusdam commodi dicta.,aprobada,false,online,GTQ,transporte,3
TX-00903,22120.2,2023-10-26,Sequi accusantium officia impedit rerum.,aprobada,false,transferencia,GTQ,entretenimiento,18
TX-00904,28500.23,2023-03-09,Labore velit sed cupiditate.,aprobada,false,ATM,GTQ,educacion,18
TX-00905,6341.1,2023-12-31,Corporis error est animi totam.,aprobada,false,ATM,GTQ,transferencia,16
TX-00906,14216.45,2024-08-29,Ratione ad.,aprobada,false,POS,GTQ,ropa,5
TX-00907,28653.08,2023-04-01,Vitae sequi.,aprobada,false,app_movil,GTQ,retiro_efectivo,18
TX-00908,33930.55,2023-12-26,Perspiciatis delectus dicta aliquid.,aprobada,false,ATM,USD,ropa,8
TX-00909,14348.2,2023-09-29,Quidem fuga doloribus consectetur.,revertida,false,ATM,GTQ,servicios,7
TX-00910,20726.05,2024-10-29,Doloribus quam aut pariatur sequi.,aprobada,false,transferencia,GTQ,salud,0
TX-00911,14630.05,2023-11-27,Id odit consectetur vel quas.,aprobada,false,transferencia,USD,retiro_efectivo,20
TX-00912,30972.68,2024-04-28,Explicabo animi repudiandae quia.,aprobada,false,online,GTQ,transporte,10
TX-00913,31862.38,2023-03-15,Fuga laboriosam esse excepturi.,aprobada,false,ATM,GTQ,educacion,2
TX-00914,25548.17,2023-11-24,Cum blanditiis vitae earum.,aprobada,false,POS,GTQ,servicios,21
TX-00915,10878.3,2024-04-20,Vel odit labore vitae eos.,revertida,false,transferencia,GTQ,servicios,18
TX-00916,42788.14,2024-03-30,Temporibus consectetur nobis quam officiis.,aprobada,false,POS,GTQ,ropa,11
TX-00917,20115.01,2023-05-14,Deleniti dolore perspiciatis.,pendiente,false,POS,GTQ,salud,20
TX-00918,46584.43,2024-12-31,Cum eveniet vitae aspernatur.,aprobada,false,app_movil,GTQ,salud,5
TX-00919,7654.6,2024-05-22,Dignissimos nulla doloribus doloribus odio.,aprobada,false,online,GTQ,alimentacion,14
TX-00920,24068.36,2024-09-28,Vero recusandae.,aprobada,false,app_movil,USD,salud,1
TX-00921,24736.65,2023-12-03,Id odio deleniti.,aprobada,false,transferencia,GTQ,salud,15
TX-00922,41791.78,2023-07-19,Voluptatibus illo.,aprobada,false,transferencia,GTQ,transporte,13
TX-00923,13862.76,2023-04-21,Repellendus quam voluptas.,rechazada,false,online,USD,transferencia,11
TX-00924,45724.88,2024-04-08,Sunt veniam.,aprobada,false,ATM,USD,transferencia,16
TX-00925,40430.58,2024-09-11,Iste officia.,aprobada,false,ATM,GTQ,viajes,12
TX-00926,15790.82,2024-08-14,Occaecati magni perspiciatis recusandae consectetur.,rechazada,false,online,GTQ,servicios,3
TX-00927,41560.41,2024-05-20,Quia error.,pendiente,false,app_movil,USD,ropa,17
TX-00928,48059.63,2023-03-14,Velit perspiciatis repellendus voluptates.,aprobada,false,ATM,USD,servicios,6
TX-00929,39651.01,2023-08-07,Laboriosam corrupti nemo laudantium provident.,aprobada,false,ATM,GTQ,servicios,2
TX-00930,30816.88,2024-03-09,Labore provident excepturi minus.,aprobada,false,app_movil,USD,servicios,2
TX-00931,5636.85,2023-01-21,Architecto dolore odio officiis.,aprobada,false,POS,USD,alimentacion,4
TX-00932,15391.53,2024-09-17,Autem cupiditate.,aprobada,false,transferencia,USD,ropa,13
TX-00933,45763.16,2024-04-20,Nemo at ea vero eveniet.,pendiente,false,transferencia,GTQ,alimentacion,21
TX-00934,11372.97,2024-10-29,Dolore ex numquam.,aprobada,false,ATM,GTQ,viajes,10
TX-00935,149.79,2023-08-09,Sunt placeat error.,aprobada,false,transferencia,USD,viajes,22
TX-00936,36511.93,2024-04-23,Ullam nulla.,revertida,false,ATM,GTQ,entretenimiento,5
TX-00937,33779.4,2024-01-30,Quae dicta nemo.,aprobada,false,app_movil,USD,entretenimiento,9
TX-00938,30554.97,2023-11-21,Veritatis vitae impedit illo.,aprobada,false,transferencia,GTQ,transporte,21
TX-00939,33420.0,2023-07-31,Ex veniam architecto.,aprobada,false,online,GTQ,entretenimiento,5
TX-00940,16265.33,2024-09-09,Ex incidunt beatae dicta.,rechazada,false,POS,GTQ,transporte,14
TX-00941,32710.43,2023-10-02,Provident possimus totam.,aprobada,false,online,USD,transporte,8
TX-00942,32991.38,2023-11-20,Possimus maiores veritatis laudantium non.,aprobada,false,transferencia,USD,transferencia,12
TX-00943,31653.42,2024-11-16,Id architecto.,revertida,false,app_movil,GTQ,educacion,5
TX-00944,41435.65,2024-05-19,Quos doloremque mollitia rem cumque.,aprobada,false,transferencia,GTQ,transporte,22
TX-00945,33291.53,2024-02-28,Deleniti et hic excepturi.,rechazada,false,app_movil,GTQ,alimentacion,7
TX-00946,33698.58,2024-07-08,Vitae aliquam corporis laudantium necessitatibus.,aprobada,false,POS,GTQ,transporte,10
TX-00947,46885.57,2023-04-02,Corrupti dolor.,aprobada,false,POS,GTQ,viajes,0
TX-00948,17762.86,2023-04-18,Dolore reprehenderit debitis quo.,aprobada,false,POS,GTQ,ropa,15
TX-00949,20415.02,2024-02-17,Voluptates maiores iste saepe ducimus.,aprobada,false,POS,USD,viajes,19
TX-00950,16651.38,2023-10-04,Similique unde eaque dolorem.,rechazada,false,POS,GTQ,alimentacion,23
TX-00951,19616.65,2024-01-16,Id hic nostrum numquam.,rechazada,false,POS,GTQ,viajes,5
TX-00952,20968.47,2024-10-19,Commodi provident ex saepe a.,aprobada,false,app_movil,USD,viajes,11
TX-00953,36258.62,2024-08-25,Voluptatum ipsum illo aut.,aprobada,false,app_movil,GTQ,servicios,6
TX-00954,16884.74,2024-03-19,Sunt commodi voluptas recusandae.,revertida,false,POS,GTQ,transferencia,1
TX-00955,12190.7,2024-09-18,Ratione eius at.,aprobada,false,ATM,USD,viajes,7
TX-00956,15537.83,2024-05-11,Velit maxime a.,rechazada,false,ATM,GTQ,viajes,3
TX-00957,11022.86,2024-04-18,In numquam est tenetur sit.,rechazada,false,app_movil,GTQ,alimentacion,10
TX-00958,27163.18,2023-01-01,Natus numquam.,aprobada,false,online,USD,retiro_efectivo,5
TX-00959,28943.28,2023-03-05,A tenetur hic.,aprobada,false,app_movil,USD,viajes,4
TX-00960,5586.54,2023-02-21,Necessitatibus dolorum.,aprobada,false,POS,GTQ,transporte,15
TX-00961,21678.92,2024-04-15,Minima dicta quia.,aprobada,false,POS,GTQ,transferencia,7
TX-00962,23011.46,2024-08-10,Mollitia eveniet harum.,aprobada,false,POS,GTQ,servicios,3
TX-00963,10144.56,2024-08-31,Voluptate ut.,aprobada,false,app_movil,GTQ,educacion,21
TX-00964,46505.0,2024-02-01,Eius libero perferendis tempore.,aprobada,false,POS,GTQ,retiro_efectivo,18
TX-00965,41371.59,2023-06-02,Distinctio placeat alias.,aprobada,false,transferencia,GTQ,retiro_efectivo,13
TX-00966,37550.45,2024-07-08,Inventore mollitia voluptatibus odio.,aprobada,false,transferencia,GTQ,servicios,21
TX-00967,25426.95,2024-05-31,Fugiat saepe ab unde.,aprobada,false,transferencia,GTQ,salud,17
TX-00968,49310.62,2024-02-06,Perspiciatis numquam alias autem.,aprobada,false,transferencia,GTQ,viajes,12
TX-00969,46030.63,2023-07-11,Quasi doloribus.,revertida,false,app_movil,USD,salud,8
TX-00970,35654.35,2023-03-08,Rem natus quam assumenda odio.,aprobada,false,POS,USD,educacion,18
TX-00971,49399.62,2023-01-17,Voluptatibus tenetur repellat debitis.,aprobada,false,online,GTQ,salud,18
TX-00972,22621.86,2023-06-05,Debitis quasi aliquam.,rechazada,false,ATM,USD,transporte,12
TX-00973,22309.43,2024-06-18,Fuga necessitatibus labore itaque doloribus.,aprobada,false,online,USD,educacion,12
TX-00974,9133.72,2023-10-28,Magni cum aliquid odio.,aprobada,false,ATM,USD,viajes,17
TX-00975,41494.54,2023-05-02,Harum eum molestias.,aprobada,false,transferencia,GTQ,servicios,20
TX-00976,28399.26,2024-11-17,Atque optio eos.,aprobada,false,online,GTQ,salud,1
TX-00977,20421.58,2023-08-30,Architecto molestias.,aprobada,false,online,GTQ,retiro_efectivo,18
TX-00978,44100.51,2024-09-17,Facilis reprehenderit minus.,aprobada,false,ATM,GTQ,transporte,3
TX-00979,12073.03,2024-08-17,Odio ipsa.,aprobada,false,POS,USD,alimentacion,22
TX-00980,2417.47,2024-03-18,Nesciunt corporis nemo reprehenderit ipsa.,aprobada,false,app_movil,USD,educacion,19
TX-00981,34120.87,2024-07-13,Ea quaerat impedit quas hic.,aprobada,false,POS,GTQ,transporte,11
TX-00982,12755.41,2023-06-09,Incidunt exercitationem quis.,aprobada,false,ATM,GTQ,transferencia,19
TX-00983,48870.15,2023-06-14,Animi repellendus voluptatibus deserunt voluptatibus.,pendiente,false,POS,GTQ,retiro_efectivo,19
TX-00984,25031.64,2024-03-12,Nesciunt voluptas.,aprobada,false,POS,USD,alimentacion,19
TX-00985,44628.03,2023-10-26,Itaque placeat amet.,aprobada,false,transferencia,GTQ,transporte,2
TX-00986,19443.07,2023-04-16,Distinctio accusamus.,aprobada,false,app_movil,GTQ,servicios,23
TX-00987,8167.98,2023-01-03,Sit officia temporibus cum iusto.,aprobada,false,transferencia,GTQ,servicios,8
TX-00988,37021.56,2023-12-19,Quibusdam sit eos.,aprobada,false,POS,GTQ,educacion,10
TX-00989,31157.58,2024-05-06,Asperiores inventore numquam.,revertida,false,POS,GTQ,transferencia,8
TX-00990,24213.29,2023-10-19,Facere temporibus neque.,revertida,false,online,USD,alimentacion,22
TX-00991,18281.36,2024-06-16,Deserunt ducimus ducimus.,aprobada,false,ATM,USD,transporte,2
TX-00992,30446.98,2023-07-02,Repellat assumenda numquam aut quo.,aprobada,false,transferencia,USD,educacion,17
TX-00993,13205.78,2023-04-13,Sint blanditiis ratione.,aprobada,false,app_movil,GTQ,transferencia,13
TX-00994,46610.86,2023-07-05,Neque harum.,revertida,false,online,USD,transporte,16
TX-00995,511.02,2024-02-18,Voluptatem consequuntur quo.,aprobada,false,POS,GTQ,educacion,2
TX-00996,22158.9,2024-05-12,Quam blanditiis eum nobis.,pendiente,false,ATM,GTQ,servicios,4
TX-00997,15304.14,2024-11-26,Atque ipsum nemo.,aprobada,false,online,GTQ,retiro_efectivo,18
TX-00998,37179.42,2024-01-15,Aliquid eaque enim voluptatum.,aprobada,false,transferencia,GTQ,educacion,21
TX-00999,12059.68,2024-10-10,Quos quis mollitia.,aprobada,false,ATM,GTQ,transporte,2
TX-01000,20275.94,2023-10-11,Ipsum illo reprehenderit.,aprobada,false,online,USD,ropa,15
TX-01001,31131.99,2024-01-07,Inventore qui adipisci repellat delectus.,pendiente,false,POS,USD,salud,6
TX-01002,18087.18,2024-05-31,Perferendis corporis nulla.,aprobada,false,ATM,USD,transferencia,15
TX-01003,15987.63,2023-06-20,Illo dolore officiis.,aprobada,false,POS,USD,entretenimiento,14
TX-01004,13945.21,2023-09-15,Maiores commodi id soluta suscipit.,aprobada,false,ATM,GTQ,transporte,4
TX-01005,39886.06,2024-05-09,Incidunt eaque iusto sunt.,aprobada,false,transferencia,USD,viajes,11
TX-01006,27589.88,2024-05-17,Sequi officia.,aprobada,false,app_movil,GTQ,salud,5
TX-01007,35475.79,2024-12-08,Eius perferendis corrupti autem.,aprobada,false,POS,GTQ,ropa,13
TX-01008,39098.46,2023-06-24,Eligendi iusto iste.,aprobada,false,POS,GTQ,educacion,9
TX-01009,25974.4,2023-07-11,Sequi itaque.,aprobada,false,transferencia,GTQ,ropa,5
TX-01010,9471.84,2024-04-07,Quod magni dolore accusantium.,aprobada,false,ATM,GTQ,viajes,18
TX-01011,31993.33,2024-06-02,Ab praesentium.,pendiente,false,ATM,USD,salud,20
TX-01012,18365.84,2024-07-05,Nesciunt enim.,aprobada,false,transferencia,GTQ,entretenimiento,1
TX-01013,33223.0,2024-02-23,Consequatur illum cumque quos.,aprobada,false,ATM,USD,ropa,22
TX-01014,18510.92,2023-05-19,Laudantium deleniti suscipit minus numquam.,rechazada,false,POS,GTQ,servicios,2
TX-01015,38351.21,2023-10-20,Enim perspiciatis consequatur.,aprobada,false,ATM,USD,servicios,9
TX-01016,42560.69,2024-07-11,Porro libero repellat eos natus.,aprobada,false,online,GTQ,viajes,12
TX-01017,11826.12,2024-03-26,Provident nobis molestias doloribus.,aprobada,false,app_movil,USD,transferencia,2
TX-01018,1560.92,2024-12-07,Est repellendus eaque magni hic.,aprobada,false,POS,USD,ropa,16
TX-01019,46752.17,2024-07-17,Expedita dicta neque sint.,aprobada,false,ATM,USD,transporte,17
TX-01020,39143.23,2023-08-17,Qui commodi blanditiis.,rechazada,false,ATM,USD,transferencia,20
TX-01021,34399.76,2024-01-08,Distinctio corporis nobis.,aprobada,false,online,USD,servicios,14
TX-01022,40323.73,2023-12-07,Error quas incidunt doloremque.,rechazada,false,app_movil,GTQ,ropa,8
TX-01023,7668.06,2024-07-08,Earum sapiente.,pendiente,false,ATM,USD,salud,5
TX-01024,33833.59,2023-05-15,At quisquam quaerat.,rechazada,false,app_movil,GTQ,viajes,8
TX-01025,22383.93,2024-07-26,Nostrum aspernatur blanditiis vitae occaecati.,aprobada,false,transferencia,GTQ,viajes,1
TX-01026,29635.14,2024-10-29,Vero vero.,aprobada,false,app_movil,GTQ,transferencia,18
TX-01027,47558.86,2024-11-04,Commodi ipsam nostrum dignissimos nihil.,aprobada,false,POS,USD,salud,1
TX-01028,7053.07,2024-01-26,Nihil fugiat veniam.,aprobada,false,ATM,GTQ,transferencia,19
TX-01029,15313.38,2023-07-09,Ipsa quis aspernatur.,aprobada,false,app_movil,GTQ,ropa,0
TX-01030,12280.87,2024-10-28,Perspiciatis unde fugiat sapiente.,aprobada,false,POS,GTQ,alimentacion,1
TX-01031,32570.55,2024-10-28,Fugit debitis impedit.,aprobada,false,transferencia,USD,entretenimiento,10
TX-01032,29067.71,2024-09-20,Pariatur natus totam perspiciatis.,aprobada,false,POS,GTQ,entretenimiento,21
TX-01033,26439.61,2024-09-21,Exercitationem quae placeat deserunt.,aprobada,false,ATM,GTQ,alimentacion,17
TX-01034,37987.19,2024-06-15,Iste nam.,aprobada,false,transferencia,USD,alimentacion,16
TX-01035,23024.89,2023-10-17,Quod porro illum.,aprobada,false,POS,GTQ,entretenimiento,0
TX-01036,20018.7,2023-09-08,Hic repellat laborum adipisci.,pendiente,false,ATM,USD,viajes,22
TX-01037,16691.36,2024-07-25,Tempore eveniet quod quasi.,aprobada,false,transferencia,GTQ,educacion,20
TX-01038,40112.89,2024-05-14,Voluptatem praesentium dolore hic.,aprobada,false,online,GTQ,transporte,6
TX-01039,42945.57,2024-12-28,Autem ullam officia eaque.,rechazada,false,ATM,GTQ,servicios,13
TX-01040,39069.11,2023-08-18,Cupiditate enim beatae non.,rechazada,false,ATM,USD,transporte,17
TX-01041,46112.53,2023-02-26,Quia est amet tempore similique.,aprobada,false,POS,USD,salud,21
TX-01042,12042.13,2024-08-28,Non nesciunt adipisci.,aprobada,false,online,USD,transferencia,22
TX-01043,25635.56,2023-09-25,Nobis enim numquam.,revertida,false,online,GTQ,retiro_efectivo,12
TX-01044,40538.65,2024-04-28,Nobis nesciunt ipsa.,aprobada,false,POS,GTQ,entretenimiento,2
TX-01045,6160.9,2024-01-31,Vel dolore ratione.,aprobada,false,ATM,GTQ,servicios,3
TX-01046,2872.52,2024-12-03,Quae nulla consequuntur rem.,aprobada,false,POS,GTQ,entretenimiento,6
TX-01047,22394.03,2023-01-18,Quia architecto maxime.,aprobada,false,transferencia,GTQ,salud,3
TX-01048,26298.88,2024-07-18,Tenetur ducimus veritatis culpa.,rechazada,false,app_movil,GTQ,transporte,10
TX-01049,1218.55,2023-08-12,Omnis sequi quis.,aprobada,false,transferencia,GTQ,educacion,5
TX-01050,43275.98,2023-06-21,Unde quasi nam placeat.,aprobada,false,online,USD,transporte,4
TX-01051,494.1,2023-12-19,Distinctio sed vitae.,aprobada,false,transferencia,GTQ,alimentacion,3
TX-01052,30102.3,2023-07-05,Est voluptatem rem eos.,aprobada,false,POS,USD,transporte,14
TX-01053,9756.47,2024-10-29,Debitis dolorum odit.,aprobada,false,ATM,GTQ,salud,4
TX-01054,1504.66,2024-08-02,Possimus ad accusamus.,aprobada,false,POS,GTQ,retiro_efectivo,5
TX-01055,15593.69,2023-03-18,A esse iure vero esse.,pendiente,false,POS,USD,educacion,19
TX-01056,43266.65,2023-08-30,Necessitatibus nostrum minima iste modi.,aprobada,false,app_movil,USD,alimentacion,2
TX-01057,44725.22,2023-06-10,Consequatur animi voluptate.,pendiente,false,app_movil,GTQ,educacion,4
TX-01058,369.96,2023-07-29,Nobis soluta dolores doloribus nobis.,aprobada,false,transferencia,GTQ,ropa,17
TX-01059,1370.85,2024-02-16,Perspiciatis suscipit quae.,aprobada,false,ATM,USD,viajes,11
TX-01060,15622.34,2024-08-13,Labore ad aspernatur sapiente.,aprobada,false,POS,GTQ,transporte,1
TX-01061,33280.46,2023-12-13,Dignissimos voluptatum quis.,aprobada,false,POS,GTQ,salud,11
TX-01062,19796.34,2023-07-27,Non similique occaecati doloribus magnam.,aprobada,false,POS,GTQ,transferencia,18
TX-01063,48773.45,2024-05-04,Laborum iste optio ratione.,rechazada,false,ATM,GTQ,salud,9
TX-01064,16878.32,2023-08-31,Praesentium odit esse minus.,aprobada,false,app_movil,GTQ,salud,13
TX-01065,49015.25,2024-01-06,In facere.,rechazada,false,ATM,GTQ,salud,21
TX-01066,16011.03,2024-05-31,Earum blanditiis libero hic.,aprobada,false,POS,GTQ,alimentacion,18
TX-01067,5107.56,2023-05-26,Modi fugiat.,aprobada,false,transferencia,GTQ,servicios,9
TX-01068,15510.9,2024-06-15,Minus consequuntur quos vero.,aprobada,false,POS,GTQ,transporte,22
TX-01069,48254.76,2023-01-19,Blanditiis quaerat.,aprobada,false,online,GTQ,educacion,0
TX-01070,25548.45,2024-11-22,Sint nostrum dicta dicta.,rechazada,false,online,USD,educacion,11
TX-01071,8075.22,2023-04-11,Dolorum veniam tempore.,aprobada,false,online,GTQ,transferencia,20
TX-01072,119.51,2024-01-20,Possimus ea illo pariatur.,aprobada,false,ATM,USD,transporte,5
TX-01073,358.22,2023-01-17,Deserunt architecto.,aprobada,false,transferencia,USD,transporte,19
TX-01074,22827.31,2023-12-18,Nisi cumque debitis inventore accusamus.,rechazada,false,online,GTQ,transferencia,1
TX-01075,23663.29,2023-12-29,Magnam voluptatem.,pendiente,false,app_movil,USD,educacion,14
TX-01076,7982.9,2023-05-29,Laboriosam illo maxime magni.,aprobada,false,app_movil,GTQ,retiro_efectivo,20
TX-01077,36671.09,2024-11-21,Cumque reiciendis rerum.,aprobada,false,online,GTQ,viajes,6
TX-01078,24956.86,2023-06-18,Perspiciatis dolorum dolorum.,aprobada,false,transferencia,GTQ,alimentacion,20
TX-01079,4025.84,2023-01-31,Repudiandae est quam.,aprobada,false,transferencia,USD,viajes,15
TX-01080,14222.42,2024-01-21,Cumque porro quo odit voluptatibus.,rechazada,false,online,USD,transporte,7
TX-01081,48191.54,2024-04-25,Minus deleniti tempora tenetur commodi.,aprobada,false,ATM,GTQ,transferencia,23
TX-01082,10901.96,2023-10-31,Officia delectus sint quidem nemo.,pendiente,false,online,GTQ,ropa,10
TX-01083,2496.53,2024-10-05,Dolores veritatis.,aprobada,false,transferencia,GTQ,alimentacion,1
TX-01084,15257.46,2023-07-20,Cumque molestias.,revertida,false,transferencia,USD,viajes,11
TX-01085,40574.41,2024-12-05,Assumenda ullam similique.,pendiente,false,online,GTQ,educacion,4
TX-01086,47697.21,2024-09-16,Corporis dicta soluta totam.,aprobada,false,POS,GTQ,retiro_efectivo,1
TX-01087,2843.76,2024-06-18,Voluptatibus voluptate culpa commodi.,pendiente,false,online,GTQ,viajes,10
TX-01088,7551.92,2023-07-22,Quisquam fugit porro quisquam.,aprobada,false,app_movil,GTQ,servicios,1
TX-01089,39219.77,2023-01-14,Iure earum eum.,aprobada,false,app_movil,GTQ,ropa,1
TX-01090,33040.49,2023-03-24,Omnis delectus voluptatem eligendi.,aprobada,false,online,GTQ,transporte,6
TX-01091,27304.02,2024-08-12,Ullam saepe quia numquam.,aprobada,false,ATM,GTQ,transporte,5
TX-01092,1588.7,2024-02-02,Autem earum omnis libero.,aprobada,false,online,GTQ,servicios,21
TX-01093,13415.42,2023-06-18,Dicta veritatis aspernatur alias.,aprobada,false,online,GTQ,servicios,17
TX-01094,37759.58,2024-09-17,Nulla amet magnam.,aprobada,false,ATM,USD,transferencia,6
TX-01095,38044.41,2024-07-10,Nesciunt ea corrupti aperiam.,aprobada,false,POS,GTQ,transferencia,0
TX-01096,47611.64,2023-05-20,Quod illo corporis.,aprobada,false,online,USD,viajes,13
TX-01097,20445.57,2024-05-06,At voluptate.,aprobada,false,online,GTQ,servicios,23
TX-01098,8486.96,2023-02-18,Rerum quo.,aprobada,false,online,GTQ,ropa,12
TX-01099,43347.89,2023-11-10,Quibusdam nisi odit dolorem labore.,aprobada,false,POS,GTQ,transferencia,20
TX-01100,23430.67,2023-01-16,Perspiciatis at veritatis rem minima.,aprobada,false,ATM,USD,transferencia,11
TX-01101,5999.1,2023-05-28,Asperiores itaque labore sapiente quis.,pendiente,false,transferencia,GTQ,ropa,13
TX-01102,11928.48,2024-11-23,Veritatis voluptatem dolore itaque.,rechazada,false,POS,USD,ropa,8
TX-01103,12313.28,2024-11-19,Exercitationem debitis excepturi ipsa.,aprobada,false,ATM,USD,retiro_efectivo,0
TX-01104,5899.86,2023-05-06,Perspiciatis voluptates voluptate.,rechazada,false,online,USD,transferencia,18
TX-01105,38949.82,2023-07-10,Consequatur totam vitae eligendi.,rechazada,false,transferencia,GTQ,salud,1
TX-01106,9746.14,2024-03-19,Mollitia reiciendis distinctio.,rechazada,false,POS,GTQ,alimentacion,10
TX-01107,40594.65,2023-08-21,Quaerat optio vero.,aprobada,false,transferencia,GTQ,retiro_efectivo,7
TX-01108,21543.99,2024-05-01,Animi velit alias ea molestiae.,aprobada,false,POS,GTQ,viajes,23
TX-01109,43254.64,2023-05-06,Iure distinctio.,aprobada,false,POS,USD,ropa,18
TX-01110,28936.19,2023-02-05,Optio sapiente dicta suscipit.,aprobada,false,app_movil,GTQ,servicios,3
TX-01111,46810.98,2023-10-12,Repellendus quas laboriosam.,aprobada,false,online,GTQ,viajes,11
TX-01112,12369.21,2024-04-10,Vel provident beatae reiciendis.,aprobada,false,POS,USD,servicios,9
TX-01113,5831.15,2024-12-09,Reiciendis a vel.,aprobada,false,online,USD,ropa,7
TX-01114,24772.0,2024-09-14,Sunt molestias necessitatibus deleniti.,aprobada,false,online,GTQ,servicios,13
TX-01115,9011.02,2024-02-23,Occaecati nam.,aprobada,false,transferencia,GTQ,servicios,12
TX-01116,24456.48,2023-02-13,Sit vero iusto tenetur cum.,aprobada,false,online,GTQ,transferencia,7
TX-01117,20459.44,2023-11-25,Ad ipsa voluptatum maiores ipsum.,aprobada,false,POS,GTQ,transporte,10
TX-01118,34264.54,2023-11-12,Nemo a cumque sapiente.,pendiente,false,online,GTQ,servicios,2
TX-01119,47466.75,2024-06-03,Facere consectetur corrupti.,aprobada,false,ATM,GTQ,retiro_efectivo,4
TX-01120,46631.04,2024-10-04,Porro nisi delectus quod.,aprobada,false,app_movil,GTQ,transporte,1
TX-01121,34038.6,2023-07-10,Non tempore ut ullam unde.,aprobada,false,POS,USD,viajes,5
TX-01122,36447.03,2023-08-09,Numquam libero quasi ex.,aprobada,false,app_movil,GTQ,retiro_efectivo,8
TX-01123,26281.33,2023-09-27,Nam laborum quasi ducimus quaerat.,aprobada,false,ATM,GTQ,transporte,2
TX-01124,5974.79,2024-03-23,Provident dolorem illum.,aprobada,false,app_movil,USD,entretenimiento,22
TX-01125,37024.92,2023-10-21,Commodi dolores.,aprobada,false,POS,GTQ,entretenimiento,3
TX-01126,23068.55,2024-05-08,Sint ea ab adipisci incidunt.,aprobada,false,ATM,USD,salud,8
TX-01127,14035.72,2023-11-28,Consequuntur dolorem unde accusantium recusandae.,aprobada,false,online,USD,viajes,3
TX-01128,3219.91,2023-04-11,Sed mollitia cum.,pendiente,false,app_movil,USD,retiro_efectivo,6
TX-01129,20232.2,2023-08-25,Delectus iusto praesentium rerum alias.,aprobada,false,transferencia,GTQ,alimentacion,5
TX-01130,13434.03,2024-07-15,Dolorum tempore.,aprobada,false,transferencia,GTQ,transporte,19
TX-01131,25360.05,2023-04-17,Harum explicabo consequuntur inventore at.,aprobada,false,online,GTQ,viajes,15
TX-01132,44502.97,2023-09-28,Ab iste modi.,aprobada,false,transferencia,USD,retiro_efectivo,1
TX-01133,6501.67,2023-10-19,Libero blanditiis voluptatibus.,aprobada,false,POS,USD,entretenimiento,21
TX-01134,3289.44,2023-07-30,Necessitatibus ratione.,aprobada,false,ATM,GTQ,viajes,13
TX-01135,10884.33,2024-03-20,Quisquam qui voluptates voluptate explicabo.,aprobada,false,transferencia,USD,transporte,14
TX-01136,4693.5,2023-03-29,Quis ad itaque.,aprobada,false,ATM,GTQ,entretenimiento,22
TX-01137,10079.12,2023-01-08,Magnam dolor.,rechazada,false,transferencia,GTQ,alimentacion,23
TX-01138,26237.62,2023-08-24,Eligendi rerum fugiat accusamus.,aprobada,false,POS,GTQ,transporte,20
TX-01139,24509.26,2023-09-19,Earum aut voluptatem corrupti perspiciatis.,aprobada,false,app_movil,GTQ,servicios,9
TX-01140,40496.41,2023-07-28,Voluptatum ullam ut autem.,aprobada,false,app_movil,USD,servicios,17
TX-01141,24374.24,2024-12-13,Nam cum harum est.,aprobada,false,ATM,USD,transporte,20
TX-01142,44904.67,2024-11-05,Quibusdam beatae.,aprobada,false,online,GTQ,ropa,11
TX-01143,1718.57,2023-06-29,Corporis perspiciatis fugit exercitationem dolorem.,aprobada,false,transferencia,GTQ,viajes,7
TX-01144,32586.66,2023-09-08,Veniam et enim perspiciatis.,aprobada,false,app_movil,GTQ,transporte,1
TX-01145,22759.28,2023-01-14,Unde nesciunt.,pendiente,false,app_movil,GTQ,servicios,16
TX-01146,8001.61,2024-12-08,Est odio.,aprobada,false,POS,GTQ,retiro_efectivo,15
TX-01147,34744.77,2023-09-12,Consequuntur autem dolorum vero ipsum.,aprobada,false,POS,GTQ,viajes,10
TX-01148,26558.98,2024-11-16,Adipisci laborum dolore.,aprobada,false,POS,GTQ,transferencia,5
TX-01149,27006.94,2024-10-11,Vel repellat itaque voluptates.,aprobada,false,transferencia,GTQ,alimentacion,20
TX-01150,39359.49,2024-10-23,Iusto adipisci repellat iusto.,rechazada,false,ATM,USD,transporte,5
TX-01151,12503.88,2023-11-21,Unde quam quia voluptatem.,aprobada,false,transferencia,GTQ,viajes,11
TX-01152,47321.64,2023-06-28,Asperiores debitis ipsum.,aprobada,false,ATM,GTQ,entretenimiento,7
TX-01153,4965.66,2024-11-26,Optio qui.,aprobada,false,transferencia,GTQ,viajes,13
TX-01154,49670.01,2024-12-12,Dolor autem provident.,rechazada,false,ATM,GTQ,retiro_efectivo,7
TX-01155,19291.94,2023-02-08,Unde dolorum laborum quibusdam.,aprobada,false,transferencia,USD,educacion,8
TX-01156,28072.37,2023-01-01,Provident rem cumque magnam.,aprobada,false,POS,GTQ,servicios,4
TX-01157,49360.98,2023-07-26,Voluptatibus alias odio dolore.,aprobada,false,ATM,USD,entretenimiento,1
TX-01158,25194.51,2024-02-17,Aut voluptatem corporis.,aprobada,false,app_movil,GTQ,servicios,9
TX-01159,35134.75,2024-05-06,Alias aliquid tempore non excepturi.,aprobada,false,transferencia,USD,entretenimiento,13
TX-01160,1276.44,2024-03-01,Error aut corrupti.,rechazada,false,app_movil,USD,salud,13
TX-01161,3322.71,2023-09-03,Consectetur quis totam.,aprobada,false,online,GTQ,transferencia,20
TX-01162,17993.09,2024-04-30,Veniam alias excepturi molestiae debitis.,rechazada,false,POS,GTQ,viajes,13
TX-01163,10973.02,2024-03-01,Harum voluptates dignissimos.,aprobada,false,online,GTQ,salud,20
TX-01164,41716.75,2024-01-16,Ea voluptatum laborum.,aprobada,false,app_movil,GTQ,transporte,23
TX-01165,17683.74,2023-12-17,Reprehenderit ipsa illum.,pendiente,false,transferencia,GTQ,servicios,8
TX-01166,28147.3,2024-12-05,Accusamus sint ea.,aprobada,false,transferencia,GTQ,ropa,11
TX-01167,26790.8,2024-11-28,Sunt doloremque.,aprobada,false,app_movil,USD,retiro_efectivo,2
TX-01168,14588.94,2024-07-08,Voluptas id tempore.,pendiente,false,ATM,USD,entretenimiento,14
TX-01169,1886.2,2023-05-14,Porro culpa inventore totam.,aprobada,false,transferencia,GTQ,ropa,12
TX-01170,24831.63,2023-03-05,Facilis placeat.,aprobada,false,online,GTQ,servicios,12
TX-01171,16650.0,2024-08-24,Aut ipsa velit.,rechazada,false,ATM,GTQ,transporte,19
TX-01172,178.35,2023-08-28,Itaque veritatis numquam.,pendiente,false,POS,GTQ,viajes,23
TX-01173,14594.71,2023-08-17,Natus voluptates nemo.,aprobada,false,ATM,USD,retiro_efectivo,18
TX-01174,10701.4,2023-09-19,Sapiente ipsum.,revertida,false,POS,GTQ,entretenimiento,9
TX-01175,25630.25,2024-01-20,Ipsa quisquam natus.,aprobada,false,transferencia,GTQ,transporte,0
TX-01176,30739.79,2024-08-30,Iusto numquam iure.,aprobada,false,app_movil,GTQ,alimentacion,3
TX-01177,31236.03,2023-07-31,Soluta fugit ipsum iure.,rechazada,false,transferencia,GTQ,salud,6
TX-01178,8331.73,2024-04-27,Accusantium corrupti nemo explicabo in.,aprobada,false,online,USD,transferencia,1
TX-01179,3307.3,2024-02-18,Corporis optio fuga nisi facere.,aprobada,false,online,GTQ,ropa,1
TX-01180,26076.15,2023-08-06,Officia rem minima.,aprobada,false,app_movil,GTQ,retiro_efectivo,9
TX-01181,45330.31,2024-05-22,Sunt eum consequatur alias.,aprobada,false,POS,GTQ,alimentacion,21
TX-01182,43573.71,2023-12-12,Ut totam debitis sequi.,rechazada,false,app_movil,USD,servicios,1
TX-01183,2549.16,2024-02-19,Est soluta cumque incidunt natus.,aprobada,false,online,GTQ,alimentacion,3
TX-01184,20406.93,2024-11-21,Doloribus ipsum dicta.,aprobada,false,app_movil,USD,ropa,3
TX-01185,18929.53,2023-01-22,Dolores facilis tenetur adipisci.,aprobada,false,POS,USD,entretenimiento,14
TX-01186,30045.3,2024-12-20,Asperiores corporis eaque.,aprobada,false,online,GTQ,retiro_efectivo,12
TX-01187,37959.77,2024-02-01,Doloremque eos eveniet.,aprobada,false,ATM,USD,servicios,7
TX-01188,13150.23,2023-01-18,Suscipit officia earum qui mollitia.,aprobada,false,online,GTQ,salud,11
TX-01189,1079.66,2023-07-19,Cumque harum alias impedit.,aprobada,false,ATM,GTQ,retiro_efectivo,13
TX-01190,35224.44,2024-03-21,Neque esse magnam.,aprobada,false,online,GTQ,viajes,19
TX-01191,39071.89,2024-12-02,Iure similique velit.,aprobada,false,transferencia,GTQ,servicios,22
TX-01192,1819.5,2023-04-21,Quaerat quo vitae quae.,rechazada,false,transferencia,GTQ,alimentacion,17
TX-01193,26326.87,2023-09-24,Nisi aliquid dolorum.,aprobada,false,ATM,GTQ,entretenimiento,9
TX-01194,45392.14,2023-09-04,Culpa et placeat veniam.,rechazada,false,app_movil,USD,transferencia,3
TX-01195,32751.18,2024-09-13,Velit ullam tenetur saepe nostrum.,aprobada,false,ATM,GTQ,alimentacion,5
TX-01196,10780.28,2023-03-13,Nisi commodi recusandae.,aprobada,false,online,GTQ,transporte,9
TX-01197,16183.87,2024-03-26,Dolorum dolore voluptate aliquid enim.,rechazada,false,online,GTQ,transferencia,22
TX-01198,9285.09,2024-02-15,Aliquid voluptate recusandae doloribus.,aprobada,false,POS,GTQ,retiro_efectivo,15
TX-01199,19085.69,2023-08-03,Suscipit quam.,aprobada,false,ATM,USD,ropa,1
TX-01200,22108.6,2023-03-17,Animi qui quas doloremque labore.,aprobada,false,transferencia,GTQ,ropa,6
TX-01201,4961.19,2024-02-13,Quam impedit.,aprobada,false,POS,GTQ,servicios,9
TX-01202,18069.94,2024-08-16,Placeat quibusdam.,revertida,false,app_movil,GTQ,salud,19
TX-01203,43515.12,2024-01-28,Iste repellendus tenetur reiciendis asperiores.,aprobada,false,ATM,GTQ,servicios,8
TX-01204,15687.25,2024-04-07,Porro saepe quibusdam at dicta.,aprobada,false,app_movil,GTQ,transporte,15
TX-01205,15293.88,2023-09-28,Iste consequuntur suscipit accusantium.,rechazada,false,POS,GTQ,entretenimiento,19
TX-01206,13898.74,2023-11-02,Quos fugiat sapiente.,aprobada,false,transferencia,GTQ,retiro_efectivo,22
TX-01207,20190.08,2023-10-13,Magnam exercitationem saepe a.,aprobada,false,transferencia,USD,salud,14
TX-01208,13484.11,2024-07-13,Commodi pariatur adipisci nam.,aprobada,false,app_movil,GTQ,retiro_efectivo,15
TX-01209,30130.16,2023-01-09,Vero laboriosam totam ea sit.,aprobada,false,transferencia,GTQ,servicios,12
TX-01210,45646.47,2023-11-01,Possimus sunt ullam.,aprobada,false,ATM,GTQ,salud,18
TX-01211,36244.43,2024-09-30,Voluptates molestiae distinctio.,aprobada,false,POS,GTQ,alimentacion,23
TX-01212,23328.58,2023-07-10,Modi ducimus.,aprobada,false,online,GTQ,servicios,8
TX-01213,17186.05,2023-06-04,Praesentium doloremque.,aprobada,false,online,GTQ,viajes,8
TX-01214,12634.72,2024-10-26,Necessitatibus vitae reprehenderit.,aprobada,false,transferencia,GTQ,servicios,10
TX-01215,15887.11,2023-04-03,Minima sit earum.,aprobada,false,POS,USD,salud,14
TX-01216,39894.37,2023-09-02,Facere accusamus est soluta.,aprobada,false,online,GTQ,entretenimiento,12
TX-01217,15714.16,2024-06-19,Atque eaque vero numquam similique.,revertida,false,POS,USD,transferencia,7
TX-01218,32612.19,2024-01-17,Distinctio facilis commodi alias.,aprobada,false,POS,GTQ,servicios,17
TX-01219,1479.85,2023-07-15,Doloribus laboriosam alias.,aprobada,false,app_movil,GTQ,transferencia,11
TX-01220,8675.4,2023-11-27,Minus itaque laborum debitis eaque.,aprobada,false,transferencia,GTQ,servicios,20
TX-01221,38580.61,2024-11-23,Cum odio quis quos.,rechazada,false,app_movil,USD,salud,22
TX-01222,3361.76,2024-02-17,Quis mollitia perspiciatis libero quibusdam.,aprobada,false,app_movil,GTQ,viajes,15
TX-01223,3509.39,2023-08-27,Animi autem.,aprobada,false,transferencia,USD,retiro_efectivo,13
TX-01224,12097.09,2023-07-22,Minima exercitationem tenetur.,aprobada,false,transferencia,GTQ,viajes,3
TX-01225,21074.74,2023-01-28,Quam minima facilis atque.,aprobada,false,transferencia,GTQ,viajes,16
TX-01226,24330.69,2023-02-01,Fuga expedita fugit.,aprobada,false,online,USD,salud,18
TX-01227,40858.12,2024-07-30,Mollitia id porro.,aprobada,false,online,GTQ,educacion,7
TX-01228,23259.22,2023-06-24,Ducimus dolorum laudantium.,aprobada,false,POS,GTQ,retiro_efectivo,20
TX-01229,8839.9,2024-06-27,Tenetur ad facere ullam ullam.,aprobada,false,POS,GTQ,educacion,22
TX-01230,467.5,2023-01-25,Reprehenderit est vero nam.,pendiente,false,ATM,USD,transferencia,17
TX-01231,12312.3,2024-01-30,Ab fugit.,aprobada,false,POS,GTQ,educacion,11
TX-01232,21321.55,2024-03-04,Qui eaque.,aprobada,false,app_movil,GTQ,alimentacion,16
TX-01233,43828.96,2023-07-12,Consequuntur dicta adipisci totam.,pendiente,false,transferencia,GTQ,ropa,5
TX-01234,47480.26,2023-05-06,Quibusdam quae expedita a iusto.,aprobada,false,online,USD,servicios,0
TX-01235,40078.17,2024-04-18,Aliquam dicta.,aprobada,false,online,GTQ,viajes,22
TX-01236,40541.58,2024-05-06,Dolores ducimus.,revertida,false,POS,GTQ,transferencia,20
TX-01237,11317.75,2023-12-03,Veniam voluptate saepe culpa.,aprobada,false,ATM,GTQ,transferencia,7
TX-01238,4693.02,2023-10-02,Deleniti repellendus magni ullam.,aprobada,false,ATM,GTQ,ropa,0
TX-01239,20714.31,2024-11-15,Asperiores sequi nemo saepe sit.,aprobada,false,app_movil,USD,transferencia,2
TX-01240,36570.57,2023-10-16,Fugit quod.,rechazada,false,online,GTQ,salud,1
TX-01241,31819.42,2024-05-13,Quam similique praesentium itaque.,aprobada,false,online,USD,entretenimiento,2
TX-01242,10605.4,2024-10-11,Suscipit omnis earum.,aprobada,false,online,USD,ropa,4
TX-01243,21480.12,2023-03-07,Explicabo corporis optio quo placeat.,aprobada,false,online,GTQ,alimentacion,9
TX-01244,36873.99,2024-02-26,Doloremque deleniti eos quam quia.,aprobada,false,transferencia,GTQ,entretenimiento,8
TX-01245,2599.47,2024-09-08,Exercitationem ad voluptatem totam.,aprobada,false,online,USD,retiro_efectivo,21
TX-01246,5735.04,2023-11-04,Praesentium officia.,aprobada,false,transferencia,GTQ,ropa,19
TX-01247,13114.83,2023-07-04,Quia iure.,revertida,false,online,GTQ,viajes,20
TX-01248,43176.31,2024-10-24,Porro facere.,aprobada,false,transferencia,GTQ,retiro_efectivo,21
TX-01249,14193.44,2024-12-29,Molestiae at debitis repellendus.,aprobada,false,ATM,GTQ,ropa,16
TX-01250,38237.25,2023-02-14,Voluptas numquam molestiae.,rechazada,false,ATM,GTQ,educacion,23
TX-01251,15871.42,2024-01-19,Molestias sed praesentium magni ratione.,aprobada,false,transferencia,GTQ,retiro_efectivo,23
TX-01252,13029.22,2023-12-21,Deleniti consequuntur praesentium sapiente.,pendiente,false,ATM,GTQ,ropa,21
TX-01253,17572.55,2023-05-15,Voluptatum similique vitae.,rechazada,false,app_movil,GTQ,transferencia,22
TX-01254,4794.61,2023-12-24,Recusandae at ipsum ratione eos.,aprobada,false,app_movil,USD,servicios,3
TX-01255,16416.52,2023-01-02,Esse rem quidem.,aprobada,false,app_movil,GTQ,ropa,4
TX-01256,11402.74,2024-09-02,Deserunt quod.,aprobada,false,app_movil,USD,educacion,9
TX-01257,831.0,2023-11-25,Facilis quidem quasi.,pendiente,false,ATM,GTQ,alimentacion,17
TX-01258,37711.94,2023-04-21,Tenetur ducimus.,aprobada,false,ATM,GTQ,alimentacion,23
TX-01259,12154.39,2023-12-17,Cumque exercitationem voluptatum eos.,revertida,false,transferencia,GTQ,transferencia,15
TX-01260,37952.71,2024-10-11,Iure saepe.,aprobada,false,POS,USD,salud,7
TX-01261,43997.78,2023-05-26,Earum repellendus possimus ex nemo.,pendiente,false,transferencia,GTQ,ropa,5
TX-01262,17316.13,2024-01-27,Animi consequatur repellendus veniam.,aprobada,false,online,USD,retiro_efectivo,22
TX-01263,19234.23,2023-12-20,Iure tempore quas.,aprobada,false,app_movil,USD,servicios,11
TX-01264,29718.98,2024-09-08,Quos consequatur cum neque.,aprobada,false,ATM,GTQ,educacion,7
TX-01265,34105.11,2023-03-23,Sit rerum.,aprobada,false,POS,USD,retiro_efectivo,18
TX-01266,22000.15,2023-07-11,Illum sint eligendi perspiciatis nemo.,aprobada,false,app_movil,USD,retiro_efectivo,17
TX-01267,42325.63,2023-12-15,Nihil officia eligendi nesciunt.,pendiente,false,POS,GTQ,retiro_efectivo,21
TX-01268,9936.86,2024-11-29,Natus eaque dolores.,aprobada,false,app_movil,USD,retiro_efectivo,16
TX-01269,31561.82,2024-08-25,Suscipit deserunt suscipit.,aprobada,false,app_movil,USD,retiro_efectivo,11
TX-01270,37686.7,2023-12-16,Nesciunt accusantium nam.,aprobada,false,POS,USD,entretenimiento,14
TX-01271,23393.22,2023-08-03,Tempora est aliquam itaque aliquam.,aprobada,false,app_movil,USD,servicios,20
TX-01272,25383.64,2024-01-01,Vel dolores occaecati.,aprobada,false,transferencia,GTQ,ropa,20
TX-01273,43535.53,2024-11-11,Fugiat odit.,aprobada,false,transferencia,GTQ,servicios,17
TX-01274,12611.64,2024-08-22,Molestias quam reprehenderit sapiente.,aprobada,false,ATM,USD,servicios,1
TX-01275,1053.28,2024-02-13,Eveniet sed nemo est quibusdam.,revertida,false,ATM,USD,retiro_efectivo,18
TX-01276,30697.74,2023-02-12,Harum saepe suscipit iure expedita.,aprobada,false,app_movil,GTQ,educacion,6
TX-01277,34106.53,2023-08-30,Corporis similique unde culpa laborum.,rechazada,false,online,GTQ,transferencia,0
TX-01278,31210.89,2024-11-19,Eos et error.,aprobada,false,transferencia,GTQ,transporte,20
TX-01279,24419.98,2023-07-04,Occaecati facilis vero.,aprobada,false,ATM,GTQ,transporte,12
TX-01280,12641.21,2023-05-09,Numquam incidunt ipsam laudantium numquam.,aprobada,false,transferencia,USD,transporte,20
TX-01281,33117.74,2023-10-09,Quae perferendis esse molestias.,revertida,false,app_movil,GTQ,alimentacion,13
TX-01282,17334.92,2024-03-29,Non exercitationem numquam id.,aprobada,false,transferencia,GTQ,ropa,7
TX-01283,12405.77,2024-12-02,Assumenda ratione aspernatur.,aprobada,false,POS,USD,salud,17
TX-01284,36828.16,2023-03-23,Numquam similique.,aprobada,false,POS,GTQ,retiro_efectivo,2
TX-01285,7925.32,2024-08-05,Nemo corporis iure.,aprobada,false,POS,USD,alimentacion,10
TX-01286,3482.58,2024-01-28,Dicta harum provident molestias.,rechazada,false,app_movil,USD,educacion,9
TX-01287,18895.66,2023-10-31,Dolore odio quaerat illum.,aprobada,false,POS,GTQ,salud,17
TX-01288,10620.87,2023-11-04,Quibusdam impedit repellat.,aprobada,false,app_movil,GTQ,educacion,4
TX-01289,1916.46,2023-02-19,Ab pariatur non similique.,revertida,false,app_movil,USD,alimentacion,3
TX-01290,45395.28,2024-06-25,Rerum animi atque.,aprobada,false,ATM,GTQ,transferencia,15
TX-01291,27173.76,2023-02-10,Ipsa eveniet fugiat magnam tempore.,aprobada,false,online,GTQ,entretenimiento,3
TX-01292,33038.54,2024-04-27,Esse dignissimos tempora.,rechazada,false,POS,GTQ,retiro_efectivo,16
TX-01293,4760.59,2023-03-04,At officiis repellat laboriosam autem.,aprobada,false,POS,USD,viajes,20
TX-01294,16558.8,2024-10-06,Iure aspernatur ipsum maiores.,aprobada,false,app_movil,GTQ,ropa,23
TX-01295,40279.75,2023-08-19,Ipsa id eveniet dolore.,aprobada,false,POS,GTQ,servicios,7
TX-01296,29457.63,2023-10-14,Iure modi reprehenderit.,pendiente,false,online,USD,transferencia,20
TX-01297,38049.96,2024-09-25,Nesciunt atque vel.,revertida,false,POS,GTQ,salud,18
TX-01298,14124.9,2024-02-16,Amet dicta.,aprobada,false,app_movil,GTQ,salud,16
TX-01299,14457.73,2023-08-08,Velit et.,rechazada,false,transferencia,GTQ,salud,0
TX-01300,8713.12,2024-04-19,Adipisci possimus.,aprobada,false,transferencia,USD,alimentacion,17
TX-01301,17482.2,2023-09-26,Et pariatur dolorum voluptatem.,aprobada,false,app_movil,GTQ,salud,14
TX-01302,40249.12,2024-12-29,Molestias incidunt.,rechazada,false,transferencia,GTQ,viajes,13
TX-01303,4042.61,2024-04-27,Ratione officia recusandae itaque itaque.,aprobada,false,ATM,USD,entretenimiento,10
TX-01304,9631.03,2023-12-24,Accusamus tempore tenetur officia.,rechazada,false,ATM,GTQ,transporte,1
TX-01305,47833.28,2024-12-02,Temporibus molestias quasi sunt sint.,aprobada,false,ATM,GTQ,alimentacion,12
TX-01306,45902.05,2024-07-20,Ea tempora.,aprobada,false,POS,USD,alimentacion,23
TX-01307,21467.62,2024-12-12,Quos molestiae accusamus quas.,aprobada,false,transferencia,GTQ,entretenimiento,22
TX-01308,15136.23,2024-12-19,Illum aliquid laboriosam.,rechazada,false,transferencia,USD,alimentacion,0
TX-01309,41448.3,2024-04-20,Eveniet numquam at.,aprobada,false,online,USD,entretenimiento,21
TX-01310,5359.81,2024-02-19,Sed quibusdam iste quia.,aprobada,false,ATM,GTQ,alimentacion,14
TX-01311,43605.12,2024-03-01,Ea accusantium quasi.,aprobada,false,POS,USD,salud,21
TX-01312,16697.95,2024-03-04,Debitis nam hic.,pendiente,false,ATM,GTQ,servicios,2
TX-01313,38243.83,2024-02-09,Placeat laborum veritatis.,aprobada,false,POS,GTQ,retiro_efectivo,14
TX-01314,49605.01,2023-11-11,Accusantium voluptas aliquam doloremque reprehenderit.,aprobada,false,online,GTQ,servicios,13
TX-01315,41997.08,2024-03-13,Dignissimos est facilis saepe.,pendiente,false,online,GTQ,ropa,19
TX-01316,48850.5,2023-12-18,Id illo rerum doloremque.,aprobada,false,app_movil,GTQ,servicios,9
TX-01317,29151.25,2024-08-06,Libero officiis.,aprobada,false,app_movil,GTQ,servicios,17
TX-01318,41483.08,2024-01-18,Quo consequatur.,aprobada,false,ATM,GTQ,viajes,21
TX-01319,32544.16,2024-11-03,Adipisci officia aspernatur.,aprobada,false,ATM,GTQ,alimentacion,21
TX-01320,17653.37,2024-10-23,Cumque magnam accusamus distinctio saepe.,aprobada,false,POS,USD,servicios,19
TX-01321,32210.24,2023-04-10,Unde vero cupiditate aspernatur vero.,rechazada,false,POS,GTQ,viajes,11
TX-01322,11187.6,2024-10-28,Tempora magnam.,aprobada,false,ATM,GTQ,servicios,4
TX-01323,3774.34,2023-04-04,At ea nostrum.,aprobada,false,transferencia,GTQ,transferencia,13
TX-01324,34239.4,2023-08-24,Iure necessitatibus doloremque.,revertida,false,online,GTQ,retiro_efectivo,21
TX-01325,6293.99,2024-11-30,Est ullam adipisci pariatur.,rechazada,false,POS,USD,alimentacion,12
TX-01326,38199.52,2023-03-31,Nemo placeat dolor exercitationem quasi.,aprobada,false,transferencia,GTQ,viajes,23
TX-01327,48519.32,2024-08-12,Qui culpa laboriosam.,aprobada,false,ATM,GTQ,ropa,0
TX-01328,13160.3,2023-07-24,Est porro voluptate ipsa placeat.,pendiente,false,transferencia,GTQ,transferencia,6
TX-01329,21761.58,2023-03-04,Eaque repudiandae ipsum id.,aprobada,false,ATM,GTQ,retiro_efectivo,10
TX-01330,45957.74,2023-09-12,Asperiores reiciendis officia eligendi nihil.,aprobada,false,transferencia,GTQ,entretenimiento,20
TX-01331,35194.56,2024-04-19,Deserunt amet cupiditate nisi.,aprobada,false,online,GTQ,transporte,3
TX-01332,14518.62,2023-01-22,Exercitationem possimus.,rechazada,false,app_movil,GTQ,educacion,23
TX-01333,32017.62,2023-05-24,Corporis ipsa veritatis quas.,aprobada,false,ATM,GTQ,salud,19
TX-01334,1218.81,2024-10-15,Et nisi.,aprobada,false,transferencia,GTQ,ropa,15
TX-01335,35480.75,2023-02-11,Unde expedita sequi.,aprobada,false,ATM,GTQ,ropa,17
TX-01336,7001.39,2024-05-03,Repudiandae eligendi similique necessitatibus.,aprobada,false,ATM,USD,salud,12
TX-01337,26065.28,2023-05-14,Libero mollitia non necessitatibus asperiores.,aprobada,false,ATM,GTQ,retiro_efectivo,10
TX-01338,11154.82,2023-01-08,Optio voluptate velit iste molestias.,pendiente,false,app_movil,GTQ,transporte,12
TX-01339,46002.21,2024-04-23,Quis ipsum molestias quidem.,aprobada,false,online,GTQ,entretenimiento,8
TX-01340,20052.76,2024-09-17,Sit excepturi.,rechazada,false,ATM,GTQ,ropa,9
TX-01341,29639.99,2023-03-10,Dolores blanditiis voluptatum.,pendiente,false,POS,GTQ,transporte,13
TX-01342,34386.83,2023-05-28,Ipsam atque explicabo.,aprobada,false,ATM,GTQ,educacion,11
TX-01343,35587.51,2023-12-01,Suscipit aliquid saepe cupiditate expedita.,aprobada,false,app_movil,GTQ,alimentacion,0
TX-01344,34150.68,2024-12-27,Rerum voluptatum quasi.,aprobada,false,app_movil,GTQ,alimentacion,8
TX-01345,26738.73,2024-06-14,In quas atque minima.,aprobada,false,app_movil,GTQ,salud,9
TX-01346,8948.23,2024-03-22,Consectetur recusandae provident vero.,aprobada,false,ATM,GTQ,retiro_efectivo,3
TX-01347,30336.32,2024-07-07,Aspernatur quod rem.,rechazada,false,ATM,GTQ,entretenimiento,11
TX-01348,14354.01,2024-07-08,Corrupti provident.,pendiente,false,online,GTQ,viajes,4
TX-01349,40348.22,2023-11-13,Atque esse.,pendiente,false,ATM,GTQ,viajes,11
TX-01350,20375.12,2023-09-26,Totam corrupti.,aprobada,false,online,GTQ,transferencia,9
TX-01351,4999.85,2024-11-20,Modi sapiente molestiae.,aprobada,false,POS,USD,salud,20
TX-01352,8479.29,2024-08-13,Ab provident atque reiciendis.,aprobada,false,POS,GTQ,salud,20
TX-01353,12527.54,2024-07-27,Voluptatibus nam provident.,pendiente,false,online,USD,alimentacion,16
TX-01354,23746.55,2023-05-19,Adipisci exercitationem fugit incidunt voluptatibus.,aprobada,false,ATM,USD,servicios,14
TX-01355,32362.26,2023-12-13,Quos placeat.,aprobada,false,online,GTQ,transferencia,12
TX-01356,34060.62,2023-10-16,Minus ad ipsam praesentium.,aprobada,false,transferencia,GTQ,transferencia,3
TX-01357,45608.14,2023-01-03,Nihil placeat id aspernatur.,pendiente,false,online,GTQ,alimentacion,0
TX-01358,36683.89,2023-06-20,Ex vitae reprehenderit.,rechazada,false,transferencia,GTQ,alimentacion,19
TX-01359,30255.04,2024-02-03,Iure autem.,rechazada,false,online,GTQ,educacion,3
TX-01360,23234.53,2023-09-15,Id repellendus sed.,aprobada,false,transferencia,GTQ,viajes,7
TX-01361,48308.95,2024-06-21,Ex hic quia possimus cum.,aprobada,false,transferencia,GTQ,entretenimiento,14
TX-01362,20994.88,2024-02-28,Sequi illum quae dolore.,aprobada,false,app_movil,GTQ,alimentacion,10
TX-01363,27192.06,2024-11-16,Ducimus modi quas libero eveniet.,aprobada,false,online,USD,retiro_efectivo,18
TX-01364,356.27,2023-09-11,Occaecati necessitatibus corporis voluptatibus.,rechazada,false,transferencia,GTQ,ropa,0
TX-01365,7697.28,2024-02-11,Ea sapiente fuga vel est.,pendiente,false,app_movil,USD,servicios,17
TX-01366,45418.44,2023-07-15,Aliquid architecto eaque.,aprobada,false,ATM,GTQ,transporte,1
TX-01367,44982.68,2024-03-10,Nisi iure beatae.,aprobada,false,transferencia,GTQ,entretenimiento,2
TX-01368,29519.97,2024-01-23,Quod nam enim eius.,pendiente,false,ATM,USD,viajes,22
TX-01369,3464.03,2024-12-14,Repudiandae dolorem molestias sapiente.,aprobada,false,online,GTQ,transferencia,8
TX-01370,140.39,2024-11-26,Atque laborum expedita.,revertida,false,POS,USD,servicios,14
TX-01371,8341.5,2024-12-12,Veniam optio modi.,aprobada,false,transferencia,GTQ,entretenimiento,21
TX-01372,16613.31,2023-09-01,Magnam sunt inventore adipisci.,aprobada,false,app_movil,GTQ,entretenimiento,6
TX-01373,27976.69,2024-10-14,Fugit laboriosam.,aprobada,false,app_movil,USD,servicios,6
TX-01374,16197.0,2024-09-15,Asperiores alias natus libero.,aprobada,false,online,GTQ,transferencia,19
TX-01375,17979.23,2024-06-21,Eius eveniet beatae.,aprobada,false,ATM,GTQ,servicios,7
TX-01376,32476.45,2023-09-26,Corrupti occaecati esse.,rechazada,false,ATM,GTQ,salud,16
TX-01377,44375.41,2023-03-25,Illum doloremque.,aprobada,false,transferencia,GTQ,alimentacion,3
TX-01378,18290.27,2023-01-19,Ea velit.,aprobada,false,transferencia,GTQ,entretenimiento,15
TX-01379,35981.55,2024-09-07,Accusantium nobis nobis tempore.,aprobada,false,POS,GTQ,alimentacion,8
TX-01380,3233.57,2024-04-24,Odit maiores repellendus.,revertida,false,transferencia,GTQ,entretenimiento,9
TX-01381,29793.97,2024-06-04,Excepturi hic ratione debitis.,aprobada,false,ATM,GTQ,transporte,14
TX-01382,4053.05,2023-03-14,Minima corporis vero possimus.,aprobada,false,online,GTQ,transferencia,17
TX-01383,8095.23,2023-10-14,Qui similique est sed eaque.,revertida,false,app_movil,GTQ,retiro_efectivo,20
TX-01384,29349.37,2023-02-13,Accusantium necessitatibus.,aprobada,false,app_movil,USD,transferencia,8
TX-01385,27635.83,2024-06-13,Voluptas rem nisi eius dolore.,rechazada,false,app_movil,USD,ropa,5
TX-01386,32842.74,2023-01-22,Recusandae amet excepturi.,aprobada,false,POS,USD,retiro_efectivo,15
TX-01387,22846.99,2023-01-22,Quasi nemo nam libero.,aprobada,false,POS,GTQ,servicios,11
TX-01388,33222.62,2023-11-26,Inventore laborum molestiae fugit.,aprobada,false,ATM,GTQ,entretenimiento,21
TX-01389,16515.49,2024-12-15,Explicabo omnis atque incidunt.,aprobada,false,transferencia,USD,viajes,4
TX-01390,21223.13,2024-09-06,Architecto nostrum.,aprobada,false,transferencia,USD,alimentacion,8
TX-01391,6394.41,2023-08-05,Aliquid quidem maiores.,aprobada,false,transferencia,GTQ,entretenimiento,3
TX-01392,31037.69,2024-11-30,Ipsum delectus cum sequi.,aprobada,false,ATM,GTQ,servicios,9
TX-01393,48654.93,2023-12-20,Beatae modi ad.,aprobada,false,POS,GTQ,alimentacion,4
TX-01394,15420.18,2023-10-03,Eius pariatur facilis autem.,aprobada,false,app_movil,USD,alimentacion,4
TX-01395,34457.91,2023-06-13,Consequuntur dolore repellat.,aprobada,false,online,USD,retiro_efectivo,15
TX-01396,19323.08,2023-02-25,Beatae dolor.,aprobada,false,online,USD,retiro_efectivo,14
TX-01397,33471.46,2024-09-09,Unde blanditiis aliquid.,aprobada,false,app_movil,GTQ,transferencia,4
TX-01398,35808.68,2024-03-03,Reprehenderit occaecati.,aprobada,false,POS,GTQ,servicios,1
TX-01399,727.81,2023-09-28,Id ea eum nobis eligendi.,aprobada,false,POS,USD,entretenimiento,16
TX-01400,9745.84,2023-11-20,Nihil aut eaque recusandae.,aprobada,false,ATM,USD,transferencia,5
TX-01401,12467.13,2024-03-19,Voluptatem facilis doloribus nam ducimus.,aprobada,false,online,USD,entretenimiento,14
TX-01402,17217.67,2024-04-05,Hic illum occaecati dolorum.,pendiente,false,app_movil,GTQ,ropa,12
TX-01403,20686.93,2023-11-28,Maxime voluptate.,aprobada,false,online,USD,retiro_efectivo,16
TX-01404,13375.99,2024-05-27,Minus sed quo.,aprobada,false,app_movil,GTQ,entretenimiento,12
TX-01405,23654.01,2023-08-18,Facere voluptatem inventore a animi.,aprobada,false,online,GTQ,alimentacion,16
TX-01406,20266.42,2023-09-29,Nihil fugiat ea.,aprobada,false,online,GTQ,salud,8
TX-01407,25490.66,2023-05-20,Magnam nihil quod.,aprobada,false,app_movil,GTQ,retiro_efectivo,19
TX-01408,14339.36,2023-05-02,Cum omnis quibusdam.,aprobada,false,app_movil,GTQ,educacion,0
TX-01409,37262.01,2023-08-06,Neque quae error.,aprobada,false,online,USD,servicios,21
TX-01410,32441.51,2023-03-09,Officia tempore ut placeat itaque.,aprobada,false,transferencia,GTQ,transferencia,10
TX-01411,26745.5,2024-03-27,Corporis suscipit totam.,aprobada,false,POS,USD,ropa,6
TX-01412,28196.76,2023-06-17,Corrupti a voluptate.,aprobada,false,online,GTQ,retiro_efectivo,10
TX-01413,44226.3,2024-10-25,Culpa dolore doloremque fuga.,pendiente,false,ATM,GTQ,transporte,7
TX-01414,42358.82,2024-04-18,Excepturi quaerat distinctio labore.,aprobada,false,transferencia,USD,transporte,14
TX-01415,34680.25,2024-03-28,Eius quia tempora.,aprobada,false,POS,GTQ,servicios,22
TX-01416,2589.58,2023-09-28,Delectus voluptas nesciunt recusandae mollitia.,aprobada,false,ATM,GTQ,alimentacion,12
TX-01417,30184.7,2024-03-25,Impedit mollitia minus quidem aliquid.,rechazada,false,transferencia,GTQ,educacion,10
TX-01418,38485.03,2024-04-26,Quibusdam dicta beatae illo.,aprobada,false,app_movil,GTQ,transferencia,18
TX-01419,19527.88,2024-06-13,Asperiores quis unde blanditiis.,aprobada,false,online,GTQ,salud,15
TX-01420,19554.21,2023-04-03,Iste officiis.,aprobada,false,app_movil,USD,retiro_efectivo,2
TX-01421,15363.31,2023-11-20,Nemo corrupti maiores odio quod.,aprobada,false,app_movil,GTQ,alimentacion,12
TX-01422,39472.87,2024-02-29,Labore vitae aspernatur tempora distinctio.,aprobada,false,ATM,GTQ,entretenimiento,2
TX-01423,36805.4,2024-10-17,Eos iste.,aprobada,false,app_movil,USD,ropa,18
TX-01424,49641.48,2023-01-21,Provident dolor illo recusandae sit.,aprobada,false,POS,GTQ,servicios,4
TX-01425,49749.21,2024-06-28,At nesciunt.,aprobada,false,ATM,USD,educacion,20
TX-01426,26892.24,2024-03-28,Accusamus nesciunt vel tempore in.,pendiente,false,transferencia,GTQ,ropa,11
TX-01427,8536.79,2024-06-12,Aliquam itaque minima eum.,aprobada,false,POS,GTQ,alimentacion,20
TX-01428,43342.35,2023-04-22,Sint quas facilis et.,aprobada,false,ATM,USD,salud,14
TX-01429,8560.75,2023-08-30,Perspiciatis saepe itaque.,aprobada,false,online,USD,educacion,3
TX-01430,8830.29,2024-01-14,Perspiciatis ut molestias fuga corporis.,aprobada,false,ATM,GTQ,alimentacion,6
TX-01431,17382.97,2024-05-26,Inventore cumque itaque.,revertida,false,ATM,GTQ,transporte,9
TX-01432,23266.82,2023-08-01,Reiciendis eligendi illum.,rechazada,false,ATM,GTQ,educacion,22
TX-01433,10066.08,2024-05-22,Ducimus earum.,aprobada,false,transferencia,USD,entretenimiento,13
TX-01434,31701.08,2023-02-04,Consequatur blanditiis.,aprobada,false,app_movil,GTQ,transporte,8
TX-01435,39060.95,2024-05-11,Consequatur voluptas.,aprobada,false,app_movil,GTQ,educacion,0
TX-01436,33989.38,2023-01-03,Vel velit eius.,aprobada,false,ATM,GTQ,viajes,8
TX-01437,36230.81,2024-02-12,Nihil maxime unde repudiandae.,revertida,false,ATM,GTQ,viajes,7
TX-01438,33201.85,2024-05-22,Similique nostrum repudiandae accusamus.,aprobada,false,transferencia,GTQ,entretenimiento,17
TX-01439,36057.47,2023-04-01,Exercitationem odit iure.,aprobada,false,POS,GTQ,salud,11
TX-01440,6544.02,2023-07-22,Et deleniti fuga deleniti.,pendiente,false,POS,GTQ,retiro_efectivo,15
TX-01441,37224.62,2024-11-05,Ratione ea culpa non.,aprobada,false,online,GTQ,ropa,23
TX-01442,44182.35,2023-05-26,Id placeat dolorem.,aprobada,false,POS,USD,salud,20
TX-01443,43863.54,2023-09-20,Voluptatibus perspiciatis.,aprobada,false,app_movil,GTQ,ropa,4
TX-01444,2282.47,2024-02-20,Veritatis excepturi adipisci officia.,pendiente,false,online,USD,transporte,7
TX-01445,223.35,2024-01-10,Quod illo ab maxime.,revertida,false,transferencia,GTQ,transferencia,0
TX-01446,8264.87,2023-10-02,Ipsam earum perferendis ipsa.,aprobada,false,online,GTQ,servicios,20
TX-01447,28124.82,2024-11-11,Repellendus pariatur optio quis.,aprobada,false,online,GTQ,ropa,13
TX-01448,12000.67,2024-01-15,Doloribus sapiente dolorum.,aprobada,false,online,GTQ,transporte,12
TX-01449,13039.15,2023-08-03,Voluptates iusto.,aprobada,false,ATM,GTQ,servicios,17
TX-01450,28031.7,2023-02-14,Neque enim animi magni.,aprobada,false,app_movil,USD,ropa,18
TX-01451,45372.91,2023-01-04,Voluptatum harum fugiat ipsum.,aprobada,false,ATM,GTQ,entretenimiento,6
TX-01452,28904.47,2023-10-23,Animi quisquam totam temporibus.,aprobada,false,app_movil,GTQ,educacion,0
TX-01453,5138.47,2023-11-19,Laboriosam perferendis adipisci eveniet.,aprobada,false,online,GTQ,viajes,0
TX-01454,39090.64,2024-06-12,Quis rem.,aprobada,false,app_movil,GTQ,transferencia,11
TX-01455,19892.24,2024-07-01,Sint reprehenderit neque voluptatem harum.,aprobada,false,POS,USD,transferencia,20
TX-01456,10105.76,2023-10-24,Possimus modi rem optio.,aprobada,false,ATM,GTQ,educacion,5
TX-01457,11961.53,2023-03-07,Ab libero rerum sunt.,aprobada,false,POS,GTQ,alimentacion,12
TX-01458,41908.01,2023-04-14,Soluta quisquam error repudiandae.,rechazada,false,transferencia,USD,salud,15
TX-01459,29590.84,2024-11-18,Rem non.,aprobada,false,ATM,USD,transporte,10
TX-01460,48795.88,2023-06-07,Aut est reiciendis autem officia.,rechazada,false,ATM,GTQ,transporte,1
TX-01461,7894.18,2024-02-26,Excepturi hic occaecati.,aprobada,false,ATM,GTQ,transporte,6
TX-01462,14385.36,2023-12-04,Sapiente iure.,aprobada,false,ATM,GTQ,entretenimiento,20
TX-01463,8548.77,2023-09-03,Neque doloribus labore.,aprobada,false,transferencia,GTQ,salud,4
TX-01464,1371.2,2023-07-15,Fugiat iure nulla ullam.,aprobada,false,POS,GTQ,retiro_efectivo,0
TX-01465,32968.11,2023-06-14,Consectetur ipsum.,pendiente,false,ATM,GTQ,salud,17
TX-01466,28363.05,2023-08-27,Beatae animi placeat fugiat doloribus.,aprobada,false,transferencia,GTQ,entretenimiento,15
TX-01467,31814.53,2024-05-11,Sapiente consequuntur inventore.,aprobada,false,app_movil,USD,entretenimiento,3
TX-01468,20400.86,2024-05-14,Neque asperiores.,aprobada,false,transferencia,USD,educacion,8
TX-01469,43411.34,2024-04-14,A doloremque reprehenderit dolorem quia.,aprobada,false,transferencia,GTQ,ropa,19
TX-01470,183.77,2023-07-13,Molestiae reiciendis aliquid unde.,aprobada,false,POS,GTQ,servicios,8
TX-01471,12306.73,2023-09-01,Doloremque et quasi perferendis perferendis.,aprobada,false,POS,GTQ,entretenimiento,12
TX-01472,36068.83,2023-12-09,Pariatur eveniet corrupti est.,aprobada,false,ATM,GTQ,entretenimiento,3
TX-01473,46626.7,2023-07-22,Explicabo illum cumque.,aprobada,false,app_movil,GTQ,transferencia,23
TX-01474,33428.86,2024-08-08,Cumque eos velit recusandae.,aprobada,false,online,GTQ,servicios,19
TX-01475,36316.84,2023-07-06,Voluptates beatae animi.,rechazada,false,ATM,GTQ,salud,17
TX-01476,13975.37,2023-06-20,Magni veniam quos.,pendiente,false,ATM,GTQ,entretenimiento,2
TX-01477,42708.68,2023-07-21,Accusantium consequuntur ut.,aprobada,false,ATM,GTQ,transporte,16
TX-01478,36096.31,2023-08-11,Ea ullam.,aprobada,false,online,GTQ,alimentacion,5
TX-01479,1380.05,2024-08-17,Vitae error saepe.,aprobada,false,app_movil,USD,educacion,21
TX-01480,34375.08,2023-10-12,Quidem minus aut dolorem.,pendiente,false,POS,GTQ,entretenimiento,23
TX-01481,29517.25,2023-06-08,Nam voluptate hic commodi.,aprobada,false,ATM,GTQ,ropa,5
TX-01482,33270.46,2024-10-22,Officiis sint.,aprobada,false,POS,GTQ,transferencia,16
TX-01483,13984.3,2023-06-10,Consectetur praesentium repellat.,aprobada,false,online,GTQ,transferencia,1
TX-01484,47723.22,2023-10-13,Occaecati ullam facilis tempora exercitationem.,aprobada,false,ATM,GTQ,salud,20
TX-01485,44243.1,2023-08-28,Dolores nulla itaque.,rechazada,false,transferencia,GTQ,retiro_efectivo,23
TX-01486,39390.31,2023-03-23,Perspiciatis magni optio.,aprobada,false,transferencia,USD,transferencia,11
TX-01487,28969.5,2023-10-02,Nemo magni perspiciatis velit magnam.,aprobada,false,ATM,GTQ,servicios,1
TX-01488,25443.26,2023-07-09,Delectus fugiat porro ea.,aprobada,false,online,GTQ,servicios,1
TX-01489,34910.16,2023-07-15,Voluptate voluptas id natus.,aprobada,false,ATM,GTQ,servicios,23
TX-01490,27882.09,2024-09-09,Debitis impedit vel architecto molestias.,aprobada,false,app_movil,USD,retiro_efectivo,2
TX-01491,22824.48,2024-04-22,Asperiores sint labore perferendis similique.,rechazada,false,app_movil,USD,ropa,21
TX-01492,13451.17,2023-09-13,Animi nesciunt amet nisi ducimus.,aprobada,false,transferencia,USD,viajes,3
TX-01493,31904.87,2024-01-26,Culpa eaque.,rechazada,false,POS,GTQ,entretenimiento,17
TX-01494,8643.9,2023-05-14,Eius odio hic commodi.,aprobada,false,POS,GTQ,ropa,23
TX-01495,5174.14,2023-04-24,Officiis quia.,rechazada,false,online,USD,alimentacion,20
TX-01496,36945.83,2023-07-02,Dolorum harum non.,pendiente,false,online,GTQ,transporte,11
TX-01497,21049.84,2024-10-22,Quod sapiente porro.,aprobada,false,app_movil,GTQ,transferencia,14
TX-01498,15660.65,2024-02-16,Sequi doloremque adipisci vitae.,rechazada,false,POS,GTQ,alimentacion,23
TX-01499,8534.56,2023-10-23,Qui ex.,aprobada,false,app_movil,USD,ropa,8
TX-01500,21514.47,2023-10-05,Illo optio quidem.,rechazada,false,ATM,USD,salud,0
TX-01501,3366.95,2023-08-14,Ullam est dignissimos praesentium rerum.,aprobada,false,app_movil,GTQ,alimentacion,20
TX-01502,3569.08,2023-06-02,Distinctio sequi eum excepturi.,aprobada,false,ATM,USD,educacion,15
TX-01503,30438.75,2023-12-10,Dolores ipsa vel provident.,aprobada,false,POS,GTQ,viajes,1
TX-01504,45685.1,2024-01-09,Exercitationem eos modi.,aprobada,false,POS,GTQ,transporte,19
TX-01505,49569.93,2023-06-17,Consectetur optio beatae.,aprobada,false,ATM,USD,viajes,5
TX-01506,21906.99,2024-04-19,Amet quae neque quis modi.,aprobada,false,app_movil,GTQ,servicios,9
TX-01507,14097.69,2024-06-02,Et voluptate similique reprehenderit laudantium.,aprobada,false,app_movil,GTQ,salud,9
TX-01508,26214.79,2023-02-10,Earum hic adipisci.,aprobada,false,POS,USD,alimentacion,14
TX-01509,26190.33,2023-01-10,Magni eum iusto reprehenderit neque.,aprobada,false,online,GTQ,transferencia,9
TX-01510,5632.4,2024-06-05,A ducimus animi dolore.,aprobada,false,ATM,GTQ,transferencia,3
TX-01511,12816.29,2023-03-13,Temporibus atque beatae.,aprobada,false,POS,USD,alimentacion,8
TX-01512,3578.61,2023-10-28,Doloremque itaque reprehenderit eius non.,aprobada,false,ATM,USD,entretenimiento,22
TX-01513,30051.46,2023-01-17,Eaque labore nemo aperiam.,revertida,false,online,USD,viajes,18
TX-01514,6513.29,2023-03-02,Repellendus minima nihil.,aprobada,false,online,GTQ,educacion,2
TX-01515,1470.79,2023-12-23,Odio aut voluptatibus.,aprobada,false,ATM,GTQ,alimentacion,2
TX-01516,26114.47,2024-04-11,Vero quae minima.,aprobada,false,online,GTQ,alimentacion,23
TX-01517,22249.16,2024-01-02,Magni nesciunt amet.,aprobada,false,POS,GTQ,educacion,13
TX-01518,17284.7,2023-03-15,Placeat quasi mollitia.,aprobada,false,transferencia,GTQ,alimentacion,7
TX-01519,35971.65,2024-04-13,Quo sit cupiditate perferendis.,aprobada,false,POS,GTQ,entretenimiento,8
TX-01520,19420.19,2023-04-18,Aliquid eligendi nesciunt.,aprobada,false,ATM,USD,transporte,17
TX-01521,43252.35,2024-04-27,Rem quasi provident ea veniam.,aprobada,false,app_movil,USD,educacion,5
TX-01522,9648.48,2023-04-25,Animi magni.,aprobada,false,online,GTQ,transporte,19
TX-01523,530.77,2023-09-18,Nam ab optio.,aprobada,false,app_movil,USD,servicios,10
TX-01524,10780.39,2024-12-16,Ratione eius repellat repellat.,aprobada,false,online,GTQ,salud,11
TX-01525,7289.83,2024-03-25,Saepe illum.,aprobada,false,POS,GTQ,alimentacion,5
TX-01526,40686.08,2023-07-01,Provident ratione tempora dolor.,aprobada,false,online,GTQ,alimentacion,10
TX-01527,39560.55,2024-09-16,Voluptatum veritatis labore necessitatibus fugit.,aprobada,false,app_movil,GTQ,transferencia,23
TX-01528,20381.4,2023-04-12,Earum nostrum.,aprobada,false,ATM,GTQ,transferencia,7
TX-01529,11885.22,2023-03-18,Ipsam repellat tenetur architecto.,aprobada,false,transferencia,USD,transferencia,18
TX-01530,1296.76,2024-09-01,Adipisci necessitatibus architecto maiores error.,revertida,false,online,GTQ,retiro_efectivo,1
TX-01531,47075.23,2023-04-24,Fugiat omnis unde vel sit.,aprobada,false,transferencia,USD,transferencia,14
TX-01532,26044.15,2023-11-10,Eius quas saepe.,aprobada,false,ATM,USD,ropa,16
TX-01533,7509.65,2023-12-31,Rerum cumque natus eos.,aprobada,false,online,GTQ,salud,19
TX-01534,7440.97,2024-03-12,Amet possimus ullam.,aprobada,false,online,GTQ,entretenimiento,1
TX-01535,21680.33,2024-09-01,Eligendi consequuntur saepe.,aprobada,false,transferencia,USD,viajes,22
TX-01536,43937.54,2023-02-08,Doloremque et amet sequi unde.,pendiente,false,transferencia,GTQ,entretenimiento,2
TX-01537,43899.6,2023-06-01,Voluptate voluptatibus quis corrupti.,aprobada,false,ATM,USD,salud,22
TX-01538,23542.6,2024-09-24,Modi numquam ipsa.,aprobada,false,app_movil,GTQ,viajes,15
TX-01539,588.5,2023-01-04,Ipsa labore.,aprobada,false,transferencia,GTQ,entretenimiento,2
TX-01540,30487.88,2023-08-17,Dolores est officia fugit officiis.,aprobada,false,POS,GTQ,transporte,16
TX-01541,37122.46,2023-04-10,Iste reprehenderit nostrum.,aprobada,false,ATM,USD,servicios,6
TX-01542,9022.73,2023-09-12,Nihil aperiam sequi ex.,aprobada,false,POS,USD,viajes,17
TX-01543,8207.14,2023-03-26,Non minus nostrum laborum.,aprobada,false,app_movil,GTQ,entretenimiento,20
TX-01544,5865.58,2023-05-24,Eveniet eaque enim blanditiis eos.,aprobada,false,online,GTQ,viajes,23
TX-01545,47555.75,2024-03-09,Asperiores eveniet ipsam possimus.,aprobada,false,transferencia,USD,transporte,13
TX-01546,13550.72,2024-11-20,Vero quae.,rechazada,false,POS,GTQ,alimentacion,17
TX-01547,32763.51,2024-05-03,Laudantium incidunt voluptates ab.,aprobada,false,ATM,GTQ,servicios,21
TX-01548,38728.55,2024-03-03,Praesentium explicabo amet quasi quibusdam.,aprobada,false,app_movil,GTQ,salud,0
TX-01549,32412.07,2023-12-21,Quam aut.,aprobada,false,transferencia,GTQ,viajes,19
TX-01550,439.28,2023-12-15,Quisquam nobis fuga deserunt.,aprobada,false,app_movil,GTQ,retiro_efectivo,13
TX-01551,41575.6,2023-02-19,Facilis reiciendis nobis.,aprobada,false,POS,GTQ,alimentacion,10
TX-01552,31290.42,2023-07-11,Laborum explicabo quibusdam a repellat.,aprobada,false,POS,GTQ,transferencia,13
TX-01553,49177.1,2024-01-15,Eos id deleniti laborum maiores.,rechazada,false,POS,USD,educacion,11
TX-01554,28699.94,2023-10-22,Aperiam deserunt neque ex nisi.,aprobada,false,POS,USD,entretenimiento,18
TX-01555,19627.98,2024-01-16,Nihil earum maxime.,aprobada,false,app_movil,GTQ,entretenimiento,2
TX-01556,48434.0,2024-03-26,Sapiente doloribus unde cumque aliquid.,aprobada,false,transferencia,GTQ,transferencia,19
TX-01557,37101.35,2023-11-14,Alias sint ipsam voluptatem ratione.,aprobada,false,transferencia,GTQ,retiro_efectivo,3
TX-01558,13183.73,2023-01-15,Numquam cum.,aprobada,false,app_movil,GTQ,transporte,16
TX-01559,41677.85,2024-12-13,Numquam labore possimus dolorum.,aprobada,false,online,GTQ,transporte,18
TX-01560,16648.69,2023-01-24,Incidunt ea quae quas.,rechazada,false,app_movil,USD,alimentacion,14
TX-01561,32087.88,2023-07-23,Nam fugit maxime accusamus.,aprobada,false,app_movil,USD,transporte,10
TX-01562,32234.77,2024-11-11,Molestias minus neque optio.,aprobada,false,app_movil,USD,entretenimiento,11
TX-01563,26923.63,2024-07-26,Earum eum eos sapiente.,aprobada,false,POS,GTQ,salud,22
TX-01564,21230.78,2023-10-26,Corporis assumenda quia quasi error.,pendiente,false,POS,GTQ,servicios,6
TX-01565,47576.31,2023-07-28,Quo saepe itaque ea.,rechazada,false,app_movil,USD,ropa,15
TX-01566,12942.97,2024-12-16,Maiores laboriosam reprehenderit nisi facere.,pendiente,false,online,USD,servicios,7
TX-01567,24828.48,2024-06-14,Nobis quas inventore non.,aprobada,false,transferencia,GTQ,alimentacion,4
TX-01568,1298.24,2024-05-19,Maxime unde reiciendis recusandae minus.,aprobada,false,POS,GTQ,alimentacion,22
TX-01569,7173.91,2023-01-06,Dignissimos dolorum.,aprobada,false,ATM,GTQ,salud,20
TX-01570,491.36,2024-12-02,Labore aperiam libero est mollitia.,aprobada,false,POS,GTQ,transferencia,12
TX-01571,26017.57,2023-12-29,Corrupti recusandae.,aprobada,false,app_movil,GTQ,viajes,22
TX-01572,24939.15,2024-02-10,Optio sunt facere.,aprobada,false,transferencia,GTQ,educacion,0
TX-01573,11177.02,2024-08-27,Voluptas occaecati dolore.,pendiente,false,POS,GTQ,viajes,8
TX-01574,7074.1,2024-12-07,Deleniti tempore asperiores eligendi.,aprobada,false,app_movil,GTQ,servicios,20
TX-01575,21582.06,2023-01-20,Suscipit aliquid accusamus.,aprobada,false,app_movil,GTQ,alimentacion,4
TX-01576,37285.85,2023-07-04,Amet corrupti recusandae.,aprobada,false,app_movil,GTQ,educacion,0
TX-01577,36054.33,2024-08-21,At maiores ullam.,rechazada,false,app_movil,GTQ,transporte,11
TX-01578,19159.16,2024-06-03,Est vero dolore.,aprobada,false,transferencia,USD,educacion,10
TX-01579,44884.1,2023-07-16,Ducimus atque.,pendiente,false,transferencia,GTQ,servicios,18
TX-01580,43842.43,2023-03-06,Nostrum mollitia quo voluptatum.,revertida,false,online,GTQ,entretenimiento,6
TX-01581,22050.32,2023-03-28,Rem vero ad nulla.,aprobada,false,online,USD,educacion,17
TX-01582,35807.88,2023-08-18,Optio rerum minima porro unde.,aprobada,false,ATM,GTQ,servicios,23
TX-01583,32301.21,2024-09-27,Ad tempora assumenda.,pendiente,false,app_movil,USD,alimentacion,20
TX-01584,11143.99,2024-04-24,Veniam eaque ut dignissimos quod.,aprobada,false,app_movil,GTQ,servicios,10
TX-01585,26436.08,2023-08-12,Dignissimos quos.,aprobada,false,ATM,GTQ,entretenimiento,3
TX-01586,7930.81,2024-08-30,Impedit doloribus deleniti consequatur minima.,aprobada,false,POS,GTQ,servicios,0
TX-01587,42348.99,2023-10-30,Dolor eius expedita voluptatum maiores.,aprobada,false,online,GTQ,transporte,5
TX-01588,37777.15,2024-03-12,Dolore maxime numquam consectetur.,aprobada,false,ATM,GTQ,alimentacion,3
TX-01589,2220.79,2023-01-21,Vitae nostrum ad quam.,rechazada,false,transferencia,GTQ,viajes,13
TX-01590,22294.51,2024-11-24,Recusandae voluptates ipsum.,pendiente,false,transferencia,GTQ,educacion,19
TX-01591,18033.05,2023-05-14,Aut fugiat quidem.,aprobada,false,online,USD,salud,13
TX-01592,35125.29,2023-02-12,Pariatur laboriosam.,aprobada,false,online,GTQ,educacion,8
TX-01593,34474.03,2024-08-11,Inventore officiis ipsa.,aprobada,false,online,GTQ,salud,0
TX-01594,12695.52,2024-02-04,Necessitatibus laborum.,aprobada,false,ATM,GTQ,alimentacion,23
TX-01595,30361.9,2024-02-05,Cupiditate sequi.,aprobada,false,online,USD,entretenimiento,9
TX-01596,49410.82,2023-07-07,Distinctio quasi laborum.,aprobada,false,app_movil,GTQ,salud,10
TX-01597,46778.78,2023-01-23,Sint at nulla repellendus dolores.,rechazada,false,online,GTQ,servicios,21
TX-01598,2131.95,2023-10-26,Impedit eum.,pendiente,false,POS,USD,servicios,19
TX-01599,17952.08,2024-06-11,Suscipit quisquam dolore.,aprobada,false,POS,USD,salud,2
TX-01600,40470.46,2023-03-14,Assumenda adipisci alias odit.,pendiente,false,ATM,GTQ,retiro_efectivo,8
TX-01601,13675.98,2023-03-31,Laborum quidem similique saepe.,aprobada,false,online,GTQ,salud,11
TX-01602,5411.45,2024-10-28,Corporis quos vitae tenetur.,rechazada,false,transferencia,GTQ,educacion,16
TX-01603,22898.23,2023-11-12,Quibusdam quibusdam.,aprobada,false,online,GTQ,entretenimiento,0
TX-01604,17783.75,2024-11-20,Recusandae consectetur.,aprobada,false,ATM,GTQ,alimentacion,19
TX-01605,22328.54,2023-12-07,Quas unde architecto itaque mollitia.,aprobada,false,app_movil,GTQ,alimentacion,14
TX-01606,15941.02,2024-10-14,Repudiandae aliquid beatae.,rechazada,false,ATM,GTQ,viajes,23
TX-01607,42932.83,2023-08-02,Quo molestiae sequi reiciendis.,aprobada,false,ATM,GTQ,viajes,12
TX-01608,23593.42,2023-03-28,Vel odio sit harum.,aprobada,false,ATM,USD,transporte,8
TX-01609,30794.81,2024-03-23,Odio suscipit fuga distinctio.,rechazada,false,ATM,GTQ,transporte,4
TX-01610,7821.66,2024-12-17,Delectus maxime voluptatibus qui.,aprobada,false,transferencia,GTQ,salud,22
TX-01611,3768.93,2024-06-24,Labore hic quisquam.,aprobada,false,transferencia,GTQ,servicios,10
TX-01612,10156.27,2024-02-01,Recusandae sint optio cum.,aprobada,false,app_movil,GTQ,viajes,15
TX-01613,12753.26,2023-03-30,Voluptates beatae accusantium.,aprobada,false,app_movil,GTQ,educacion,21
TX-01614,41262.09,2024-08-25,Ratione est quia.,aprobada,false,POS,GTQ,viajes,1
TX-01615,16509.23,2024-09-06,Dolore nobis magnam blanditiis quae.,aprobada,false,ATM,GTQ,viajes,21
TX-01616,12477.82,2024-07-24,Nam facilis.,rechazada,false,app_movil,GTQ,servicios,16
TX-01617,6711.97,2023-11-01,Veritatis adipisci molestias.,aprobada,false,online,USD,servicios,0
TX-01618,5732.83,2023-07-17,Tempore ex quidem nisi error.,rechazada,false,online,GTQ,alimentacion,11
TX-01619,39093.96,2024-03-04,Repudiandae fugit inventore nostrum id.,rechazada,false,transferencia,USD,viajes,20
TX-01620,11145.36,2024-11-14,Inventore eligendi nesciunt nam.,revertida,false,ATM,GTQ,ropa,18
TX-01621,38084.51,2023-12-16,Quos animi maxime ut.,aprobada,false,app_movil,GTQ,educacion,11
TX-01622,31698.42,2024-06-06,Aspernatur placeat maiores itaque.,aprobada,false,online,USD,transferencia,18
TX-01623,31012.54,2023-12-04,Autem adipisci asperiores mollitia.,aprobada,false,app_movil,GTQ,educacion,11
TX-01624,34295.1,2024-08-15,Dolorem quas.,aprobada,false,ATM,GTQ,alimentacion,5
TX-01625,43281.58,2024-01-02,Ut assumenda porro autem necessitatibus.,aprobada,false,online,GTQ,salud,15
TX-01626,47243.88,2024-11-01,Id libero tenetur dignissimos qui.,aprobada,false,POS,GTQ,transferencia,2
TX-01627,13635.25,2023-09-03,Libero harum.,aprobada,false,app_movil,GTQ,ropa,1
TX-01628,22542.68,2023-12-28,Suscipit reprehenderit.,pendiente,false,ATM,USD,retiro_efectivo,16
TX-01629,1242.38,2024-08-19,Aperiam aperiam consequuntur quam.,aprobada,false,online,GTQ,servicios,7
TX-01630,15902.82,2023-10-04,Incidunt laboriosam pariatur labore nesciunt.,pendiente,false,ATM,USD,entretenimiento,17
TX-01631,30768.38,2023-09-23,Repudiandae corporis eum saepe.,rechazada,false,POS,USD,retiro_efectivo,4
TX-01632,21221.32,2024-06-21,Eius inventore exercitationem.,rechazada,false,online,GTQ,transferencia,22
TX-01633,31094.4,2024-07-06,Optio harum iusto.,aprobada,false,transferencia,USD,viajes,20
TX-01634,8713.21,2023-06-19,Itaque veniam porro.,aprobada,false,online,GTQ,servicios,21
TX-01635,27498.04,2023-07-18,Aliquam a explicabo ex.,aprobada,false,online,GTQ,retiro_efectivo,14
TX-01636,41946.43,2024-02-18,Alias dolor.,aprobada,false,app_movil,GTQ,servicios,3
TX-01637,11735.0,2024-06-24,Natus ducimus soluta necessitatibus assumenda.,aprobada,false,app_movil,USD,salud,2
TX-01638,31994.0,2023-08-09,Doloribus odit sunt aspernatur.,aprobada,false,POS,USD,transferencia,22
TX-01639,21263.85,2023-05-04,Quae cum voluptatibus.,aprobada,false,POS,GTQ,educacion,12
TX-01640,36221.78,2024-06-19,Dolorem nemo laborum ex.,aprobada,false,app_movil,USD,viajes,19
TX-01641,46786.26,2023-03-19,Amet ad.,aprobada,false,app_movil,GTQ,entretenimiento,5
TX-01642,31503.51,2023-05-09,Deserunt voluptate ipsam.,aprobada,false,transferencia,GTQ,viajes,20
TX-01643,22003.61,2024-12-04,Quis odio ducimus officia blanditiis.,aprobada,false,transferencia,GTQ,viajes,13
TX-01644,13390.83,2024-11-12,Voluptatum quod eum.,rechazada,false,POS,GTQ,servicios,20
TX-01645,26843.47,2024-12-09,Animi molestiae illum.,aprobada,false,online,GTQ,ropa,14
TX-01646,2767.49,2023-01-27,Porro placeat nesciunt labore.,revertida,false,transferencia,USD,salud,16
TX-01647,38867.96,2023-09-02,Nostrum harum hic aliquid sint.,aprobada,false,POS,GTQ,educacion,7
TX-01648,41616.94,2023-04-09,Facere excepturi veritatis tenetur.,aprobada,false,online,USD,ropa,15
TX-01649,42876.15,2023-03-09,Ex labore nam.,pendiente,false,transferencia,GTQ,transferencia,5
TX-01650,39111.57,2023-01-02,Nesciunt quo cumque.,aprobada,false,app_movil,GTQ,alimentacion,2
TX-01651,21377.63,2024-11-14,Et fugiat.,aprobada,false,app_movil,GTQ,transporte,20
TX-01652,15642.57,2024-07-20,Sapiente libero tenetur nihil.,aprobada,false,app_movil,GTQ,viajes,9
TX-01653,16126.47,2023-01-09,Accusantium ducimus nihil asperiores.,pendiente,false,ATM,USD,ropa,11
TX-01654,4436.41,2023-04-13,Molestiae distinctio necessitatibus.,aprobada,false,ATM,GTQ,educacion,23
TX-01655,38465.62,2024-09-02,Suscipit eos necessitatibus quasi.,aprobada,false,app_movil,GTQ,transferencia,10
TX-01656,42455.25,2024-04-04,Voluptatum esse nobis tenetur.,aprobada,false,transferencia,GTQ,salud,11
TX-01657,18025.17,2024-06-29,Voluptatum laborum quae nobis.,aprobada,false,app_movil,GTQ,entretenimiento,0
TX-01658,2065.23,2023-09-30,Consectetur fugit deleniti ab.,aprobada,false,ATM,USD,salud,5
TX-01659,40232.36,2023-07-17,Nobis velit eius illum.,aprobada,false,online,USD,servicios,12
TX-01660,40178.11,2023-08-24,Nemo expedita esse delectus dolores.,aprobada,false,transferencia,GTQ,viajes,21
TX-01661,15601.96,2023-11-13,Saepe labore dolore consectetur.,aprobada,false,online,USD,retiro_efectivo,21
TX-01662,20196.23,2023-07-18,Voluptatem reiciendis.,pendiente,false,POS,USD,viajes,21
TX-01663,6989.44,2023-01-28,Quod quos perferendis.,rechazada,false,ATM,GTQ,alimentacion,18
TX-01664,7349.61,2024-09-16,Eius qui.,aprobada,false,transferencia,USD,transporte,9
TX-01665,22350.46,2023-08-06,Nemo doloribus tempore.,aprobada,false,ATM,GTQ,ropa,8
TX-01666,24170.9,2023-06-23,Qui nam veritatis vero ab.,aprobada,false,transferencia,GTQ,transferencia,21
TX-01667,6728.16,2023-05-02,Saepe modi repellat blanditiis laborum.,aprobada,false,transferencia,GTQ,alimentacion,15
TX-01668,29606.35,2024-06-01,Modi quaerat commodi doloribus.,aprobada,false,ATM,GTQ,transferencia,23
TX-01669,18460.36,2023-01-03,Voluptates ducimus maiores odit inventore.,pendiente,false,POS,USD,ropa,3
TX-01670,49213.19,2023-03-22,Magnam tenetur veniam qui.,aprobada,false,online,GTQ,alimentacion,15
TX-01671,1731.51,2023-09-01,At illum illum aspernatur dolorum.,aprobada,false,app_movil,GTQ,alimentacion,16
TX-01672,49147.78,2023-10-04,Recusandae tempore iusto.,aprobada,false,online,USD,retiro_efectivo,21
TX-01673,41007.19,2023-10-08,Eum fuga similique sapiente perspiciatis.,aprobada,false,ATM,GTQ,salud,3
TX-01674,13106.88,2023-07-10,Dicta voluptatum eius modi.,aprobada,false,online,GTQ,transporte,15
TX-01675,28720.09,2024-09-26,Minus a fugit corrupti.,aprobada,false,online,GTQ,transferencia,8
TX-01676,23704.07,2023-04-21,Aperiam delectus officiis.,aprobada,false,POS,GTQ,transferencia,21
TX-01677,43215.55,2023-08-29,Libero occaecati perspiciatis provident.,rechazada,false,POS,GTQ,transporte,19
TX-01678,47713.62,2024-08-05,Temporibus illo asperiores.,aprobada,false,app_movil,GTQ,ropa,10
TX-01679,31727.6,2024-02-12,Minus est debitis.,revertida,false,online,GTQ,transferencia,17
TX-01680,41226.68,2023-01-14,Laborum reiciendis sequi iste expedita.,revertida,false,POS,GTQ,transporte,13
TX-01681,20823.49,2024-10-01,Pariatur ex non vero.,aprobada,false,ATM,GTQ,salud,23
TX-01682,42233.08,2023-07-20,Alias numquam qui.,aprobada,false,online,GTQ,transferencia,20
TX-01683,159.1,2024-08-20,Aperiam rem rerum delectus nihil.,aprobada,false,ATM,GTQ,transporte,1
TX-01684,40206.68,2023-01-30,Quas amet illum.,aprobada,false,online,GTQ,entretenimiento,6
TX-01685,37253.49,2023-11-12,Ab repudiandae eligendi.,rechazada,false,online,GTQ,retiro_efectivo,13
TX-01686,48311.9,2024-07-06,Similique vitae debitis.,aprobada,false,transferencia,GTQ,educacion,20
TX-01687,13243.78,2023-10-10,Impedit hic sint.,revertida,false,app_movil,GTQ,ropa,1
TX-01688,20232.06,2023-08-04,Autem sit eaque necessitatibus.,aprobada,false,POS,GTQ,educacion,21
TX-01689,44632.74,2024-11-19,Quam quos perferendis doloremque officiis.,aprobada,false,online,USD,educacion,20
TX-01690,18486.56,2024-08-03,Quidem aspernatur fugiat.,aprobada,false,transferencia,GTQ,alimentacion,6
TX-01691,34683.67,2024-02-14,Voluptates sit est.,aprobada,false,transferencia,GTQ,alimentacion,2
TX-01692,3634.54,2024-06-03,In dolorem.,aprobada,false,online,USD,ropa,4
TX-01693,43767.3,2023-02-13,Vero sequi veritatis ipsa.,aprobada,false,app_movil,GTQ,salud,16
TX-01694,710.36,2024-06-11,Autem id quaerat nulla.,aprobada,false,ATM,GTQ,retiro_efectivo,18
TX-01695,38685.43,2024-07-06,Cupiditate iusto.,aprobada,false,ATM,USD,ropa,10
TX-01696,35755.57,2024-07-11,Repudiandae iure ratione architecto necessitatibus.,aprobada,false,ATM,GTQ,servicios,19
TX-01697,10315.45,2023-03-26,Quasi quo dignissimos officiis error.,aprobada,false,app_movil,GTQ,ropa,15
TX-01698,28347.91,2024-12-05,Minima a doloremque quod aspernatur.,revertida,false,transferencia,GTQ,ropa,13
TX-01699,12607.93,2024-04-14,Deleniti id.,aprobada,false,POS,USD,transporte,14
TX-01700,36143.08,2023-12-24,Impedit quidem sequi.,rechazada,false,online,GTQ,transporte,0
TX-01701,2874.12,2023-03-15,Doloremque at.,pendiente,false,POS,GTQ,salud,10
TX-01702,24718.39,2023-02-04,Nobis aspernatur qui.,aprobada,false,app_movil,GTQ,educacion,2
TX-01703,36410.51,2023-04-22,Nesciunt ratione ut.,aprobada,false,online,USD,entretenimiento,9
TX-01704,46262.81,2023-01-09,Aspernatur corrupti aperiam quod.,aprobada,false,online,USD,transferencia,16
TX-01705,15923.14,2023-09-12,Consectetur optio facere odit provident.,aprobada,false,online,GTQ,viajes,5
TX-01706,3925.08,2023-10-03,Voluptates fuga aliquam.,aprobada,false,online,GTQ,entretenimiento,13
TX-01707,22278.04,2023-03-06,Occaecati iusto beatae tempore tempore.,aprobada,false,transferencia,USD,alimentacion,17
TX-01708,16673.01,2024-08-25,Cupiditate similique iste deleniti.,aprobada,false,ATM,GTQ,servicios,3
TX-01709,4820.93,2023-11-12,Ratione sint corporis quia.,rechazada,false,POS,GTQ,salud,3
TX-01710,20317.09,2023-12-18,Laboriosam autem impedit ea.,aprobada,false,POS,USD,entretenimiento,19
TX-01711,6594.42,2024-02-02,Odit officiis atque ipsa.,pendiente,false,app_movil,USD,viajes,2
TX-01712,25818.08,2024-12-20,Illo quasi in.,revertida,false,transferencia,USD,alimentacion,9
TX-01713,35483.29,2023-08-13,Natus quam minus cum quisquam.,aprobada,false,POS,USD,alimentacion,5
TX-01714,41281.32,2023-12-12,Doloribus exercitationem iure.,aprobada,false,app_movil,USD,viajes,18
TX-01715,11077.66,2024-10-24,Tempora quibusdam quas vero.,aprobada,false,ATM,USD,salud,5
TX-01716,14678.63,2023-11-11,Commodi error.,aprobada,false,online,GTQ,entretenimiento,3
TX-01717,37500.85,2023-09-28,Occaecati nisi.,aprobada,false,transferencia,GTQ,alimentacion,0
TX-01718,33699.66,2024-08-08,Velit ullam temporibus aperiam blanditiis.,aprobada,false,ATM,USD,alimentacion,16
TX-01719,380.34,2023-10-04,Tempore laborum.,aprobada,false,transferencia,GTQ,transporte,11
TX-01720,7628.7,2024-04-01,Veniam dignissimos.,aprobada,false,ATM,GTQ,transporte,12
TX-01721,9259.4,2023-10-21,Repellendus quaerat dolor deleniti.,aprobada,false,transferencia,USD,transporte,15
TX-01722,3987.59,2023-12-25,Officia debitis dicta ducimus aspernatur.,revertida,false,online,USD,transferencia,18
TX-01723,16985.2,2023-04-04,Quisquam impedit est praesentium.,aprobada,false,POS,GTQ,transferencia,11
TX-01724,31138.97,2023-09-20,Veritatis eius sed nisi.,aprobada,false,online,GTQ,ropa,5
TX-01725,9920.45,2024-07-18,Repellendus perspiciatis.,aprobada,false,POS,GTQ,educacion,15
TX-01726,33503.17,2024-08-03,Necessitatibus ratione quia corrupti.,rechazada,false,app_movil,GTQ,entretenimiento,20
TX-01727,3812.76,2024-04-14,Aliquid commodi.,aprobada,false,ATM,USD,viajes,19
TX-01728,32396.49,2023-09-27,Ducimus ratione natus odio.,aprobada,false,POS,GTQ,educacion,20
TX-01729,37677.89,2023-09-08,Delectus quam et facere.,aprobada,false,app_movil,GTQ,ropa,16
TX-01730,36086.11,2023-08-21,Repellat alias.,revertida,false,app_movil,GTQ,alimentacion,4
TX-01731,10988.08,2023-01-16,Molestias ipsum aut.,pendiente,false,online,GTQ,salud,2
TX-01732,41643.57,2023-07-09,Ipsam esse reprehenderit ratione vero.,aprobada,false,app_movil,GTQ,salud,9
TX-01733,33897.65,2024-11-24,Modi quidem rem dignissimos dolorum.,aprobada,false,app_movil,GTQ,ropa,16
TX-01734,36951.87,2024-05-04,Provident assumenda earum vitae fugiat.,aprobada,false,transferencia,USD,alimentacion,4
TX-01735,2663.17,2023-11-10,Consequatur incidunt amet at.,pendiente,false,ATM,GTQ,viajes,13
TX-01736,29189.47,2024-06-14,Ad dignissimos quod.,aprobada,false,app_movil,USD,entretenimiento,19
TX-01737,32401.81,2023-11-10,Rerum amet fuga.,aprobada,false,transferencia,GTQ,salud,13
TX-01738,21728.75,2023-10-24,Iste architecto ex earum quo.,aprobada,false,app_movil,GTQ,viajes,22
TX-01739,20149.88,2023-08-11,Tenetur repudiandae.,aprobada,false,app_movil,GTQ,retiro_efectivo,22
TX-01740,5667.99,2023-04-19,Autem ea hic.,aprobada,false,POS,GTQ,educacion,14
TX-01741,47440.95,2023-12-31,Inventore ipsa enim maxime.,aprobada,false,POS,GTQ,entretenimiento,21
TX-01742,44219.12,2024-05-10,Eaque laboriosam illo sint.,aprobada,false,POS,USD,alimentacion,4
TX-01743,47811.53,2024-01-14,Numquam assumenda quod a veniam.,aprobada,false,ATM,USD,salud,4
TX-01744,38200.26,2023-03-29,Dolore distinctio sequi.,aprobada,false,ATM,USD,salud,6
TX-01745,21574.72,2024-02-20,Consectetur corporis ratione accusantium cumque.,aprobada,false,app_movil,USD,transferencia,2
TX-01746,33913.64,2024-02-28,Veniam iste dignissimos vel.,pendiente,false,app_movil,GTQ,alimentacion,9
TX-01747,49800.65,2024-08-16,Tempore ipsam.,aprobada,false,POS,GTQ,transporte,19
TX-01748,24709.46,2024-04-09,Excepturi id aliquid.,rechazada,false,POS,GTQ,transferencia,11
TX-01749,5880.46,2024-10-24,Consequatur libero quas assumenda.,aprobada,false,ATM,GTQ,retiro_efectivo,15
TX-01750,15078.22,2023-08-04,Alias accusamus.,aprobada,false,ATM,GTQ,entretenimiento,12
TX-01751,39851.59,2024-07-04,Minus accusamus laudantium.,aprobada,false,online,USD,educacion,10
TX-01752,22304.54,2023-10-15,Distinctio perspiciatis.,aprobada,false,transferencia,GTQ,retiro_efectivo,6
TX-01753,33506.11,2024-01-01,Labore hic iusto est sapiente.,aprobada,false,POS,GTQ,servicios,16
TX-01754,26435.59,2024-10-09,Iusto sed.,aprobada,false,POS,GTQ,alimentacion,15
TX-01755,38695.58,2024-09-08,Amet ab quia tempora.,aprobada,false,app_movil,GTQ,educacion,8
TX-01756,30375.53,2023-07-29,Adipisci nemo dolores mollitia.,aprobada,false,ATM,GTQ,viajes,14
TX-01757,26941.26,2024-02-11,Ad velit aliquid dolorum repellat.,revertida,false,online,USD,servicios,9
TX-01758,3810.3,2023-03-11,Autem recusandae.,aprobada,false,transferencia,GTQ,servicios,16
TX-01759,41183.23,2024-04-19,Saepe sint sapiente maxime.,aprobada,false,ATM,GTQ,viajes,9
TX-01760,14591.29,2024-12-18,Sequi odit vitae eius dolore.,aprobada,false,transferencia,GTQ,salud,23
TX-01761,31704.15,2023-04-15,Id dignissimos ullam culpa.,aprobada,false,ATM,GTQ,retiro_efectivo,20
TX-01762,16361.33,2023-10-19,Hic sit.,aprobada,false,app_movil,GTQ,salud,15
TX-01763,38376.36,2024-10-10,Non perspiciatis tempore illum.,rechazada,false,online,GTQ,servicios,20
TX-01764,23019.51,2023-03-04,Iste eveniet dignissimos expedita ipsa.,aprobada,false,POS,GTQ,servicios,23
TX-01765,31998.58,2023-12-12,Illum sapiente et.,aprobada,false,online,USD,alimentacion,20
TX-01766,9800.03,2023-09-26,Hic aut autem.,revertida,false,POS,GTQ,servicios,15
TX-01767,8778.73,2024-10-15,Repudiandae ratione facilis molestias minus.,aprobada,false,online,GTQ,retiro_efectivo,18
TX-01768,6367.63,2023-02-23,Nulla aperiam esse dolor.,aprobada,false,app_movil,GTQ,ropa,22
TX-01769,42564.92,2023-04-18,Facilis iure facilis provident.,rechazada,false,ATM,GTQ,educacion,10
TX-01770,16042.65,2024-10-27,Doloremque a praesentium.,aprobada,false,online,GTQ,entretenimiento,13
TX-01771,21893.93,2023-06-08,Nisi nulla commodi tempore.,rechazada,false,online,GTQ,entretenimiento,6
TX-01772,6367.94,2023-10-09,Non maiores earum.,rechazada,false,POS,GTQ,viajes,5
TX-01773,2107.73,2023-06-15,Consectetur commodi expedita perferendis.,aprobada,false,transferencia,GTQ,entretenimiento,12
TX-01774,13936.9,2024-04-17,Adipisci maxime totam.,aprobada,false,POS,GTQ,transferencia,23
TX-01775,8520.33,2023-02-04,Corrupti consequatur labore maiores dolorem.,aprobada,false,ATM,GTQ,salud,14
TX-01776,28651.72,2024-02-04,Laboriosam dolorem ipsum recusandae harum.,revertida,false,POS,USD,transferencia,23
TX-01777,18730.42,2023-01-02,A accusantium quos veritatis possimus.,aprobada,false,ATM,GTQ,ropa,1
TX-01778,45520.92,2023-04-27,Dolore tenetur autem accusantium.,aprobada,false,transferencia,GTQ,ropa,12
TX-01779,13633.8,2023-12-26,Facilis ad nihil.,pendiente,false,transferencia,GTQ,viajes,8
TX-01780,5183.14,2023-01-28,Accusamus esse dignissimos.,aprobada,false,online,USD,entretenimiento,2
TX-01781,24588.83,2023-02-04,Similique voluptate modi occaecati iusto.,aprobada,false,transferencia,GTQ,viajes,12
TX-01782,41826.99,2023-05-03,Odio in officiis.,aprobada,false,ATM,GTQ,servicios,3
TX-01783,23644.1,2023-07-03,Rem quam distinctio error.,aprobada,false,transferencia,USD,viajes,12
TX-01784,17688.74,2023-03-24,Architecto error sequi ea.,aprobada,false,transferencia,USD,salud,13
TX-01785,1649.98,2023-02-17,Est consequuntur placeat iste.,aprobada,false,ATM,USD,salud,5
TX-01786,22876.08,2023-06-19,Cum dignissimos cum nostrum velit.,aprobada,false,POS,GTQ,servicios,14
TX-01787,45627.62,2024-08-03,Aut delectus vitae.,aprobada,false,transferencia,GTQ,viajes,10
TX-01788,27041.45,2024-02-12,Provident iusto excepturi.,aprobada,false,online,GTQ,servicios,5
TX-01789,43324.25,2024-04-06,Consequatur pariatur culpa est.,rechazada,false,app_movil,USD,retiro_efectivo,21
TX-01790,5913.04,2023-03-07,Quisquam et modi.,rechazada,false,transferencia,USD,alimentacion,1
TX-01791,46713.17,2023-06-04,Sit sint voluptates est tenetur.,aprobada,false,ATM,USD,retiro_efectivo,21
TX-01792,10526.6,2024-05-20,Deleniti tempore cum officiis inventore.,aprobada,false,ATM,GTQ,educacion,4
TX-01793,19882.67,2023-09-05,Eos repellendus ratione impedit temporibus.,aprobada,false,transferencia,GTQ,educacion,0
TX-01794,27448.93,2024-02-24,Necessitatibus officia eum impedit.,aprobada,false,transferencia,GTQ,transporte,12
TX-01795,5250.46,2024-01-11,Reprehenderit ab.,pendiente,false,ATM,GTQ,educacion,13
TX-01796,9827.42,2024-08-25,Explicabo est sit quis esse.,aprobada,false,transferencia,GTQ,alimentacion,7
TX-01797,19049.97,2024-01-30,Quidem nobis cupiditate culpa modi.,aprobada,false,online,GTQ,alimentacion,21
TX-01798,2532.32,2024-09-17,Ea pariatur.,aprobada,false,app_movil,USD,ropa,2
TX-01799,37414.06,2023-09-29,Assumenda quia quisquam aut.,aprobada,false,POS,GTQ,servicios,18
TX-01800,33015.14,2024-04-14,Delectus omnis.,rechazada,false,ATM,USD,alimentacion,19
TX-01801,20683.54,2023-06-22,Minima dolore possimus doloremque fugiat.,aprobada,false,ATM,GTQ,servicios,10
TX-01802,33380.73,2023-11-30,Molestias quasi suscipit dolorem libero.,rechazada,false,online,USD,viajes,12
TX-01803,43617.5,2023-03-29,Aliquid voluptas quae.,aprobada,false,transferencia,GTQ,alimentacion,11
TX-01804,36605.12,2023-06-30,Adipisci libero laboriosam tempore.,pendiente,false,online,USD,viajes,12
TX-01805,3856.05,2024-05-18,Fuga a provident.,aprobada,false,POS,GTQ,transporte,3
TX-01806,8576.55,2024-04-10,Maiores repellat.,aprobada,false,transferencia,GTQ,transferencia,22
TX-01807,47207.22,2023-05-30,Laborum unde eius mollitia autem.,aprobada,false,transferencia,GTQ,transferencia,9
TX-01808,27318.59,2023-03-14,Inventore optio omnis pariatur molestiae.,aprobada,false,online,GTQ,ropa,7
TX-01809,4341.07,2024-02-19,Sed beatae ducimus corporis.,rechazada,false,app_movil,GTQ,servicios,12
TX-01810,42034.21,2024-06-16,Dignissimos debitis qui veritatis.,aprobada,false,online,USD,salud,11
TX-01811,29269.49,2023-08-10,Perferendis amet nihil.,aprobada,false,POS,GTQ,educacion,15
TX-01812,40683.96,2023-07-19,Minus nostrum dolore.,aprobada,false,ATM,GTQ,salud,23
TX-01813,41661.85,2024-08-13,Adipisci tenetur ut cumque.,aprobada,false,POS,GTQ,viajes,11
TX-01814,32226.03,2023-01-25,Necessitatibus tempore error rerum.,aprobada,false,app_movil,GTQ,alimentacion,12
TX-01815,16801.72,2023-02-22,Itaque voluptates dolor.,aprobada,false,online,GTQ,entretenimiento,13
TX-01816,685.89,2023-07-26,Harum nemo recusandae.,rechazada,false,app_movil,GTQ,alimentacion,11
TX-01817,7777.87,2023-02-06,Optio harum temporibus dolor enim.,aprobada,false,POS,GTQ,salud,19
TX-01818,7109.22,2023-04-25,Ab commodi quas.,aprobada,false,POS,GTQ,servicios,8
TX-01819,41393.38,2023-08-22,Nam aspernatur eos.,aprobada,false,ATM,GTQ,entretenimiento,15
TX-01820,13923.29,2024-08-07,Alias cupiditate.,aprobada,false,transferencia,GTQ,entretenimiento,19
TX-01821,43801.05,2024-09-17,Reiciendis esse maiores id.,aprobada,false,app_movil,GTQ,salud,23
TX-01822,10721.17,2023-11-13,Id vitae impedit.,pendiente,false,transferencia,GTQ,servicios,16
TX-01823,39101.2,2024-09-23,Amet consequatur ducimus facilis.,aprobada,false,transferencia,USD,transferencia,2
TX-01824,33243.02,2023-01-27,Odit eligendi dignissimos.,aprobada,false,app_movil,GTQ,retiro_efectivo,2
TX-01825,26717.65,2023-03-05,Nihil occaecati.,rechazada,false,POS,GTQ,transferencia,19
TX-01826,8857.98,2023-05-31,Nisi unde.,aprobada,false,app_movil,USD,educacion,23
TX-01827,24200.36,2024-09-08,Eveniet accusamus eius.,aprobada,false,ATM,GTQ,viajes,5
TX-01828,35189.84,2024-12-24,Mollitia dignissimos itaque voluptates.,aprobada,false,ATM,GTQ,entretenimiento,22
TX-01829,49833.5,2023-09-01,Voluptates quasi molestias facere.,pendiente,false,POS,GTQ,alimentacion,10
TX-01830,43255.87,2023-07-12,Id itaque inventore.,rechazada,false,app_movil,USD,entretenimiento,19
TX-01831,18080.96,2023-03-29,Beatae reiciendis illo laborum.,aprobada,false,app_movil,USD,viajes,8
TX-01832,220.68,2024-02-13,Ducimus nisi odio corporis.,aprobada,false,POS,GTQ,educacion,13
TX-01833,11244.65,2024-08-18,Asperiores suscipit.,rechazada,false,online,GTQ,alimentacion,3
TX-01834,16192.12,2023-06-02,Minus accusamus sunt sint.,pendiente,false,online,GTQ,viajes,14
TX-01835,3294.2,2024-11-27,Ipsum error laborum sapiente voluptate.,aprobada,false,online,GTQ,transporte,15
TX-01836,200.9,2023-06-08,Hic dignissimos alias.,aprobada,false,ATM,GTQ,transferencia,21
TX-01837,13161.82,2024-02-14,Quo ducimus.,aprobada,false,POS,GTQ,ropa,17
TX-01838,21637.23,2024-12-12,Nihil corporis.,rechazada,false,app_movil,GTQ,retiro_efectivo,6
TX-01839,22911.75,2024-03-06,Molestiae exercitationem tempora ab.,aprobada,false,POS,GTQ,ropa,12
TX-01840,3770.64,2024-09-03,Consectetur dolores omnis.,aprobada,false,transferencia,GTQ,viajes,18
TX-01841,37034.59,2023-05-22,Quos officiis.,aprobada,false,app_movil,GTQ,educacion,1
TX-01842,28671.83,2023-12-22,Vel et omnis fugiat.,revertida,false,transferencia,GTQ,educacion,22
TX-01843,13453.57,2024-11-27,Commodi error.,aprobada,false,POS,GTQ,entretenimiento,23
TX-01844,7775.07,2023-07-22,Eligendi est facere quo.,aprobada,false,POS,GTQ,servicios,13
TX-01845,45035.11,2023-06-01,Et fuga dolorem quae cupiditate.,aprobada,false,online,GTQ,transporte,22
TX-01846,48353.46,2023-04-21,Dolor excepturi.,rechazada,false,online,USD,transferencia,4
TX-01847,4641.29,2024-11-29,Cum qui dolores.,rechazada,false,ATM,GTQ,salud,16
TX-01848,22690.53,2023-04-14,Doloribus expedita odit necessitatibus excepturi.,aprobada,false,ATM,GTQ,entretenimiento,3
TX-01849,11828.16,2024-07-26,Quasi deleniti sed corporis.,aprobada,false,online,GTQ,retiro_efectivo,17
TX-01850,23703.02,2023-01-25,Repellendus inventore.,aprobada,false,ATM,GTQ,salud,5
TX-01851,48263.73,2023-11-22,Error ducimus dolores laboriosam.,aprobada,false,online,GTQ,salud,2
TX-01852,3281.27,2024-03-26,Itaque totam.,revertida,false,online,USD,transferencia,7
TX-01853,11519.37,2023-07-20,Velit ipsa dolores.,aprobada,false,POS,USD,educacion,12
TX-01854,17932.44,2023-09-24,Officia maiores ratione soluta.,aprobada,false,POS,USD,salud,22
TX-01855,16189.1,2023-04-21,Magnam sint.,aprobada,false,transferencia,GTQ,viajes,5
TX-01856,33705.39,2023-02-03,Esse odit.,aprobada,false,ATM,GTQ,retiro_efectivo,22
TX-01857,12742.81,2024-07-18,Id asperiores voluptatem optio architecto.,aprobada,false,transferencia,GTQ,entretenimiento,23
TX-01858,23048.47,2024-11-21,Quod sapiente neque.,pendiente,false,online,GTQ,transferencia,11
TX-01859,33193.88,2024-06-10,Officiis facilis ipsa sequi.,revertida,false,POS,USD,viajes,18
TX-01860,29850.13,2023-07-20,Nobis necessitatibus explicabo.,aprobada,false,online,GTQ,educacion,9
TX-01861,4999.66,2023-08-11,Magnam voluptate quaerat.,aprobada,false,app_movil,USD,viajes,10
TX-01862,23302.63,2023-10-25,Asperiores sed.,aprobada,false,ATM,USD,transporte,13
TX-01863,15942.68,2023-09-04,Qui voluptatem.,aprobada,false,app_movil,GTQ,alimentacion,0
TX-01864,23486.31,2023-05-11,Dolorum dolores.,aprobada,false,ATM,GTQ,educacion,12
TX-01865,37647.03,2024-01-19,Ex consequuntur voluptatum odio.,aprobada,false,app_movil,USD,transporte,19
TX-01866,40766.94,2024-09-01,Ex doloremque beatae sapiente illum.,aprobada,false,app_movil,GTQ,alimentacion,16
TX-01867,38482.97,2023-05-24,Aspernatur molestias.,aprobada,false,app_movil,USD,viajes,19
TX-01868,13649.88,2024-07-21,Veniam dolorem eum.,aprobada,false,ATM,GTQ,transferencia,1
TX-01869,32246.66,2024-03-30,Optio sapiente tempora similique at.,aprobada,false,transferencia,GTQ,servicios,3
TX-01870,34515.55,2024-05-18,Soluta molestiae asperiores officiis.,aprobada,false,transferencia,USD,alimentacion,12
TX-01871,41035.13,2024-10-15,Cum consequatur labore.,pendiente,false,POS,GTQ,salud,19
TX-01872,16316.94,2023-01-02,Dolor odio consequuntur libero totam.,pendiente,false,app_movil,GTQ,transporte,10
TX-01873,11706.24,2023-10-06,Hic vero nostrum.,aprobada,false,online,GTQ,transferencia,22
TX-01874,23843.56,2023-10-16,Maiores minima.,pendiente,false,ATM,GTQ,viajes,12
TX-01875,14720.69,2023-09-22,Qui quas ut commodi.,rechazada,false,POS,GTQ,alimentacion,18
TX-01876,20440.19,2023-02-27,Eos impedit velit perferendis.,aprobada,false,app_movil,GTQ,ropa,6
TX-01877,37789.2,2023-07-10,Temporibus laborum culpa quasi aspernatur.,aprobada,false,ATM,GTQ,salud,16
TX-01878,24314.74,2023-08-10,Deserunt beatae corrupti asperiores.,aprobada,false,transferencia,USD,educacion,13
TX-01879,34967.01,2024-11-18,Nobis labore dolorem maxime.,aprobada,false,online,GTQ,transferencia,17
TX-01880,44103.28,2024-04-22,Voluptas aliquid harum quis.,aprobada,false,transferencia,GTQ,retiro_efectivo,14
TX-01881,40044.21,2024-08-12,Reiciendis commodi delectus maxime.,aprobada,false,app_movil,GTQ,ropa,22
TX-01882,24392.04,2024-02-21,Quasi et quos.,aprobada,false,online,GTQ,viajes,7
TX-01883,3850.59,2023-04-29,Iure aperiam delectus.,aprobada,false,app_movil,USD,viajes,3
TX-01884,17131.2,2023-12-07,Explicabo suscipit.,aprobada,false,ATM,GTQ,salud,20
TX-01885,21255.31,2024-08-04,Voluptatem quod necessitatibus.,aprobada,false,online,GTQ,ropa,1
TX-01886,13190.83,2024-02-27,Enim quos dolores.,aprobada,false,ATM,GTQ,alimentacion,19
TX-01887,7531.95,2023-12-08,Culpa laudantium similique possimus.,aprobada,false,app_movil,GTQ,educacion,22
TX-01888,35043.4,2024-09-23,Magnam expedita beatae culpa excepturi.,aprobada,false,transferencia,GTQ,salud,6
TX-01889,5944.47,2023-06-12,Fuga asperiores quidem.,aprobada,false,transferencia,USD,ropa,22
TX-01890,20074.98,2024-02-03,Rem quas consequatur nulla aperiam.,aprobada,false,POS,GTQ,entretenimiento,18
TX-01891,13092.46,2023-11-13,Culpa libero eaque labore provident.,aprobada,false,online,GTQ,ropa,15
TX-01892,34539.5,2023-01-21,Incidunt non laborum.,aprobada,false,app_movil,GTQ,educacion,20
TX-01893,46696.67,2023-08-26,Porro minus exercitationem quisquam nulla.,pendiente,false,app_movil,GTQ,servicios,12
TX-01894,40598.33,2024-05-15,Neque alias provident odit.,rechazada,false,app_movil,GTQ,alimentacion,18
TX-01895,32782.98,2023-04-11,Facilis rerum dolorem soluta impedit.,aprobada,false,app_movil,GTQ,educacion,22
TX-01896,14031.71,2024-02-22,Tempore quasi neque veritatis.,aprobada,false,ATM,GTQ,alimentacion,7
TX-01897,2503.09,2023-06-06,Adipisci quae quibusdam aut voluptatum.,aprobada,false,POS,GTQ,entretenimiento,15
TX-01898,4411.16,2024-12-17,Expedita magni odio.,aprobada,false,ATM,GTQ,alimentacion,10
TX-01899,17801.26,2023-03-07,Quod quibusdam vero quisquam.,aprobada,false,transferencia,USD,transporte,22
TX-01900,41450.13,2024-04-01,Nisi optio adipisci.,aprobada,false,online,GTQ,transferencia,21
TX-01901,16106.86,2023-09-04,Libero vitae amet vero.,aprobada,false,online,GTQ,salud,11
TX-01902,30663.73,2024-05-21,Eius tempore inventore.,aprobada,false,POS,GTQ,educacion,8
TX-01903,14184.82,2024-01-27,Mollitia aliquam.,aprobada,false,transferencia,GTQ,salud,9
TX-01904,27909.56,2023-11-11,Impedit eius natus.,rechazada,false,ATM,USD,viajes,20
TX-01905,10366.75,2023-10-25,Animi aut mollitia ipsum.,aprobada,false,transferencia,GTQ,alimentacion,1
TX-01906,10430.6,2023-05-01,Porro placeat in vitae.,aprobada,false,online,GTQ,alimentacion,2
TX-01907,42886.43,2023-09-27,Repellat autem omnis.,aprobada,false,online,USD,alimentacion,21
TX-01908,43722.54,2023-10-25,Rem accusantium numquam doloremque labore.,aprobada,false,transferencia,USD,transporte,7
TX-01909,44206.4,2023-07-19,Eaque qui.,revertida,false,app_movil,GTQ,salud,23
TX-01910,41714.28,2024-04-09,In voluptates optio ipsa totam.,pendiente,false,POS,GTQ,entretenimiento,22
TX-01911,42533.88,2023-06-13,Illo cumque odit veniam optio.,rechazada,false,POS,GTQ,viajes,20
TX-01912,9425.61,2023-06-18,Facere odit.,aprobada,false,app_movil,USD,transporte,21
TX-01913,49570.17,2024-11-12,Numquam eveniet neque.,aprobada,false,app_movil,GTQ,transporte,14
TX-01914,40123.09,2023-03-04,Voluptates impedit repellat quam dolorem.,aprobada,false,POS,GTQ,salud,17
TX-01915,44367.28,2024-08-14,Consequatur rerum a.,pendiente,false,transferencia,GTQ,alimentacion,7
TX-01916,39655.85,2024-04-05,Animi laborum.,rechazada,false,ATM,GTQ,ropa,21
TX-01917,15487.35,2024-11-06,Voluptate ratione dignissimos ullam.,aprobada,false,online,GTQ,transporte,13
TX-01918,14606.13,2024-04-07,Similique atque beatae illum nam.,aprobada,false,ATM,GTQ,retiro_efectivo,11
TX-01919,35073.35,2023-06-16,Perferendis perferendis voluptatem consequatur.,aprobada,false,transferencia,GTQ,alimentacion,18
TX-01920,35122.48,2024-09-29,Soluta debitis repudiandae nostrum.,aprobada,false,ATM,GTQ,salud,16
TX-01921,3774.4,2023-11-25,Necessitatibus facere.,aprobada,false,online,GTQ,alimentacion,19
TX-01922,9570.44,2024-11-22,Eaque temporibus amet laboriosam.,aprobada,false,POS,GTQ,servicios,20
TX-01923,12084.06,2023-12-15,Ex corrupti dolor ab.,aprobada,false,app_movil,GTQ,transporte,19
TX-01924,11016.74,2024-06-16,Quo eius autem maiores.,aprobada,false,app_movil,GTQ,viajes,7
TX-01925,47402.32,2023-10-30,Adipisci tempora ea rem.,revertida,false,online,GTQ,alimentacion,6
TX-01926,19466.29,2024-06-17,Voluptatem sunt nemo suscipit eius.,rechazada,false,online,GTQ,entretenimiento,18
TX-01927,27396.62,2023-12-06,Corporis fugiat necessitatibus blanditiis quidem.,aprobada,false,transferencia,USD,alimentacion,11
TX-01928,34971.56,2024-12-10,Earum maxime quo.,aprobada,false,POS,USD,ropa,20
TX-01929,27532.91,2023-11-14,Aut accusantium quisquam.,aprobada,false,online,GTQ,entretenimiento,9
TX-01930,18328.23,2024-12-08,Qui a quis quo quia.,aprobada,false,online,GTQ,servicios,1
TX-01931,6742.03,2023-04-16,At dolores.,aprobada,false,ATM,USD,servicios,21
TX-01932,2742.02,2023-12-19,Voluptatum hic aperiam repellendus libero.,aprobada,false,transferencia,USD,transferencia,19
TX-01933,28712.8,2023-01-27,Itaque nesciunt ab beatae ducimus.,pendiente,false,transferencia,USD,salud,7
TX-01934,36158.04,2023-08-24,Sapiente incidunt eum.,aprobada,false,online,GTQ,entretenimiento,3
TX-01935,49363.48,2024-09-03,Quas numquam et.,aprobada,false,POS,GTQ,transferencia,1
TX-01936,49677.75,2023-04-28,Necessitatibus deserunt possimus reprehenderit.,aprobada,false,app_movil,GTQ,salud,10
TX-01937,38134.02,2024-03-12,Aliquid voluptate officia saepe.,aprobada,false,POS,USD,salud,15
TX-01938,7926.46,2023-04-16,Hic odio quam.,aprobada,false,POS,GTQ,viajes,5
TX-01939,30561.76,2023-05-01,Alias aperiam tenetur.,aprobada,false,transferencia,USD,servicios,19
TX-01940,42665.49,2023-08-08,Dicta explicabo ex.,aprobada,false,ATM,GTQ,transferencia,3
TX-01941,8862.42,2024-09-29,A iste.,pendiente,false,online,USD,viajes,17
TX-01942,3205.95,2023-06-25,Sed occaecati minima.,pendiente,false,app_movil,GTQ,ropa,5
TX-01943,44810.01,2024-08-03,Mollitia porro enim.,rechazada,false,POS,GTQ,educacion,18
TX-01944,18230.33,2023-08-02,Assumenda iste aliquam itaque sapiente.,aprobada,false,online,USD,viajes,15
TX-01945,45356.36,2023-06-29,Dolore quam.,rechazada,false,app_movil,GTQ,viajes,17
TX-01946,27174.44,2023-11-16,Ullam doloremque officiis magni.,pendiente,false,transferencia,USD,viajes,11
TX-01947,16169.68,2024-05-23,Deserunt pariatur ipsa quis.,aprobada,false,online,GTQ,alimentacion,21
TX-01948,43079.91,2023-02-23,Ut quos repudiandae.,aprobada,false,transferencia,GTQ,transferencia,13
TX-01949,46169.82,2023-12-12,Necessitatibus nulla labore.,aprobada,false,transferencia,GTQ,ropa,13
TX-01950,30816.09,2023-12-06,Unde veritatis.,aprobada,false,POS,GTQ,servicios,10
TX-01951,13124.4,2024-09-17,Laudantium maxime sint incidunt harum.,aprobada,false,ATM,GTQ,ropa,13
TX-01952,39260.03,2023-11-03,Quia recusandae nihil ea.,aprobada,false,transferencia,GTQ,viajes,1
TX-01953,25365.83,2023-07-07,Expedita reiciendis in.,rechazada,false,app_movil,GTQ,alimentacion,7
TX-01954,7119.55,2024-04-20,Quae facere assumenda optio est.,aprobada,false,POS,GTQ,entretenimiento,13
TX-01955,9033.96,2023-06-28,Rerum neque.,aprobada,false,transferencia,GTQ,salud,5
TX-01956,40852.63,2023-10-16,Eligendi iste tenetur.,aprobada,false,ATM,GTQ,viajes,18
TX-01957,18907.88,2023-11-28,Recusandae consequuntur esse.,revertida,false,ATM,USD,transporte,15
TX-01958,23207.14,2024-08-27,Blanditiis eos at alias.,pendiente,false,online,USD,transporte,16
TX-01959,33649.54,2023-12-03,Minima quibusdam iusto totam.,aprobada,false,POS,GTQ,retiro_efectivo,4
TX-01960,11187.97,2024-10-09,Cupiditate sed iusto.,aprobada,false,transferencia,USD,salud,10
TX-01961,30459.18,2024-09-09,Aut quaerat.,aprobada,false,online,GTQ,transporte,18
TX-01962,47199.96,2024-10-22,Accusamus deserunt velit.,aprobada,false,online,GTQ,ropa,7
TX-01963,23679.32,2024-11-26,Molestiae quam nulla inventore libero.,aprobada,false,transferencia,GTQ,entretenimiento,22
TX-01964,2217.65,2024-07-15,Corrupti aliquid quo.,revertida,false,transferencia,GTQ,educacion,22
TX-01965,38309.66,2023-05-06,Id architecto.,rechazada,false,app_movil,GTQ,transferencia,7
TX-01966,42532.02,2024-08-01,Iure possimus neque minus.,aprobada,false,ATM,GTQ,transporte,13
TX-01967,33475.85,2023-10-16,Inventore natus sunt.,pendiente,false,POS,GTQ,ropa,10
TX-01968,42481.52,2024-09-25,Asperiores magnam.,aprobada,false,app_movil,GTQ,educacion,20
TX-01969,24542.68,2024-06-16,Cupiditate voluptas laborum rem.,aprobada,false,online,GTQ,educacion,19
TX-01970,4459.71,2023-11-03,Inventore nostrum soluta.,aprobada,false,online,GTQ,retiro_efectivo,5
TX-01971,9356.49,2024-10-04,Cupiditate aliquid.,pendiente,false,POS,USD,viajes,16
TX-01972,41659.64,2024-07-14,Quae dolorem iste excepturi.,aprobada,false,transferencia,GTQ,ropa,1
TX-01973,5980.34,2023-05-04,Facere illum repellat.,aprobada,false,online,GTQ,transferencia,9
TX-01974,37958.93,2023-01-03,Officiis alias.,aprobada,false,online,USD,servicios,14
TX-01975,32871.85,2023-01-31,Delectus distinctio rem repudiandae.,rechazada,false,transferencia,USD,viajes,12
TX-01976,13786.98,2023-08-05,Quam ullam adipisci nihil quaerat.,aprobada,false,app_movil,USD,transporte,18
TX-01977,39411.09,2024-07-23,Quasi perspiciatis expedita.,aprobada,false,transferencia,GTQ,transferencia,8
TX-01978,41490.26,2024-07-05,Dolorem exercitationem mollitia nulla.,aprobada,false,online,USD,servicios,18
TX-01979,20467.29,2024-09-26,Porro non saepe commodi reiciendis.,aprobada,false,POS,USD,entretenimiento,22
TX-01980,19439.28,2024-11-19,Ipsum fugiat nam.,aprobada,false,POS,GTQ,educacion,11
TX-01981,42547.5,2024-10-22,Doloremque magni exercitationem.,aprobada,false,app_movil,GTQ,viajes,0
TX-01982,35584.93,2023-12-29,Repellat expedita.,aprobada,false,POS,USD,entretenimiento,5
TX-01983,18278.33,2024-08-23,Commodi vel aspernatur perferendis.,aprobada,false,transferencia,USD,viajes,8
TX-01984,10282.69,2023-09-25,Culpa quia qui.,aprobada,false,online,GTQ,salud,15
TX-01985,10233.83,2024-01-03,Quibusdam reprehenderit.,aprobada,false,app_movil,GTQ,retiro_efectivo,6
TX-01986,34638.55,2023-09-06,Maiores excepturi.,aprobada,false,online,USD,servicios,18
TX-01987,43536.66,2023-04-26,Perferendis commodi recusandae amet expedita.,pendiente,false,transferencia,GTQ,transporte,15
TX-01988,36045.69,2023-08-28,Nam quia aliquid error nostrum.,aprobada,false,POS,USD,transferencia,3
TX-01989,10109.82,2023-09-30,Doloremque labore.,aprobada,false,ATM,GTQ,educacion,6
TX-01990,33461.53,2023-04-11,Reprehenderit sint ex in.,aprobada,false,app_movil,GTQ,retiro_efectivo,0
TX-01991,12007.06,2024-06-06,Occaecati vero asperiores suscipit sint.,aprobada,false,transferencia,GTQ,transferencia,13
TX-01992,3438.91,2024-11-22,Ea quos.,aprobada,false,transferencia,USD,entretenimiento,23
TX-01993,9060.66,2023-02-25,Laudantium id.,aprobada,false,transferencia,GTQ,retiro_efectivo,4
TX-01994,5619.65,2024-05-17,Fugiat praesentium vitae impedit.,aprobada,false,ATM,GTQ,retiro_efectivo,10
TX-01995,17669.35,2023-04-25,Sint voluptatum.,aprobada,false,online,USD,alimentacion,18
TX-01996,43519.79,2024-09-29,Incidunt fuga blanditiis sunt.,rechazada,false,ATM,GTQ,alimentacion,21
TX-01997,14739.86,2023-05-17,Adipisci voluptas atque nihil.,aprobada,false,ATM,GTQ,transporte,16
TX-01998,40037.88,2024-10-31,Possimus inventore saepe voluptatem.,aprobada,false,POS,USD,salud,17
TX-01999,24726.27,2024-11-23,Modi distinctio necessitatibus.,rechazada,false,POS,GTQ,educacion,7
TX-02000,36945.58,2024-04-29,Suscipit quibusdam maxime.,aprobada,false,POS,GTQ,ropa,10
TX-02001,11169.32,2023-09-09,Ducimus occaecati natus fugit.,aprobada,false,POS,USD,retiro_efectivo,15
TX-02002,8172.98,2023-06-16,Repellat illum dolor quos reprehenderit.,aprobada,false,app_movil,GTQ,ropa,16
TX-02003,24330.54,2024-03-04,Ratione debitis.,rechazada,false,transferencia,GTQ,educacion,22
TX-02004,19274.91,2024-04-07,Sapiente quibusdam impedit magnam.,aprobada,false,POS,GTQ,alimentacion,2
TX-02005,6853.81,2023-04-19,Reiciendis reprehenderit iste aliquid reiciendis.,aprobada,false,POS,USD,educacion,16
TX-02006,14231.07,2024-10-13,Placeat quaerat facilis eveniet harum.,aprobada,false,app_movil,GTQ,salud,13
TX-02007,5822.41,2024-12-13,Cum aut dignissimos.,aprobada,false,transferencia,GTQ,ropa,4
TX-02008,11998.68,2023-09-20,Praesentium at maxime reprehenderit.,aprobada,false,POS,USD,viajes,3
TX-02009,1362.65,2023-05-16,Architecto voluptate deserunt quasi.,aprobada,false,transferencia,USD,transporte,10
TX-02010,25441.63,2024-08-22,Facilis quidem aliquam.,rechazada,false,transferencia,USD,educacion,9
TX-02011,36766.97,2024-03-25,Maxime dignissimos dolor ipsam.,aprobada,false,transferencia,GTQ,educacion,8
TX-02012,44965.04,2023-02-26,Impedit iusto.,aprobada,false,ATM,GTQ,educacion,21
TX-02013,33947.6,2024-04-03,Unde inventore sit.,rechazada,false,online,USD,viajes,4
TX-02014,104.75,2023-09-27,Natus dignissimos quod.,aprobada,false,online,USD,ropa,18
TX-02015,12937.19,2024-03-06,Quibusdam est architecto dicta.,aprobada,false,online,GTQ,ropa,9
TX-02016,39912.66,2023-11-22,Ea explicabo eum.,aprobada,false,transferencia,GTQ,entretenimiento,2
TX-02017,26711.73,2024-02-08,Enim vero.,aprobada,false,transferencia,GTQ,ropa,16
TX-02018,11474.58,2023-01-26,Magnam amet vel.,rechazada,false,transferencia,GTQ,transporte,19
TX-02019,7771.22,2023-09-01,Voluptatem quo itaque a.,aprobada,false,transferencia,USD,transporte,9
TX-02020,30472.12,2024-05-26,Expedita corporis nulla nostrum.,aprobada,false,app_movil,GTQ,retiro_efectivo,22
TX-02021,24249.84,2023-05-16,Temporibus magni.,aprobada,false,ATM,USD,servicios,15
TX-02022,41794.17,2023-06-17,Ad perspiciatis.,aprobada,false,online,GTQ,entretenimiento,8
TX-02023,10186.09,2024-06-23,In et hic laborum.,revertida,false,POS,GTQ,educacion,22
TX-02024,23745.59,2023-07-04,Dolores est suscipit.,rechazada,false,ATM,GTQ,servicios,9
TX-02025,14883.13,2023-03-12,Necessitatibus corporis sint neque numquam.,pendiente,false,POS,GTQ,ropa,14
TX-02026,47148.85,2023-02-23,Laboriosam nulla reprehenderit quibusdam.,aprobada,false,app_movil,USD,salud,1
TX-02027,27856.73,2024-10-04,Assumenda repudiandae et.,aprobada,false,transferencia,GTQ,servicios,19
TX-02028,47802.58,2023-06-13,Ullam veritatis possimus deserunt nesciunt.,pendiente,false,ATM,GTQ,alimentacion,7
TX-02029,48383.46,2024-04-16,Est adipisci inventore culpa.,aprobada,false,transferencia,GTQ,retiro_efectivo,6
TX-02030,47209.91,2023-06-12,Necessitatibus occaecati dolor eum.,pendiente,false,ATM,USD,retiro_efectivo,13
TX-02031,36365.76,2024-07-24,Doloribus aut.,aprobada,false,online,GTQ,retiro_efectivo,3
TX-02032,48662.21,2024-11-15,Nulla officiis laboriosam error.,aprobada,false,transferencia,GTQ,transporte,16
TX-02033,13520.73,2024-07-28,Quibusdam nam optio ducimus sapiente.,pendiente,false,transferencia,GTQ,retiro_efectivo,19
TX-02034,113.47,2023-09-19,Libero libero illum sapiente.,aprobada,false,ATM,GTQ,transferencia,20
TX-02035,9411.83,2023-11-13,Eligendi non et perspiciatis vel.,aprobada,false,online,GTQ,educacion,10
TX-02036,4948.56,2024-09-02,Soluta perspiciatis.,aprobada,false,app_movil,GTQ,alimentacion,22
TX-02037,47172.66,2023-07-09,Facere consequatur mollitia placeat.,aprobada,false,transferencia,GTQ,educacion,21
TX-02038,30649.31,2023-03-24,Dolores eos.,rechazada,false,POS,GTQ,servicios,0
TX-02039,11085.29,2023-10-28,Beatae error veritatis quibusdam.,aprobada,false,app_movil,GTQ,alimentacion,6
TX-02040,15296.01,2024-05-06,Occaecati amet provident voluptatibus atque.,aprobada,false,app_movil,GTQ,transferencia,5
TX-02041,44780.94,2023-03-27,Corporis fugit magni recusandae at.,aprobada,false,app_movil,USD,entretenimiento,3
TX-02042,47122.28,2024-03-18,Eaque illum.,aprobada,false,transferencia,USD,transporte,17
TX-02043,28449.39,2024-05-30,Officiis dolores nulla.,aprobada,false,online,USD,entretenimiento,3
TX-02044,14551.04,2024-09-30,Ex consequuntur ad aliquam.,aprobada,false,ATM,GTQ,alimentacion,8
TX-02045,31429.17,2023-03-20,Quaerat nemo totam reprehenderit aperiam.,aprobada,false,transferencia,GTQ,retiro_efectivo,18
TX-02046,23180.97,2024-06-02,Dolor officia nulla facilis.,aprobada,false,POS,GTQ,transporte,18
TX-02047,46561.83,2024-07-01,Eaque nesciunt placeat.,aprobada,false,online,GTQ,ropa,1
TX-02048,23343.86,2024-02-04,Voluptates asperiores iusto omnis.,aprobada,false,POS,GTQ,entretenimiento,4
TX-02049,16981.85,2024-04-27,Est ipsam laudantium.,aprobada,false,app_movil,GTQ,alimentacion,4
TX-02050,19302.92,2024-02-25,Perspiciatis blanditiis minima iure.,revertida,false,POS,USD,ropa,6
TX-02051,29283.47,2024-05-01,Reprehenderit assumenda commodi cupiditate.,aprobada,false,online,USD,salud,7
TX-02052,40853.96,2023-04-04,Cumque asperiores suscipit quaerat.,aprobada,false,app_movil,USD,retiro_efectivo,20
TX-02053,3735.84,2024-02-02,Ipsum porro vel odit.,aprobada,false,online,GTQ,alimentacion,16
TX-02054,29616.22,2023-03-21,Eveniet harum illo tempore.,pendiente,false,POS,GTQ,salud,5
TX-02055,16516.86,2023-04-26,Quidem placeat itaque optio aspernatur.,aprobada,false,app_movil,GTQ,transferencia,4
TX-02056,43525.89,2023-03-30,Optio ad voluptas consectetur magnam.,aprobada,false,POS,GTQ,viajes,23
TX-02057,18152.81,2024-01-28,Consequatur temporibus laborum inventore.,aprobada,false,app_movil,USD,educacion,0
TX-02058,17528.14,2023-06-06,Voluptas explicabo consequatur occaecati.,aprobada,false,ATM,GTQ,ropa,21
TX-02059,47686.5,2024-12-21,Iure praesentium aliquid adipisci.,aprobada,false,app_movil,GTQ,servicios,10
TX-02060,30099.5,2023-11-01,Expedita optio.,aprobada,false,POS,GTQ,transferencia,13
TX-02061,19250.02,2023-08-19,Explicabo praesentium sunt facilis.,revertida,false,POS,GTQ,educacion,6
TX-02062,7968.77,2023-09-19,Tenetur in iure quaerat dicta.,aprobada,false,ATM,GTQ,servicios,14
TX-02063,20473.1,2024-12-15,Corrupti ratione.,rechazada,false,ATM,GTQ,transporte,5
TX-02064,603.26,2023-12-31,Occaecati voluptatem architecto.,aprobada,false,app_movil,USD,ropa,18
TX-02065,36205.82,2023-06-24,Ipsam magnam cupiditate.,pendiente,false,ATM,GTQ,ropa,9
TX-02066,48504.78,2023-05-31,Ratione nesciunt quasi molestiae sit.,aprobada,false,app_movil,GTQ,transferencia,8
TX-02067,13597.98,2024-05-08,Quos ea perspiciatis blanditiis atque.,aprobada,false,POS,GTQ,viajes,12
TX-02068,42525.17,2024-06-07,Vel incidunt.,aprobada,false,ATM,GTQ,salud,9
TX-02069,6151.84,2024-01-25,Quo ad ipsa.,aprobada,false,app_movil,USD,salud,1
TX-02070,18532.36,2023-04-05,Ab dolorum esse sequi excepturi.,pendiente,false,transferencia,GTQ,ropa,19
TX-02071,251.49,2023-12-22,Tempore quae voluptate quibusdam.,aprobada,false,ATM,GTQ,educacion,8
TX-02072,48786.72,2023-03-04,Aut dicta.,aprobada,false,app_movil,USD,viajes,19
TX-02073,40231.79,2023-09-04,Ad laborum dolore corrupti.,rechazada,false,POS,GTQ,ropa,16
TX-02074,47369.44,2023-08-18,Nihil aut.,pendiente,false,transferencia,GTQ,ropa,20
TX-02075,18659.12,2024-09-19,Iste minima sit qui.,aprobada,false,transferencia,GTQ,transferencia,14
TX-02076,6657.96,2023-10-27,Cupiditate animi placeat aperiam.,rechazada,false,app_movil,USD,transferencia,8
TX-02077,38435.11,2023-11-07,Laudantium occaecati amet rerum labore.,aprobada,false,POS,GTQ,retiro_efectivo,23
TX-02078,20185.28,2023-09-19,Reiciendis quasi nemo.,aprobada,false,app_movil,GTQ,servicios,10
TX-02079,3095.92,2024-12-10,Inventore veniam distinctio.,pendiente,false,transferencia,USD,servicios,10
TX-02080,46321.12,2023-11-22,Nesciunt deleniti eaque laboriosam ratione.,aprobada,false,app_movil,GTQ,retiro_efectivo,15
TX-02081,27171.25,2024-02-18,Ut illum.,aprobada,false,transferencia,USD,retiro_efectivo,0
TX-02082,18662.89,2023-04-21,Rem vel necessitatibus.,aprobada,false,transferencia,USD,transferencia,8
TX-02083,20642.28,2023-03-14,Iusto error nobis deleniti.,pendiente,false,ATM,GTQ,transferencia,9
TX-02084,16816.82,2023-08-10,Sed voluptatem voluptatibus hic neque.,aprobada,false,ATM,GTQ,transporte,14
TX-02085,7353.3,2024-09-29,Asperiores natus.,aprobada,false,POS,USD,ropa,23
TX-02086,15915.22,2024-07-26,Quia ut.,rechazada,false,app_movil,USD,ropa,6
TX-02087,40734.3,2023-02-12,Vero error deleniti.,aprobada,false,online,GTQ,salud,6
TX-02088,31564.09,2023-03-08,Ex doloremque esse delectus.,aprobada,false,ATM,GTQ,viajes,21
TX-02089,47890.09,2023-06-11,Consequuntur ab totam temporibus.,aprobada,false,POS,USD,educacion,19
TX-02090,21374.16,2023-12-02,Saepe beatae.,aprobada,false,POS,GTQ,alimentacion,6
TX-02091,35460.91,2024-06-20,Vero adipisci officiis doloribus.,aprobada,false,ATM,USD,educacion,4
TX-02092,3889.87,2023-07-14,Magnam numquam eveniet.,aprobada,false,POS,USD,salud,14
TX-02093,30959.25,2023-04-14,Repellendus quae illo.,pendiente,false,app_movil,GTQ,viajes,0
TX-02094,27598.93,2024-05-02,Ad repellendus natus.,rechazada,false,transferencia,USD,salud,1
TX-02095,40100.0,2023-05-27,Quisquam repellendus mollitia animi non.,aprobada,false,POS,GTQ,transferencia,13
TX-02096,46324.57,2023-03-28,Harum soluta odit totam.,aprobada,false,online,GTQ,viajes,13
TX-02097,14609.9,2023-01-02,Facere amet praesentium.,aprobada,false,app_movil,GTQ,servicios,15
TX-02098,6621.93,2024-10-06,Nulla inventore dolorem eum.,aprobada,false,transferencia,GTQ,viajes,6
TX-02099,444.19,2023-04-07,Repudiandae necessitatibus.,aprobada,false,POS,GTQ,ropa,17
TX-02100,333.6,2023-03-05,Animi numquam impedit.,rechazada,false,app_movil,USD,transporte,1
TX-02101,6629.1,2023-04-30,Aut molestias tempora maxime.,aprobada,false,ATM,GTQ,viajes,4
TX-02102,2101.46,2023-04-09,Magnam praesentium earum.,aprobada,false,ATM,USD,alimentacion,19
TX-02103,45434.14,2024-01-23,Nesciunt sapiente.,aprobada,false,POS,GTQ,educacion,17
TX-02104,39147.11,2024-04-19,Itaque praesentium at.,aprobada,false,POS,GTQ,retiro_efectivo,0
TX-02105,41941.56,2023-04-23,Vitae corrupti sequi necessitatibus.,pendiente,false,POS,GTQ,educacion,1
TX-02106,41798.92,2024-07-26,Perspiciatis accusamus sapiente dolorum doloribus.,aprobada,false,app_movil,GTQ,entretenimiento,7
TX-02107,12871.98,2023-05-19,Libero aliquid.,aprobada,false,transferencia,USD,transferencia,12
TX-02108,19313.43,2024-03-19,Impedit vero.,pendiente,false,transferencia,GTQ,transporte,20
TX-02109,43382.87,2023-06-09,Autem nostrum.,aprobada,false,app_movil,USD,educacion,0
TX-02110,15814.11,2023-02-06,Voluptate quos possimus.,rechazada,false,transferencia,USD,educacion,12
TX-02111,4190.59,2024-06-14,Modi sint numquam.,pendiente,false,ATM,GTQ,entretenimiento,22
TX-02112,26248.48,2023-12-06,Temporibus saepe earum perspiciatis.,pendiente,false,online,GTQ,ropa,20
TX-02113,49144.02,2023-06-24,Voluptates unde velit voluptatem.,aprobada,false,online,GTQ,educacion,0
TX-02114,10771.32,2024-01-19,Nihil sapiente ex.,aprobada,false,ATM,GTQ,transporte,13
TX-02115,25164.28,2024-05-24,Est veritatis perferendis.,aprobada,false,online,USD,salud,9
TX-02116,20036.99,2024-12-07,Repellat veniam.,aprobada,false,ATM,GTQ,entretenimiento,0
TX-02117,20771.89,2024-03-11,Vero ratione libero.,aprobada,false,POS,USD,servicios,16
TX-02118,8902.56,2024-05-15,Minus voluptatibus.,aprobada,false,transferencia,GTQ,servicios,5
TX-02119,2204.41,2023-11-03,Sapiente eaque magni autem sed.,pendiente,false,transferencia,GTQ,salud,1
TX-02120,20876.75,2024-04-04,Quibusdam eligendi enim.,aprobada,false,transferencia,USD,viajes,12
TX-02121,31642.03,2024-12-27,Impedit modi.,aprobada,false,app_movil,GTQ,viajes,1
TX-02122,29914.92,2024-10-14,Vel vero laboriosam.,pendiente,false,online,GTQ,servicios,19
TX-02123,41088.75,2024-09-01,Pariatur quis voluptatum.,aprobada,false,app_movil,GTQ,educacion,9
TX-02124,25111.46,2023-09-29,Nam laudantium laborum consequuntur.,revertida,false,online,USD,viajes,20
TX-02125,47329.9,2023-09-09,Impedit voluptatibus placeat veritatis ea.,aprobada,false,app_movil,GTQ,servicios,22
TX-02126,8373.94,2024-05-29,Velit incidunt reprehenderit voluptate.,aprobada,false,ATM,USD,salud,8
TX-02127,45446.97,2024-04-20,Maxime repellat dicta.,aprobada,false,ATM,USD,entretenimiento,16
TX-02128,38377.85,2024-03-12,Cupiditate maiores sit.,pendiente,false,ATM,USD,educacion,14
TX-02129,14483.67,2024-05-26,Temporibus eius.,rechazada,false,transferencia,USD,transferencia,20
TX-02130,34432.77,2023-12-17,Vitae dolores numquam corrupti excepturi.,rechazada,false,online,GTQ,alimentacion,13
TX-02131,1405.42,2024-10-20,Labore repellendus sequi repellat praesentium.,aprobada,false,POS,GTQ,educacion,23
TX-02132,37842.73,2024-07-30,Magni possimus ullam.,aprobada,false,app_movil,GTQ,salud,10
TX-02133,49162.21,2023-08-09,Fugiat tempora perferendis.,aprobada,false,transferencia,GTQ,salud,5
TX-02134,12242.36,2023-12-24,Natus id eaque dolorum.,aprobada,false,online,GTQ,retiro_efectivo,23
TX-02135,29937.53,2024-03-01,Cupiditate cumque doloribus.,rechazada,false,ATM,USD,servicios,16
TX-02136,45082.5,2023-06-02,Nihil odit facilis quas.,aprobada,false,online,GTQ,salud,19
TX-02137,46.2,2023-07-26,Odio ducimus.,rechazada,false,transferencia,GTQ,servicios,17
TX-02138,3908.65,2024-01-10,Vitae quia itaque.,aprobada,false,POS,GTQ,servicios,19
TX-02139,43833.65,2023-04-28,Quia ducimus ipsum enim.,revertida,false,POS,USD,ropa,9
TX-02140,31839.05,2023-06-07,Vero qui provident.,aprobada,false,transferencia,GTQ,ropa,3
TX-02141,27445.2,2023-04-26,Laudantium nisi architecto ducimus.,aprobada,false,online,GTQ,servicios,5
TX-02142,1962.23,2023-03-07,Quisquam voluptate asperiores consequuntur.,pendiente,false,app_movil,GTQ,transferencia,10
TX-02143,18462.5,2024-03-25,Dolorum eos tempora laudantium repellendus.,aprobada,false,online,USD,transferencia,0
TX-02144,43588.95,2024-01-15,Enim veritatis mollitia.,rechazada,false,ATM,GTQ,transferencia,3
TX-02145,1531.07,2024-08-15,Excepturi dolores velit ab.,aprobada,false,POS,USD,educacion,1
TX-02146,22976.91,2023-08-19,Esse aperiam quaerat inventore assumenda.,aprobada,false,POS,GTQ,alimentacion,4
TX-02147,28297.34,2023-05-30,Laboriosam error fugiat temporibus.,aprobada,false,online,GTQ,viajes,12
TX-02148,41712.31,2024-06-22,Minus eaque.,aprobada,false,transferencia,GTQ,salud,0
TX-02149,20864.9,2023-08-20,Consequatur ut aliquam.,pendiente,false,app_movil,GTQ,transporte,14
TX-02150,37332.72,2024-04-14,Ex totam expedita accusamus.,aprobada,false,ATM,GTQ,transferencia,2
TX-02151,13823.3,2023-09-30,Maiores ea voluptate.,aprobada,false,app_movil,USD,entretenimiento,2
TX-02152,29600.07,2023-02-01,Possimus eos at quia.,aprobada,false,online,USD,educacion,4
TX-02153,47025.58,2024-06-02,Exercitationem porro ratione nobis quas.,aprobada,false,POS,USD,retiro_efectivo,9
TX-02154,24866.13,2024-12-26,Quis mollitia nemo quos.,pendiente,false,POS,USD,retiro_efectivo,13
TX-02155,43604.91,2023-12-31,Dolor sapiente facilis at.,aprobada,false,online,GTQ,servicios,9
TX-02156,14647.94,2023-12-11,Illo debitis commodi molestiae sed.,aprobada,false,transferencia,GTQ,retiro_efectivo,18
TX-02157,32588.01,2023-12-08,Vel accusantium.,pendiente,false,app_movil,USD,servicios,5
TX-02158,27164.56,2023-07-11,Veniam accusantium consectetur similique.,pendiente,false,transferencia,USD,educacion,18
TX-02159,36406.94,2023-10-14,Numquam est excepturi animi.,aprobada,false,online,GTQ,alimentacion,0
TX-02160,29581.65,2024-02-14,Id veniam eveniet perferendis rerum.,aprobada,false,online,GTQ,servicios,20
TX-02161,18594.52,2024-08-02,Cum soluta reiciendis molestias praesentium.,aprobada,false,online,USD,alimentacion,8
TX-02162,31001.08,2024-01-25,Odio voluptas est.,aprobada,false,app_movil,GTQ,entretenimiento,22
TX-02163,8844.54,2023-08-09,Facilis nam.,revertida,false,app_movil,GTQ,ropa,19
TX-02164,37305.37,2024-10-05,Neque accusamus.,rechazada,false,POS,USD,ropa,1
TX-02165,16740.39,2024-11-05,Hic quos minus minus laborum.,aprobada,false,ATM,GTQ,ropa,19
TX-02166,42135.09,2024-05-14,Quibusdam quidem cum consequuntur.,aprobada,false,ATM,GTQ,salud,14
TX-02167,15579.64,2024-06-27,Delectus unde molestias tempore.,aprobada,false,online,USD,servicios,5
TX-02168,49990.66,2023-04-30,Corporis illo.,rechazada,false,POS,GTQ,ropa,7
TX-02169,10319.88,2024-07-24,Eaque unde.,aprobada,false,ATM,GTQ,entretenimiento,21
TX-02170,8826.15,2023-12-11,Ratione doloribus nemo.,pendiente,false,transferencia,GTQ,viajes,20
TX-02171,27664.2,2024-07-14,Dolore aperiam sint explicabo.,aprobada,false,online,GTQ,servicios,7
TX-02172,47546.58,2024-09-15,Animi amet provident.,pendiente,false,ATM,GTQ,retiro_efectivo,10
TX-02173,45699.98,2023-10-13,Quisquam sit.,aprobada,false,POS,GTQ,entretenimiento,1
TX-02174,45431.61,2023-08-07,Iusto consequatur consectetur officia.,aprobada,false,ATM,GTQ,educacion,23
TX-02175,21528.75,2023-06-07,Nam nisi.,aprobada,false,ATM,GTQ,transferencia,3
TX-02176,33050.25,2024-11-08,Deleniti necessitatibus eveniet aperiam.,aprobada,false,transferencia,USD,servicios,13
TX-02177,34735.21,2024-05-07,Quod odio.,aprobada,false,ATM,GTQ,ropa,21
TX-02178,2366.51,2024-08-27,Ipsam vel id ut.,aprobada,false,app_movil,GTQ,ropa,4
TX-02179,30801.72,2023-04-17,Error repellendus modi fuga.,aprobada,false,app_movil,GTQ,entretenimiento,12
TX-02180,48290.77,2024-02-10,Eveniet itaque dignissimos dignissimos earum.,revertida,false,transferencia,GTQ,transferencia,10
TX-02181,21024.37,2024-08-08,Delectus consequatur illo tempora.,rechazada,false,online,GTQ,transporte,2
TX-02182,15998.89,2024-10-14,Eum ex aspernatur.,rechazada,false,POS,USD,ropa,2
TX-02183,19348.16,2023-05-09,Aspernatur inventore.,aprobada,false,POS,GTQ,alimentacion,5
TX-02184,12283.98,2024-02-23,Delectus impedit culpa.,aprobada,false,POS,GTQ,salud,22
TX-02185,16273.63,2023-06-25,Laboriosam voluptates at.,aprobada,false,POS,GTQ,transporte,17
TX-02186,4672.73,2024-12-12,Delectus alias recusandae.,aprobada,false,online,USD,servicios,12
TX-02187,25782.87,2024-03-24,Quo quaerat eligendi.,aprobada,false,ATM,GTQ,educacion,19
TX-02188,15402.96,2023-07-23,Vitae animi illum saepe.,aprobada,false,online,GTQ,servicios,8
TX-02189,38167.69,2024-04-06,Sint dignissimos ipsum.,aprobada,false,online,USD,servicios,21
TX-02190,44433.19,2024-03-06,Incidunt quo.,pendiente,false,POS,USD,ropa,20
TX-02191,4863.6,2023-09-08,Molestias nam quisquam.,rechazada,false,transferencia,GTQ,entretenimiento,6
TX-02192,35292.46,2023-07-21,Asperiores hic nobis.,pendiente,false,ATM,GTQ,servicios,7
TX-02193,25287.28,2024-01-24,Dolore sit facere quae.,aprobada,false,app_movil,GTQ,alimentacion,22
TX-02194,41366.24,2023-12-11,Omnis ad occaecati.,aprobada,false,POS,GTQ,viajes,5
TX-02195,28783.2,2024-11-20,Inventore autem totam doloribus.,aprobada,false,POS,GTQ,retiro_efectivo,12
TX-02196,4103.09,2023-02-18,Fuga illum recusandae.,pendiente,false,ATM,GTQ,transferencia,13
TX-02197,10467.15,2024-01-30,Pariatur hic voluptatum.,aprobada,false,online,USD,educacion,23
TX-02198,35459.83,2023-03-07,Quae rerum nostrum.,aprobada,false,POS,GTQ,educacion,20
TX-02199,28444.55,2024-06-16,Expedita facilis deleniti.,aprobada,false,online,GTQ,salud,6
TX-02200,366.1,2023-03-10,Soluta non sed.,aprobada,false,app_movil,GTQ,entretenimiento,1
TX-02201,5292.69,2024-10-09,Eligendi possimus doloribus porro.,aprobada,false,transferencia,GTQ,retiro_efectivo,15
TX-02202,33853.36,2024-10-08,Rem repellat mollitia.,aprobada,false,ATM,GTQ,servicios,22
TX-02203,29624.76,2023-08-14,Molestias reiciendis.,aprobada,false,POS,GTQ,transporte,16
TX-02204,43763.68,2023-05-12,Iusto nemo possimus deleniti.,revertida,false,transferencia,GTQ,ropa,15
TX-02205,23273.17,2024-01-06,Quasi illo nobis.,aprobada,false,transferencia,GTQ,alimentacion,2
TX-02206,21557.73,2024-03-26,Maiores autem ab itaque.,aprobada,false,POS,GTQ,ropa,16
TX-02207,6567.06,2024-09-03,Eligendi repudiandae illum.,aprobada,false,ATM,USD,ropa,13
TX-02208,11250.04,2024-06-06,Sequi sapiente.,aprobada,false,transferencia,GTQ,viajes,19
TX-02209,4030.44,2024-05-15,Labore totam asperiores.,pendiente,false,online,GTQ,salud,23
TX-02210,45044.53,2024-08-06,Voluptatem deserunt.,aprobada,false,transferencia,GTQ,salud,14
TX-02211,47509.5,2023-07-06,Numquam cum illo.,aprobada,false,app_movil,USD,ropa,21
TX-02212,21159.44,2024-01-14,Quod fuga quod praesentium commodi.,aprobada,false,ATM,GTQ,retiro_efectivo,15
TX-02213,37675.21,2024-03-10,Placeat quaerat.,pendiente,false,online,GTQ,ropa,13
TX-02214,5494.49,2023-06-23,Expedita quis a officia.,aprobada,false,ATM,GTQ,ropa,19
TX-02215,8616.03,2023-04-06,Sequi dicta accusamus.,aprobada,false,ATM,USD,salud,13
TX-02216,1184.38,2023-07-26,Quia vitae nobis eveniet.,aprobada,false,ATM,GTQ,alimentacion,10
TX-02217,20796.74,2024-10-11,Exercitationem asperiores molestias.,aprobada,false,online,USD,servicios,18
TX-02218,37247.62,2024-03-14,Nostrum praesentium eligendi.,aprobada,false,online,GTQ,educacion,20
TX-02219,5753.87,2024-05-15,Recusandae eveniet.,aprobada,false,transferencia,GTQ,retiro_efectivo,4
TX-02220,44715.44,2023-11-30,Ipsum accusamus ducimus.,aprobada,false,POS,GTQ,servicios,4
TX-02221,44994.3,2023-12-26,Accusamus officia.,revertida,false,online,GTQ,transporte,1
TX-02222,38209.72,2024-01-24,At atque occaecati.,aprobada,false,ATM,GTQ,retiro_efectivo,9
TX-02223,34668.54,2024-09-26,Occaecati corrupti quis voluptatibus.,aprobada,false,app_movil,GTQ,viajes,10
TX-02224,24524.49,2023-09-30,Magni officia accusantium enim cumque.,aprobada,false,ATM,GTQ,servicios,17
TX-02225,8275.4,2023-09-02,Aut tempore minima.,aprobada,false,online,GTQ,retiro_efectivo,2
TX-02226,43197.34,2023-03-31,Recusandae ut consectetur pariatur.,rechazada,false,ATM,GTQ,ropa,8
TX-02227,36519.39,2024-09-27,Tenetur iste.,rechazada,false,ATM,USD,viajes,19
TX-02228,38224.03,2024-12-31,Incidunt officia repellendus.,rechazada,false,online,USD,viajes,13
TX-02229,44599.43,2023-08-27,Natus praesentium.,rechazada,false,POS,GTQ,viajes,7
TX-02230,12803.58,2023-04-08,Eius mollitia eveniet in.,aprobada,false,app_movil,GTQ,retiro_efectivo,14
TX-02231,45101.51,2023-04-25,Vel non reprehenderit.,aprobada,false,transferencia,GTQ,alimentacion,15
TX-02232,45856.53,2023-10-09,Hic facere placeat porro temporibus.,pendiente,false,ATM,GTQ,salud,21
TX-02233,23872.95,2024-12-01,Mollitia non accusantium quidem quo.,aprobada,false,transferencia,GTQ,servicios,5
TX-02234,10566.15,2024-11-11,Aspernatur natus quaerat id earum.,aprobada,false,ATM,GTQ,viajes,1
TX-02235,17988.32,2024-05-28,Nulla ducimus quasi fugiat.,aprobada,false,app_movil,USD,servicios,22
TX-02236,35810.1,2024-10-19,Quaerat similique repellendus.,aprobada,false,transferencia,GTQ,retiro_efectivo,15
TX-02237,42679.12,2024-10-02,Facilis fuga doloremque.,aprobada,false,online,USD,servicios,11
TX-02238,35031.52,2024-05-03,Repellat excepturi id ipsum nulla.,aprobada,false,online,GTQ,educacion,14
TX-02239,45869.91,2024-09-08,Vitae sint.,pendiente,false,POS,USD,viajes,14
TX-02240,46551.76,2024-08-26,Nesciunt veritatis sint.,aprobada,false,transferencia,USD,entretenimiento,1
TX-02241,4830.73,2024-07-05,Laudantium eaque rem expedita.,rechazada,false,transferencia,USD,salud,11
TX-02242,25842.1,2024-02-12,Beatae itaque nobis architecto quae.,pendiente,false,app_movil,GTQ,viajes,21
TX-02243,26262.45,2023-05-30,Recusandae mollitia atque.,aprobada,false,transferencia,GTQ,salud,18
TX-02244,3032.92,2023-08-22,Eius aliquam quidem facere pariatur.,aprobada,false,app_movil,USD,ropa,10
TX-02245,4841.04,2023-06-22,Assumenda temporibus repudiandae dolores porro.,pendiente,false,online,GTQ,servicios,3
TX-02246,49922.68,2023-08-17,Vero beatae similique ex eveniet.,revertida,false,online,GTQ,entretenimiento,3
TX-02247,18684.39,2024-03-23,Quam at cumque qui.,rechazada,false,online,GTQ,transferencia,19
TX-02248,27001.71,2024-10-09,Alias dolorum hic nesciunt.,aprobada,false,POS,GTQ,entretenimiento,0
TX-02249,2696.33,2023-11-21,Quas voluptatem unde maiores.,rechazada,false,transferencia,GTQ,viajes,15
TX-02250,7182.44,2024-08-04,Quod deleniti labore.,aprobada,false,app_movil,GTQ,servicios,2
TX-02251,47002.37,2023-07-20,Quis dolore mollitia corrupti.,aprobada,false,POS,GTQ,ropa,20
TX-02252,36065.69,2023-05-04,Quibusdam aliquid quaerat.,aprobada,false,POS,GTQ,salud,8
TX-02253,9566.54,2023-11-08,Ipsum in molestiae.,pendiente,false,transferencia,GTQ,transferencia,20
TX-02254,48993.22,2023-03-09,Libero aspernatur.,rechazada,false,online,GTQ,alimentacion,7
TX-02255,46131.94,2023-11-16,Error maiores quaerat.,aprobada,false,online,GTQ,alimentacion,18
TX-02256,48853.22,2024-04-06,Similique excepturi iusto dicta.,rechazada,false,online,GTQ,viajes,3
TX-02257,39912.99,2023-09-12,Hic fugit quo.,aprobada,false,ATM,GTQ,salud,7
TX-02258,3139.69,2024-10-03,Blanditiis unde velit.,aprobada,false,ATM,GTQ,retiro_efectivo,9
TX-02259,8130.83,2023-03-18,Quos repellat accusantium.,aprobada,false,app_movil,USD,servicios,12
TX-02260,7064.07,2024-10-19,Sapiente possimus excepturi ab rem.,aprobada,false,online,GTQ,transporte,23
TX-02261,6797.94,2023-10-01,Sequi quam provident.,aprobada,false,POS,GTQ,entretenimiento,15
TX-02262,45146.91,2023-12-12,Possimus reprehenderit quam.,aprobada,false,online,USD,servicios,2
TX-02263,4018.07,2023-05-28,Beatae animi aperiam.,aprobada,false,app_movil,GTQ,alimentacion,7
TX-02264,19480.33,2023-03-24,Vel atque.,aprobada,false,online,GTQ,viajes,18
TX-02265,30520.37,2024-02-06,Mollitia assumenda sit.,aprobada,false,online,GTQ,transporte,2
TX-02266,49453.94,2023-11-21,Quia iure similique illo.,aprobada,false,app_movil,USD,retiro_efectivo,1
TX-02267,21799.4,2023-08-08,Omnis illum cumque ab impedit.,pendiente,false,app_movil,GTQ,ropa,16
TX-02268,4835.51,2024-04-19,Aut deserunt accusamus.,aprobada,false,app_movil,GTQ,transporte,14
TX-02269,42714.95,2024-11-02,Provident expedita.,aprobada,false,transferencia,USD,transporte,6
TX-02270,33296.23,2024-05-16,Harum nostrum minus.,aprobada,false,app_movil,GTQ,alimentacion,0
TX-02271,43091.79,2023-06-14,Labore libero.,aprobada,false,app_movil,USD,educacion,18
TX-02272,49521.14,2023-10-25,Reprehenderit odit quisquam magni.,aprobada,false,app_movil,USD,alimentacion,16
TX-02273,30325.65,2024-05-23,Quasi nemo quis.,aprobada,false,POS,GTQ,alimentacion,7
TX-02274,44905.31,2023-12-15,Ut ratione repellendus.,aprobada,false,online,USD,educacion,13
TX-02275,38142.2,2024-07-07,Accusantium molestiae.,aprobada,false,POS,GTQ,educacion,21
TX-02276,34850.76,2024-09-08,Ut laboriosam provident voluptates.,aprobada,false,transferencia,USD,entretenimiento,15
TX-02277,8351.58,2024-07-20,Inventore laboriosam perspiciatis.,aprobada,false,transferencia,USD,viajes,4
TX-02278,34255.64,2024-04-26,Perspiciatis voluptates illo incidunt saepe.,aprobada,false,POS,GTQ,servicios,20
TX-02279,24210.73,2024-12-11,Accusamus harum suscipit eos.,aprobada,false,online,USD,ropa,10
TX-02280,13040.44,2024-03-04,Hic unde et vero dolores.,aprobada,false,transferencia,GTQ,alimentacion,4
TX-02281,6457.01,2023-06-27,Delectus voluptas dicta dicta.,pendiente,false,POS,GTQ,servicios,7
TX-02282,6914.8,2024-03-07,In explicabo nostrum.,aprobada,false,online,GTQ,salud,2
TX-02283,38021.09,2024-08-08,Quas fugiat fugiat.,aprobada,false,online,GTQ,ropa,23
TX-02284,4911.26,2024-08-06,Nisi dolor maxime.,aprobada,false,app_movil,GTQ,viajes,7
TX-02285,12669.31,2024-03-24,Animi nostrum natus et.,aprobada,false,ATM,GTQ,salud,21
TX-02286,48339.42,2023-03-02,Itaque labore cupiditate veritatis.,revertida,false,ATM,GTQ,transporte,21
TX-02287,15813.11,2024-06-24,Asperiores dolorem alias suscipit.,aprobada,false,ATM,GTQ,viajes,8
TX-02288,29380.97,2024-09-04,Delectus consectetur ipsum veritatis.,aprobada,false,app_movil,GTQ,viajes,20
TX-02289,32905.3,2024-10-17,Quaerat inventore ad.,aprobada,false,transferencia,GTQ,transferencia,7
TX-02290,9792.62,2023-07-20,Quaerat dolores tempore.,rechazada,false,ATM,GTQ,viajes,16
TX-02291,35988.86,2024-02-13,Quo voluptatum eius.,aprobada,false,ATM,GTQ,retiro_efectivo,17
TX-02292,47980.0,2023-08-04,Veritatis nobis.,aprobada,false,transferencia,GTQ,viajes,3
TX-02293,17436.14,2023-05-26,Tempora mollitia.,revertida,false,POS,GTQ,alimentacion,12
TX-02294,31594.12,2023-08-30,Recusandae maiores eligendi quibusdam esse.,aprobada,false,transferencia,GTQ,servicios,22
TX-02295,5709.17,2024-09-10,Quod non laudantium excepturi atque.,aprobada,false,online,GTQ,viajes,4
TX-02296,20199.72,2024-11-13,Veniam nam vel.,pendiente,false,online,GTQ,salud,19
TX-02297,45435.98,2024-09-23,Quas alias voluptate.,pendiente,false,ATM,USD,alimentacion,19
TX-02298,49879.73,2023-06-07,Commodi ad non qui.,aprobada,false,app_movil,GTQ,viajes,4
TX-02299,22481.67,2024-03-26,Porro repellendus voluptates.,aprobada,false,POS,GTQ,servicios,1
TX-02300,48091.75,2024-11-17,Natus eaque ullam.,rechazada,false,transferencia,USD,transferencia,13
TX-02301,49164.98,2023-02-16,Aspernatur sequi unde modi culpa.,aprobada,false,transferencia,GTQ,transferencia,2
TX-02302,47481.53,2024-08-10,Eos delectus similique.,aprobada,false,app_movil,USD,salud,16
TX-02303,34610.61,2023-10-15,Aut maiores veritatis.,aprobada,false,online,GTQ,viajes,6
TX-02304,19401.81,2023-02-26,Neque corrupti explicabo ut.,aprobada,false,online,USD,salud,4
TX-02305,23617.0,2023-07-12,A possimus.,aprobada,false,transferencia,GTQ,transporte,22
TX-02306,5560.42,2024-07-03,Modi asperiores magnam asperiores vel.,aprobada,false,online,USD,viajes,19
TX-02307,15064.28,2024-02-14,Provident cum reprehenderit.,aprobada,false,ATM,GTQ,ropa,18
TX-02308,23360.66,2023-07-28,Repudiandae at error.,revertida,false,ATM,GTQ,ropa,8
TX-02309,33029.41,2024-06-19,Nulla quam quaerat.,aprobada,false,ATM,GTQ,alimentacion,12
TX-02310,35348.58,2023-08-21,Architecto eius aliquid minus deleniti.,aprobada,false,transferencia,GTQ,ropa,21
TX-02311,28951.33,2024-08-25,Atque voluptas tempora.,aprobada,false,POS,USD,viajes,0
TX-02312,39208.59,2023-10-02,Ut atque perspiciatis doloremque cum.,aprobada,false,transferencia,GTQ,ropa,5
TX-02313,43562.96,2024-09-23,Quisquam eveniet impedit similique.,aprobada,false,online,GTQ,retiro_efectivo,2
TX-02314,36044.54,2024-05-14,Ut rerum veniam provident.,rechazada,false,ATM,GTQ,salud,11
TX-02315,49570.0,2023-10-28,Eius blanditiis sed veritatis.,rechazada,false,online,GTQ,viajes,7
TX-02316,24978.45,2024-08-10,Eum reiciendis eum totam.,aprobada,false,POS,GTQ,servicios,15
TX-02317,7077.87,2024-03-15,Facilis ratione.,aprobada,false,ATM,GTQ,viajes,5
TX-02318,46716.76,2023-08-31,Animi dignissimos quas tempora.,aprobada,false,POS,USD,alimentacion,10
TX-02319,23016.12,2024-01-08,Hic blanditiis.,aprobada,false,POS,USD,servicios,4
TX-02320,38201.59,2024-12-10,Totam nam aliquid amet libero.,rechazada,false,transferencia,GTQ,transferencia,15
TX-02321,1944.66,2023-11-23,Tempore quibusdam aspernatur laborum voluptates.,aprobada,false,transferencia,GTQ,ropa,22
TX-02322,32457.7,2024-11-24,Rem voluptates fugit ipsum.,aprobada,false,transferencia,GTQ,viajes,12
TX-02323,38086.06,2023-02-08,Nesciunt quod sapiente.,aprobada,false,POS,GTQ,alimentacion,4
TX-02324,42935.0,2024-09-24,Minus veniam hic cum.,aprobada,false,app_movil,GTQ,ropa,19
TX-02325,10960.0,2024-08-22,Maiores excepturi ab.,aprobada,false,online,USD,entretenimiento,18
TX-02326,15947.75,2024-03-22,Ut maxime fuga.,rechazada,false,online,GTQ,salud,8
TX-02327,37155.93,2024-07-02,Blanditiis magnam rem.,aprobada,false,POS,USD,educacion,9
TX-02328,31098.84,2024-08-08,Voluptate error aut provident.,aprobada,false,POS,GTQ,transporte,6
TX-02329,29988.84,2023-08-02,Laudantium animi corporis culpa.,pendiente,false,app_movil,USD,salud,18
TX-02330,29194.11,2024-08-24,Odio consectetur.,aprobada,false,online,USD,servicios,13
TX-02331,18472.94,2023-03-08,Perferendis vitae occaecati dolorum.,aprobada,false,app_movil,GTQ,viajes,19
TX-02332,45173.47,2024-10-28,Nam laboriosam dolorem.,rechazada,false,ATM,USD,entretenimiento,13
TX-02333,2061.4,2024-05-29,Ea inventore.,aprobada,false,app_movil,GTQ,transporte,9
TX-02334,34344.92,2024-08-14,Nemo modi hic veniam.,aprobada,false,ATM,USD,salud,0
TX-02335,13777.0,2023-05-16,Eos quos quia dignissimos quia.,rechazada,false,ATM,GTQ,retiro_efectivo,2
TX-02336,19832.23,2024-06-01,Aperiam excepturi aliquid.,aprobada,false,transferencia,GTQ,salud,18
TX-02337,14352.02,2024-01-05,Natus at maiores qui voluptate.,aprobada,false,ATM,GTQ,retiro_efectivo,17
TX-02338,43219.68,2024-07-27,Hic earum dolorum aut.,aprobada,false,online,USD,transporte,12
TX-02339,20425.62,2023-09-26,Earum minima ad.,aprobada,false,ATM,USD,retiro_efectivo,20
TX-02340,21057.72,2023-09-27,Iste molestias reiciendis.,aprobada,false,transferencia,GTQ,retiro_efectivo,18
TX-02341,48066.93,2024-08-31,Ipsa dolor laborum quod tempora.,aprobada,false,online,USD,retiro_efectivo,8
TX-02342,49502.95,2024-04-15,Culpa suscipit atque.,pendiente,false,app_movil,GTQ,entretenimiento,11
TX-02343,47645.32,2023-09-17,Occaecati ut similique distinctio.,pendiente,false,POS,GTQ,educacion,21
TX-02344,19961.54,2023-06-06,Placeat veniam quia necessitatibus.,aprobada,false,POS,GTQ,alimentacion,10
TX-02345,29224.78,2023-11-13,Aspernatur laborum aliquid.,rechazada,false,app_movil,GTQ,viajes,0
TX-02346,42954.51,2023-05-22,Blanditiis fugiat.,pendiente,false,online,USD,salud,0
TX-02347,19742.68,2024-01-19,Dolore soluta impedit.,pendiente,false,POS,USD,viajes,13
TX-02348,49225.71,2024-09-24,Totam molestias ipsam id ab.,rechazada,false,online,GTQ,retiro_efectivo,0
TX-02349,22893.82,2023-12-04,Sint quidem sunt sequi in.,rechazada,false,online,GTQ,transferencia,22
TX-02350,34980.26,2023-09-12,Atque itaque ut perspiciatis.,aprobada,false,app_movil,GTQ,transferencia,18
TX-02351,23088.84,2024-08-03,Eveniet accusamus earum similique nisi.,aprobada,false,online,USD,alimentacion,7
TX-02352,4141.63,2024-08-03,Amet voluptate quidem.,aprobada,false,online,USD,viajes,4
TX-02353,6246.22,2023-05-22,Quas possimus.,rechazada,false,POS,GTQ,educacion,18
TX-02354,12565.71,2024-10-29,Non consequuntur in.,aprobada,false,online,GTQ,transporte,5
TX-02355,6547.17,2024-10-25,Voluptatibus nulla.,aprobada,false,transferencia,GTQ,entretenimiento,1
TX-02356,49601.63,2024-07-19,Fugiat earum eos quasi.,aprobada,false,app_movil,GTQ,salud,6
TX-02357,30607.45,2024-07-04,Nisi debitis quidem error vel.,pendiente,false,ATM,GTQ,educacion,0
TX-02358,24543.52,2023-01-14,Similique cumque molestias dicta.,aprobada,false,ATM,GTQ,viajes,7
TX-02359,44104.03,2024-06-11,Atque alias pariatur.,aprobada,false,ATM,GTQ,entretenimiento,23
TX-02360,20176.54,2024-07-19,Soluta at saepe.,rechazada,false,app_movil,GTQ,retiro_efectivo,10
TX-02361,2046.38,2023-02-20,Quaerat architecto distinctio alias nam.,aprobada,false,online,USD,retiro_efectivo,17
TX-02362,37685.6,2024-07-11,Tempora tempore nulla vel.,aprobada,false,online,GTQ,servicios,22
TX-02363,42663.48,2023-10-04,Maiores quod vero tempora ipsam.,rechazada,false,POS,GTQ,retiro_efectivo,2
TX-02364,27027.4,2024-07-27,Velit labore voluptas dignissimos.,revertida,false,online,GTQ,servicios,14
TX-02365,46320.65,2023-04-20,Exercitationem incidunt.,aprobada,false,online,USD,retiro_efectivo,19
TX-02366,33488.6,2024-10-11,Officia corrupti aliquam.,revertida,false,POS,USD,transporte,11
TX-02367,20323.08,2024-09-02,Officia fuga nesciunt blanditiis neque.,revertida,false,online,GTQ,ropa,13
TX-02368,1786.32,2024-02-21,Itaque rerum.,aprobada,false,app_movil,USD,viajes,2
TX-02369,21415.52,2024-07-20,Unde accusantium laudantium tempora illo.,rechazada,false,app_movil,GTQ,ropa,12
TX-02370,34252.16,2023-08-14,Odio tenetur necessitatibus.,aprobada,false,ATM,GTQ,servicios,20
TX-02371,31039.77,2023-12-27,Doloribus accusantium consectetur consectetur.,aprobada,false,online,GTQ,alimentacion,19
TX-02372,14085.82,2023-05-16,Natus dignissimos iste distinctio.,aprobada,false,ATM,GTQ,retiro_efectivo,8
TX-02373,9235.61,2024-03-15,Earum maxime id.,aprobada,false,app_movil,USD,retiro_efectivo,5
TX-02374,5394.79,2024-10-25,Architecto nisi illo corrupti.,rechazada,false,transferencia,GTQ,educacion,20
TX-02375,25841.14,2024-02-18,Ipsam voluptas cum.,aprobada,false,ATM,GTQ,ropa,17
TX-02376,18708.73,2023-07-31,Pariatur consequuntur.,aprobada,false,POS,GTQ,ropa,21
TX-02377,33881.05,2023-07-21,Officia ab molestias.,aprobada,false,ATM,GTQ,transporte,2
TX-02378,8201.1,2024-06-02,Reiciendis consectetur quis.,rechazada,false,app_movil,GTQ,salud,0
TX-02379,39438.08,2024-04-01,Fugit in quod veniam.,aprobada,false,app_movil,GTQ,entretenimiento,18
TX-02380,5521.07,2024-01-25,Consequatur iusto.,aprobada,false,transferencia,GTQ,viajes,23
TX-02381,26116.85,2023-12-16,Facilis accusamus assumenda veniam.,aprobada,false,ATM,GTQ,retiro_efectivo,11
TX-02382,9859.47,2023-08-09,Praesentium officiis officiis quae dignissimos.,revertida,false,online,GTQ,ropa,21
TX-02383,765.17,2024-04-03,Nesciunt atque iusto.,aprobada,false,app_movil,GTQ,educacion,9
TX-02384,30507.91,2023-06-05,Quasi quas corporis.,aprobada,false,app_movil,GTQ,viajes,6
TX-02385,20372.24,2024-03-25,Hic doloremque.,aprobada,false,app_movil,GTQ,transferencia,11
TX-02386,6244.02,2023-09-06,Rerum harum neque.,rechazada,false,POS,USD,educacion,12
TX-02387,25306.87,2024-09-03,Molestiae eum.,aprobada,false,POS,GTQ,ropa,2
TX-02388,6310.7,2023-04-17,Consequatur voluptatum illo.,aprobada,false,transferencia,GTQ,entretenimiento,21
TX-02389,15570.71,2023-09-15,Sit consequuntur voluptate quisquam.,aprobada,false,app_movil,GTQ,viajes,7
TX-02390,22576.38,2024-10-27,Mollitia corrupti reiciendis accusantium libero.,rechazada,false,POS,GTQ,educacion,21
TX-02391,15303.81,2023-08-06,Iure quisquam corporis.,aprobada,false,POS,USD,servicios,9
TX-02392,1013.32,2024-01-04,Iure doloremque cum reiciendis.,aprobada,false,online,GTQ,transporte,5
TX-02393,34247.24,2023-11-02,Inventore ullam ullam illum voluptate.,aprobada,false,POS,USD,ropa,12
TX-02394,23763.76,2024-06-14,Neque architecto.,pendiente,false,ATM,GTQ,transferencia,6
TX-02395,31468.21,2024-06-02,Quidem animi molestiae odio.,aprobada,false,online,GTQ,transferencia,2
TX-02396,18723.19,2024-10-19,Nostrum nisi.,aprobada,false,POS,GTQ,educacion,18
TX-02397,29147.91,2023-04-12,Cumque voluptate.,pendiente,false,POS,GTQ,ropa,9
TX-02398,24321.96,2023-08-06,Officiis impedit incidunt numquam.,aprobada,false,ATM,GTQ,alimentacion,17
TX-02399,29742.41,2024-03-12,Numquam enim officiis molestiae.,revertida,false,app_movil,USD,retiro_efectivo,5
TX-02400,44740.81,2024-06-15,Rem aliquid dolores aliquam.,aprobada,false,online,USD,viajes,7
TX-02401,7004.64,2024-04-24,Autem deleniti dolor.,rechazada,false,online,USD,salud,16
TX-02402,30211.03,2024-04-11,Eum pariatur dicta.,aprobada,false,POS,USD,educacion,19
TX-02403,12544.55,2023-01-04,Laudantium harum ratione.,aprobada,false,app_movil,GTQ,alimentacion,8
TX-02404,17887.3,2023-05-08,Alias vero excepturi a.,aprobada,false,POS,GTQ,transferencia,8
TX-02405,23975.62,2023-08-05,Ipsa cupiditate architecto dolorem.,aprobada,false,POS,GTQ,entretenimiento,16
TX-02406,35727.71,2023-05-23,Illum delectus.,aprobada,false,app_movil,USD,servicios,7
TX-02407,11106.92,2024-03-12,Sapiente nulla architecto consectetur harum.,aprobada,false,ATM,GTQ,ropa,15
TX-02408,45840.82,2024-01-31,Exercitationem impedit ratione.,aprobada,false,ATM,USD,ropa,4
TX-02409,11698.86,2023-08-04,Tempore totam reiciendis.,aprobada,false,online,GTQ,entretenimiento,14
TX-02410,29489.37,2023-02-23,Illo qui libero.,aprobada,false,online,USD,ropa,8
TX-02411,44432.42,2023-11-09,Doloribus a soluta odit.,rechazada,false,transferencia,USD,transporte,14
TX-02412,29374.41,2023-10-31,Neque iusto velit non inventore.,aprobada,false,online,GTQ,alimentacion,19
TX-02413,1284.82,2024-07-29,Repudiandae dolorum culpa soluta pariatur.,aprobada,false,POS,GTQ,servicios,22
TX-02414,35035.84,2023-04-02,Maxime accusamus eius impedit.,aprobada,false,online,GTQ,salud,0
TX-02415,4565.48,2023-03-12,Libero soluta fugit iusto.,aprobada,false,app_movil,GTQ,transporte,9
TX-02416,21000.27,2023-02-20,Laborum perferendis ratione quae.,aprobada,false,app_movil,USD,entretenimiento,11
TX-02417,21406.6,2023-02-13,Expedita et.,aprobada,false,online,GTQ,retiro_efectivo,5
TX-02418,9165.76,2023-07-13,Tenetur cupiditate culpa molestiae.,rechazada,false,transferencia,GTQ,salud,21
TX-02419,45661.3,2023-07-12,Esse tempore mollitia.,aprobada,false,app_movil,GTQ,transferencia,19
TX-02420,18370.46,2024-07-29,Rerum earum.,aprobada,false,transferencia,GTQ,entretenimiento,9
TX-02421,43361.04,2023-11-26,Aliquid cumque harum.,aprobada,false,app_movil,GTQ,educacion,8
TX-02422,19913.48,2023-11-19,Numquam ipsum quidem.,aprobada,false,app_movil,GTQ,retiro_efectivo,11
TX-02423,44367.24,2024-11-18,Voluptatibus laudantium.,rechazada,false,transferencia,GTQ,viajes,21
TX-02424,24527.73,2024-03-09,Veniam sapiente.,aprobada,false,ATM,GTQ,servicios,13
TX-02425,172.62,2023-06-21,Enim nam nisi beatae.,aprobada,false,POS,GTQ,transporte,23
TX-02426,17828.3,2023-08-04,Esse distinctio temporibus.,aprobada,false,transferencia,GTQ,educacion,15
TX-02427,36857.3,2023-08-08,Ea blanditiis iste dolorum.,aprobada,false,online,USD,ropa,9
TX-02428,14434.04,2024-06-02,Adipisci quo quod.,aprobada,false,online,GTQ,salud,14
TX-02429,28100.77,2023-05-11,Quam eveniet corporis accusantium.,aprobada,false,transferencia,GTQ,ropa,6
TX-02430,31166.62,2023-07-16,Corrupti quos veniam consectetur.,rechazada,false,ATM,USD,salud,1
TX-02431,48223.98,2023-12-27,Similique est.,pendiente,false,online,GTQ,salud,5
TX-02432,21004.64,2023-01-22,Architecto numquam nobis debitis tempore.,aprobada,false,online,USD,viajes,12
TX-02433,28258.07,2024-12-30,Quam facere nostrum culpa.,revertida,false,transferencia,USD,entretenimiento,20
TX-02434,5109.3,2024-01-02,Totam iure consequuntur facilis.,revertida,false,online,GTQ,ropa,15
TX-02435,27281.69,2024-11-11,Asperiores vel iure.,aprobada,false,POS,USD,alimentacion,0
TX-02436,8983.74,2023-04-16,Commodi velit eos illo.,rechazada,false,POS,USD,salud,5
TX-02437,8951.54,2024-03-03,Voluptate minus omnis aperiam porro.,aprobada,false,online,GTQ,salud,3
TX-02438,17760.93,2023-09-23,Odio deserunt dolores commodi.,aprobada,false,ATM,GTQ,entretenimiento,17
TX-02439,31399.18,2024-02-27,Occaecati dolorum.,pendiente,false,app_movil,USD,entretenimiento,7
TX-02440,10153.59,2024-05-01,Ab doloremque tempora.,aprobada,false,online,GTQ,alimentacion,10
TX-02441,19644.34,2024-07-10,Necessitatibus temporibus.,aprobada,false,POS,USD,servicios,19
TX-02442,33952.91,2024-10-16,Accusantium commodi at hic aperiam.,aprobada,false,POS,GTQ,transferencia,2
TX-02443,26841.27,2023-07-10,Voluptate corrupti ducimus nostrum voluptatum.,aprobada,false,ATM,GTQ,entretenimiento,13
TX-02444,16891.28,2023-10-03,Quas illo recusandae veniam.,aprobada,false,app_movil,GTQ,alimentacion,6
TX-02445,28135.89,2023-07-12,Doloremque quidem.,aprobada,false,app_movil,GTQ,ropa,23
TX-02446,12374.61,2023-07-25,Aut similique.,aprobada,false,transferencia,USD,transporte,14
TX-02447,6890.92,2024-07-26,Odio voluptates dolores error.,aprobada,false,online,USD,viajes,10
TX-02448,19053.92,2023-07-06,Saepe recusandae quaerat voluptatibus.,aprobada,false,ATM,USD,ropa,20
TX-02449,29168.14,2023-01-15,Reprehenderit dolores nihil a.,aprobada,false,POS,GTQ,transferencia,21
TX-02450,48911.13,2024-09-06,Officiis ut aliquam.,aprobada,false,transferencia,USD,alimentacion,19
TX-02451,24777.21,2024-08-05,Amet corrupti iure quo.,aprobada,false,transferencia,USD,transferencia,13
TX-02452,33397.41,2023-04-21,Non numquam voluptates laudantium.,aprobada,false,transferencia,USD,transporte,6
TX-02453,28102.36,2024-11-29,Perspiciatis molestias.,pendiente,false,transferencia,GTQ,viajes,9
TX-02454,4182.74,2024-12-13,Nisi voluptatem iste velit.,aprobada,false,ATM,GTQ,alimentacion,21
TX-02455,16849.19,2024-05-21,Quibusdam inventore temporibus.,aprobada,false,POS,USD,ropa,11
TX-02456,44933.41,2024-04-08,Numquam harum vel illum.,aprobada,false,app_movil,GTQ,salud,6
TX-02457,6536.96,2024-08-30,Earum magnam consequuntur neque.,aprobada,false,app_movil,GTQ,viajes,1
TX-02458,40466.27,2024-06-29,Minus odit.,revertida,false,transferencia,GTQ,retiro_efectivo,13
TX-02459,3489.18,2024-01-30,Tenetur cumque neque porro inventore.,rechazada,false,online,GTQ,transporte,6
TX-02460,43162.97,2023-03-28,Cumque aliquid.,aprobada,false,app_movil,GTQ,transferencia,11
TX-02461,39355.19,2024-02-17,Cum tempora sint fugiat.,aprobada,false,app_movil,USD,educacion,6
TX-02462,17002.26,2024-03-25,Consectetur earum architecto.,aprobada,false,POS,GTQ,alimentacion,0
TX-02463,38629.27,2024-04-17,Nisi tempore.,pendiente,false,POS,GTQ,viajes,21
TX-02464,38168.63,2024-07-15,Pariatur ducimus pariatur quidem cupiditate.,aprobada,false,transferencia,GTQ,servicios,18
TX-02465,14976.66,2023-09-19,Aperiam voluptatem reiciendis iste.,aprobada,false,online,USD,salud,16
TX-02466,38459.36,2023-06-21,Optio nobis.,aprobada,false,transferencia,USD,entretenimiento,8
TX-02467,2278.24,2023-05-23,Quam praesentium explicabo.,aprobada,false,transferencia,GTQ,alimentacion,13
TX-02468,27582.3,2024-11-29,Nemo at distinctio delectus eaque.,rechazada,false,transferencia,GTQ,transferencia,3
TX-02469,5780.58,2023-05-08,Eligendi inventore illo nesciunt deleniti.,pendiente,false,transferencia,USD,educacion,18
TX-02470,17920.08,2023-03-03,Quia dicta tempore sequi.,aprobada,false,online,GTQ,alimentacion,0
TX-02471,13319.31,2024-10-06,Qui optio labore.,aprobada,false,ATM,GTQ,entretenimiento,21
TX-02472,39182.07,2023-09-18,Repudiandae voluptatum dolor aliquid voluptatibus.,revertida,false,app_movil,GTQ,entretenimiento,7
TX-02473,22617.22,2023-11-24,Recusandae accusamus cum dolorum.,aprobada,false,app_movil,GTQ,salud,9
TX-02474,17035.19,2024-09-06,Vitae earum.,aprobada,false,ATM,USD,viajes,9
TX-02475,12682.71,2024-07-03,Nesciunt soluta eligendi.,aprobada,false,online,USD,servicios,4
TX-02476,18376.92,2023-08-31,Voluptatem ipsam suscipit itaque.,aprobada,false,online,USD,viajes,4
TX-02477,9295.36,2024-03-18,Fugiat totam fugit dolorem at.,aprobada,false,online,GTQ,entretenimiento,20
TX-02478,32379.34,2023-04-15,Voluptates aut occaecati delectus.,aprobada,false,POS,GTQ,educacion,17
TX-02479,6155.26,2023-09-23,Quod ipsam tenetur quae neque.,rechazada,false,app_movil,USD,retiro_efectivo,12
TX-02480,8078.25,2024-09-14,Molestiae amet doloribus.,aprobada,false,app_movil,USD,servicios,0
TX-02481,21771.74,2023-09-10,Odio repellendus dolores facilis.,aprobada,false,POS,GTQ,transporte,19
TX-02482,3879.68,2024-04-25,Dolore illo sit.,rechazada,false,online,GTQ,salud,19
TX-02483,6772.41,2023-12-25,Quam alias quasi ullam.,aprobada,false,app_movil,USD,salud,1
TX-02484,26573.88,2023-02-22,Assumenda animi doloremque.,aprobada,false,app_movil,GTQ,salud,0
TX-02485,27521.53,2023-07-04,Maxime cupiditate libero.,aprobada,false,app_movil,USD,salud,11
TX-02486,1783.61,2023-04-28,Labore maxime nemo.,aprobada,false,app_movil,GTQ,salud,4
TX-02487,46248.71,2023-07-10,Vitae cupiditate possimus.,aprobada,false,POS,GTQ,viajes,6
TX-02488,22257.52,2023-09-15,Suscipit molestiae facere.,aprobada,false,app_movil,USD,transporte,8
TX-02489,46149.27,2024-01-01,Soluta pariatur vel aliquid.,aprobada,false,ATM,GTQ,viajes,2
TX-02490,49346.3,2024-12-09,Odio quidem tempore nulla accusantium.,aprobada,false,transferencia,GTQ,entretenimiento,9
TX-02491,4354.73,2023-11-06,At illum ad.,aprobada,false,app_movil,USD,alimentacion,6
TX-02492,49840.46,2024-10-19,Cum a amet tempora.,aprobada,false,transferencia,USD,educacion,0
TX-02493,3812.95,2024-01-26,Laborum nobis ex est.,aprobada,false,POS,GTQ,salud,7
TX-02494,24812.01,2023-08-01,Voluptatem cum qui sunt.,rechazada,false,app_movil,GTQ,viajes,13
TX-02495,4182.64,2023-11-05,Repudiandae aspernatur iusto sit.,pendiente,false,ATM,GTQ,entretenimiento,10
TX-02496,6968.89,2023-11-29,Delectus architecto.,aprobada,false,ATM,GTQ,educacion,6
TX-02497,9356.47,2024-09-01,Dolore possimus.,aprobada,false,online,GTQ,transferencia,23
TX-02498,42444.04,2023-12-30,Aliquam alias.,aprobada,false,online,USD,servicios,19
TX-02499,11068.1,2023-06-30,Ab veniam tempore quisquam.,aprobada,false,ATM,GTQ,transferencia,20
TX-02500,335.73,2024-03-19,Quia nesciunt possimus.,aprobada,false,app_movil,GTQ,entretenimiento,9
